TORCHFORT::WANDB: model: critic_0, step: 1, train_loss: 23.5841
TORCHFORT::WANDB: model: critic_0, step: 1, train_lr: 0.0001
TORCHFORT::WANDB: model: actor, step: 1, train_loss: -5.12556
TORCHFORT::WANDB: model: actor, step: 1, train_lr: 0.0001
TORCHFORT::WANDB: model: alpha, step: 1, train_loss: -2.70406
TORCHFORT::WANDB: model: alpha, step: 1, train_lr: 0.0001
TORCHFORT::WANDB: model: critic_0, step: 2, train_loss: 23.1543
TORCHFORT::WANDB: model: critic_0, step: 2, train_lr: 0.0001
TORCHFORT::WANDB: model: actor, step: 2, train_loss: -5.08517
TORCHFORT::WANDB: model: actor, step: 2, train_lr: 0.0001
TORCHFORT::WANDB: model: alpha, step: 2, train_loss: -2.65049
TORCHFORT::WANDB: model: alpha, step: 2, train_lr: 0.0001
TORCHFORT::WANDB: model: critic_0, step: 3, train_loss: 22.7288
TORCHFORT::WANDB: model: critic_0, step: 3, train_lr: 0.0001
TORCHFORT::WANDB: model: actor, step: 3, train_loss: -5.03577
TORCHFORT::WANDB: model: actor, step: 3, train_lr: 0.0001
TORCHFORT::WANDB: model: alpha, step: 3, train_loss: -2.70161
TORCHFORT::WANDB: model: alpha, step: 3, train_lr: 0.0001
TORCHFORT::WANDB: model: critic_0, step: 4, train_loss: 22.3077
TORCHFORT::WANDB: model: critic_0, step: 4, train_lr: 0.000100001
TORCHFORT::WANDB: model: actor, step: 4, train_loss: -5.00549
TORCHFORT::WANDB: model: actor, step: 4, train_lr: 0.000100001
TORCHFORT::WANDB: model: alpha, step: 4, train_loss: -2.68221
TORCHFORT::WANDB: model: alpha, step: 4, train_lr: 0.0001
TORCHFORT::WANDB: model: critic_0, step: 5, train_loss: 21.8968
TORCHFORT::WANDB: model: critic_0, step: 5, train_lr: 0.000100001
TORCHFORT::WANDB: model: actor, step: 5, train_loss: -4.95653
TORCHFORT::WANDB: model: actor, step: 5, train_lr: 0.000100001
TORCHFORT::WANDB: model: alpha, step: 5, train_loss: -2.64946
TORCHFORT::WANDB: model: alpha, step: 5, train_lr: 0.0001
TORCHFORT::WANDB: model: critic_0, step: 6, train_loss: 21.4908
TORCHFORT::WANDB: model: critic_0, step: 6, train_lr: 0.000100002
TORCHFORT::WANDB: model: actor, step: 6, train_loss: -4.91605
TORCHFORT::WANDB: model: actor, step: 6, train_lr: 0.000100002
TORCHFORT::WANDB: model: alpha, step: 6, train_loss: -2.6843
TORCHFORT::WANDB: model: alpha, step: 6, train_lr: 0.0001
TORCHFORT::WANDB: model: critic_0, step: 7, train_loss: 21.0889
TORCHFORT::WANDB: model: critic_0, step: 7, train_lr: 0.000100003
TORCHFORT::WANDB: model: actor, step: 7, train_loss: -4.87806
TORCHFORT::WANDB: model: actor, step: 7, train_lr: 0.000100003
TORCHFORT::WANDB: model: alpha, step: 7, train_loss: -2.69282
TORCHFORT::WANDB: model: alpha, step: 7, train_lr: 0.0001
TORCHFORT::WANDB: model: critic_0, step: 8, train_loss: 20.6913
TORCHFORT::WANDB: model: critic_0, step: 8, train_lr: 0.000100004
TORCHFORT::WANDB: model: actor, step: 8, train_loss: -4.82617
TORCHFORT::WANDB: model: actor, step: 8, train_lr: 0.000100004
TORCHFORT::WANDB: model: alpha, step: 8, train_loss: -2.69077
TORCHFORT::WANDB: model: alpha, step: 8, train_lr: 0.0001
TORCHFORT::WANDB: model: critic_0, step: 9, train_loss: 20.2981
TORCHFORT::WANDB: model: critic_0, step: 9, train_lr: 0.000100006
TORCHFORT::WANDB: model: actor, step: 9, train_loss: -4.78823
TORCHFORT::WANDB: model: actor, step: 9, train_lr: 0.000100006
TORCHFORT::WANDB: model: alpha, step: 9, train_loss: -2.63907
TORCHFORT::WANDB: model: alpha, step: 9, train_lr: 0.0001
TORCHFORT::WANDB: model: critic_0, step: 10, train_loss: 19.9092
TORCHFORT::WANDB: model: critic_0, step: 10, train_lr: 0.000100007
TORCHFORT::WANDB: model: actor, step: 10, train_loss: -4.75135
TORCHFORT::WANDB: model: actor, step: 10, train_lr: 0.000100007
TORCHFORT::WANDB: model: alpha, step: 10, train_loss: -2.70048
TORCHFORT::WANDB: model: alpha, step: 10, train_lr: 0.0001
TORCHFORT::WANDB: model: critic_0, step: 11, train_loss: 19.5247
TORCHFORT::WANDB: model: critic_0, step: 11, train_lr: 0.000100009
TORCHFORT::WANDB: model: actor, step: 11, train_loss: -4.70522
TORCHFORT::WANDB: model: actor, step: 11, train_lr: 0.000100009
TORCHFORT::WANDB: model: alpha, step: 11, train_loss: -2.68981
TORCHFORT::WANDB: model: alpha, step: 11, train_lr: 0.0001
TORCHFORT::WANDB: model: critic_0, step: 12, train_loss: 19.1532
TORCHFORT::WANDB: model: critic_0, step: 12, train_lr: 0.000100011
TORCHFORT::WANDB: model: actor, step: 12, train_loss: -4.6604
TORCHFORT::WANDB: model: actor, step: 12, train_lr: 0.000100011
TORCHFORT::WANDB: model: alpha, step: 12, train_loss: -2.67973
TORCHFORT::WANDB: model: alpha, step: 12, train_lr: 0.0001
TORCHFORT::WANDB: model: critic_0, step: 13, train_loss: 18.7903
TORCHFORT::WANDB: model: critic_0, step: 13, train_lr: 0.000100013
TORCHFORT::WANDB: model: actor, step: 13, train_loss: -4.62084
TORCHFORT::WANDB: model: actor, step: 13, train_lr: 0.000100013
TORCHFORT::WANDB: model: alpha, step: 13, train_loss: -2.69327
TORCHFORT::WANDB: model: alpha, step: 13, train_lr: 0.0001
TORCHFORT::WANDB: model: critic_0, step: 14, train_loss: 18.4316
TORCHFORT::WANDB: model: critic_0, step: 14, train_lr: 0.000100015
TORCHFORT::WANDB: model: actor, step: 14, train_loss: -4.58621
TORCHFORT::WANDB: model: actor, step: 14, train_lr: 0.000100015
TORCHFORT::WANDB: model: alpha, step: 14, train_loss: -2.6822
TORCHFORT::WANDB: model: alpha, step: 14, train_lr: 0.0001
TORCHFORT::WANDB: model: critic_0, step: 15, train_loss: 18.0771
TORCHFORT::WANDB: model: critic_0, step: 15, train_lr: 0.000100017
TORCHFORT::WANDB: model: actor, step: 15, train_loss: -4.54095
TORCHFORT::WANDB: model: actor, step: 15, train_lr: 0.000100017
TORCHFORT::WANDB: model: alpha, step: 15, train_loss: -2.68648
TORCHFORT::WANDB: model: alpha, step: 15, train_lr: 0.0001
TORCHFORT::WANDB: model: critic_0, step: 16, train_loss: 17.7269
TORCHFORT::WANDB: model: critic_0, step: 16, train_lr: 0.00010002
TORCHFORT::WANDB: model: actor, step: 16, train_loss: -4.49468
TORCHFORT::WANDB: model: actor, step: 16, train_lr: 0.00010002
TORCHFORT::WANDB: model: alpha, step: 16, train_loss: -2.66813
TORCHFORT::WANDB: model: alpha, step: 16, train_lr: 0.0001
TORCHFORT::WANDB: model: critic_0, step: 17, train_loss: 17.381
TORCHFORT::WANDB: model: critic_0, step: 17, train_lr: 0.000100023
TORCHFORT::WANDB: model: actor, step: 17, train_loss: -4.45841
TORCHFORT::WANDB: model: actor, step: 17, train_lr: 0.000100023
TORCHFORT::WANDB: model: alpha, step: 17, train_loss: -2.64506
TORCHFORT::WANDB: model: alpha, step: 17, train_lr: 0.0001
TORCHFORT::WANDB: model: critic_0, step: 18, train_loss: 17.0394
TORCHFORT::WANDB: model: critic_0, step: 18, train_lr: 0.000100026
TORCHFORT::WANDB: model: actor, step: 18, train_loss: -4.41445
TORCHFORT::WANDB: model: actor, step: 18, train_lr: 0.000100026
TORCHFORT::WANDB: model: alpha, step: 18, train_loss: -2.63957
TORCHFORT::WANDB: model: alpha, step: 18, train_lr: 0.0001
TORCHFORT::WANDB: model: critic_0, step: 19, train_loss: 16.7021
TORCHFORT::WANDB: model: critic_0, step: 19, train_lr: 0.000100029
TORCHFORT::WANDB: model: actor, step: 19, train_loss: -4.37576
TORCHFORT::WANDB: model: actor, step: 19, train_lr: 0.000100029
TORCHFORT::WANDB: model: alpha, step: 19, train_loss: -2.6739
TORCHFORT::WANDB: model: alpha, step: 19, train_lr: 0.0001
TORCHFORT::WANDB: model: critic_0, step: 20, train_loss: 16.3692
TORCHFORT::WANDB: model: critic_0, step: 20, train_lr: 0.000100032
TORCHFORT::WANDB: model: actor, step: 20, train_loss: -4.33729
TORCHFORT::WANDB: model: actor, step: 20, train_lr: 0.000100032
TORCHFORT::WANDB: model: alpha, step: 20, train_loss: -2.75708
TORCHFORT::WANDB: model: alpha, step: 20, train_lr: 0.0001
TORCHFORT::WANDB: model: critic_0, step: 21, train_loss: 16.0406
TORCHFORT::WANDB: model: critic_0, step: 21, train_lr: 0.000100036
TORCHFORT::WANDB: model: actor, step: 21, train_loss: -4.29739
TORCHFORT::WANDB: model: actor, step: 21, train_lr: 0.000100036
TORCHFORT::WANDB: model: alpha, step: 21, train_loss: -2.68172
TORCHFORT::WANDB: model: alpha, step: 21, train_lr: 0.0001
TORCHFORT::WANDB: model: critic_0, step: 22, train_loss: 15.7172
TORCHFORT::WANDB: model: critic_0, step: 22, train_lr: 0.000100039
TORCHFORT::WANDB: model: actor, step: 22, train_loss: -4.252
TORCHFORT::WANDB: model: actor, step: 22, train_lr: 0.000100039
TORCHFORT::WANDB: model: alpha, step: 22, train_loss: -2.70379
TORCHFORT::WANDB: model: alpha, step: 22, train_lr: 0.0001
TORCHFORT::WANDB: model: critic_0, step: 23, train_loss: 15.399
TORCHFORT::WANDB: model: critic_0, step: 23, train_lr: 0.000100043
TORCHFORT::WANDB: model: actor, step: 23, train_loss: -4.21967
TORCHFORT::WANDB: model: actor, step: 23, train_lr: 0.000100043
TORCHFORT::WANDB: model: alpha, step: 23, train_loss: -2.63395
TORCHFORT::WANDB: model: alpha, step: 23, train_lr: 0.0001
TORCHFORT::WANDB: model: critic_0, step: 24, train_loss: 15.0844
TORCHFORT::WANDB: model: critic_0, step: 24, train_lr: 0.000100047
TORCHFORT::WANDB: model: actor, step: 24, train_loss: -4.17559
TORCHFORT::WANDB: model: actor, step: 24, train_lr: 0.000100047
TORCHFORT::WANDB: model: alpha, step: 24, train_loss: -2.64848
TORCHFORT::WANDB: model: alpha, step: 24, train_lr: 0.0001
TORCHFORT::WANDB: model: critic_0, step: 25, train_loss: 14.7735
TORCHFORT::WANDB: model: critic_0, step: 25, train_lr: 0.000100051
TORCHFORT::WANDB: model: actor, step: 25, train_loss: -4.13238
TORCHFORT::WANDB: model: actor, step: 25, train_lr: 0.000100051
TORCHFORT::WANDB: model: alpha, step: 25, train_loss: -2.68846
TORCHFORT::WANDB: model: alpha, step: 25, train_lr: 0.0001
TORCHFORT::WANDB: model: critic_0, step: 26, train_loss: 14.4669
TORCHFORT::WANDB: model: critic_0, step: 26, train_lr: 0.000100056
TORCHFORT::WANDB: model: actor, step: 26, train_loss: -4.09656
TORCHFORT::WANDB: model: actor, step: 26, train_lr: 0.000100056
TORCHFORT::WANDB: model: alpha, step: 26, train_loss: -2.61968
TORCHFORT::WANDB: model: alpha, step: 26, train_lr: 0.0001
TORCHFORT::WANDB: model: critic_0, step: 27, train_loss: 14.1658
TORCHFORT::WANDB: model: critic_0, step: 27, train_lr: 0.00010006
TORCHFORT::WANDB: model: actor, step: 27, train_loss: -4.05754
TORCHFORT::WANDB: model: actor, step: 27, train_lr: 0.00010006
TORCHFORT::WANDB: model: alpha, step: 27, train_loss: -2.72607
TORCHFORT::WANDB: model: alpha, step: 27, train_lr: 0.0001
TORCHFORT::WANDB: model: critic_0, step: 28, train_loss: 13.8689
TORCHFORT::WANDB: model: critic_0, step: 28, train_lr: 0.000100065
TORCHFORT::WANDB: model: actor, step: 28, train_loss: -4.01769
TORCHFORT::WANDB: model: actor, step: 28, train_lr: 0.000100065
TORCHFORT::WANDB: model: alpha, step: 28, train_loss: -2.61812
TORCHFORT::WANDB: model: alpha, step: 28, train_lr: 0.0001
TORCHFORT::WANDB: model: critic_0, step: 29, train_loss: 13.5762
TORCHFORT::WANDB: model: critic_0, step: 29, train_lr: 0.00010007
TORCHFORT::WANDB: model: actor, step: 29, train_loss: -3.975
TORCHFORT::WANDB: model: actor, step: 29, train_lr: 0.00010007
TORCHFORT::WANDB: model: alpha, step: 29, train_loss: -2.69482
TORCHFORT::WANDB: model: alpha, step: 29, train_lr: 0.0001
TORCHFORT::WANDB: model: critic_0, step: 30, train_loss: 13.2878
TORCHFORT::WANDB: model: critic_0, step: 30, train_lr: 0.000100075
TORCHFORT::WANDB: model: actor, step: 30, train_loss: -3.9329
TORCHFORT::WANDB: model: actor, step: 30, train_lr: 0.000100075
TORCHFORT::WANDB: model: alpha, step: 30, train_loss: -2.68698
TORCHFORT::WANDB: model: alpha, step: 30, train_lr: 0.0001
TORCHFORT::WANDB: model: critic_0, step: 31, train_loss: 13.0037
TORCHFORT::WANDB: model: critic_0, step: 31, train_lr: 0.00010008
TORCHFORT::WANDB: model: actor, step: 31, train_loss: -3.90195
TORCHFORT::WANDB: model: actor, step: 31, train_lr: 0.00010008
TORCHFORT::WANDB: model: alpha, step: 31, train_loss: -2.70609
TORCHFORT::WANDB: model: alpha, step: 31, train_lr: 0.0001
TORCHFORT::WANDB: model: critic_0, step: 32, train_loss: 12.7237
TORCHFORT::WANDB: model: critic_0, step: 32, train_lr: 0.000100085
TORCHFORT::WANDB: model: actor, step: 32, train_loss: -3.86184
TORCHFORT::WANDB: model: actor, step: 32, train_lr: 0.000100085
TORCHFORT::WANDB: model: alpha, step: 32, train_loss: -2.6491
TORCHFORT::WANDB: model: alpha, step: 32, train_lr: 0.0001
TORCHFORT::WANDB: model: critic_0, step: 33, train_loss: 12.4487
TORCHFORT::WANDB: model: critic_0, step: 33, train_lr: 0.000100091
TORCHFORT::WANDB: model: actor, step: 33, train_loss: -3.82253
TORCHFORT::WANDB: model: actor, step: 33, train_lr: 0.000100091
TORCHFORT::WANDB: model: alpha, step: 33, train_loss: -2.66661
TORCHFORT::WANDB: model: alpha, step: 33, train_lr: 0.0001
TORCHFORT::WANDB: model: critic_0, step: 34, train_loss: 12.1778
TORCHFORT::WANDB: model: critic_0, step: 34, train_lr: 0.000100097
TORCHFORT::WANDB: model: actor, step: 34, train_loss: -3.78376
TORCHFORT::WANDB: model: actor, step: 34, train_lr: 0.000100097
TORCHFORT::WANDB: model: alpha, step: 34, train_loss: -2.65485
TORCHFORT::WANDB: model: alpha, step: 34, train_lr: 0.0001
TORCHFORT::WANDB: model: critic_0, step: 35, train_loss: 11.9106
TORCHFORT::WANDB: model: critic_0, step: 35, train_lr: 0.000100103
TORCHFORT::WANDB: model: actor, step: 35, train_loss: -3.74912
TORCHFORT::WANDB: model: actor, step: 35, train_lr: 0.000100103
TORCHFORT::WANDB: model: alpha, step: 35, train_loss: -2.66774
TORCHFORT::WANDB: model: alpha, step: 35, train_lr: 0.0001
TORCHFORT::WANDB: model: critic_0, step: 36, train_loss: 11.6481
TORCHFORT::WANDB: model: critic_0, step: 36, train_lr: 0.000100109
TORCHFORT::WANDB: model: actor, step: 36, train_loss: -3.70543
TORCHFORT::WANDB: model: actor, step: 36, train_lr: 0.000100109
TORCHFORT::WANDB: model: alpha, step: 36, train_loss: -2.68538
TORCHFORT::WANDB: model: alpha, step: 36, train_lr: 0.0001
TORCHFORT::WANDB: model: critic_0, step: 37, train_loss: 11.39
TORCHFORT::WANDB: model: critic_0, step: 37, train_lr: 0.000100115
TORCHFORT::WANDB: model: actor, step: 37, train_loss: -3.67447
TORCHFORT::WANDB: model: actor, step: 37, train_lr: 0.000100115
TORCHFORT::WANDB: model: alpha, step: 37, train_loss: -2.69039
TORCHFORT::WANDB: model: alpha, step: 37, train_lr: 0.0001
TORCHFORT::WANDB: model: critic_0, step: 38, train_loss: 11.1359
TORCHFORT::WANDB: model: critic_0, step: 38, train_lr: 0.000100122
TORCHFORT::WANDB: model: actor, step: 38, train_loss: -3.63812
TORCHFORT::WANDB: model: actor, step: 38, train_lr: 0.000100122
TORCHFORT::WANDB: model: alpha, step: 38, train_loss: -2.69982
TORCHFORT::WANDB: model: alpha, step: 38, train_lr: 0.0001
TORCHFORT::WANDB: model: critic_0, step: 39, train_loss: 10.8859
TORCHFORT::WANDB: model: critic_0, step: 39, train_lr: 0.000100128
TORCHFORT::WANDB: model: actor, step: 39, train_loss: -3.59624
TORCHFORT::WANDB: model: actor, step: 39, train_lr: 0.000100128
TORCHFORT::WANDB: model: alpha, step: 39, train_loss: -2.61833
TORCHFORT::WANDB: model: alpha, step: 39, train_lr: 0.0001
TORCHFORT::WANDB: model: critic_0, step: 40, train_loss: 10.6398
TORCHFORT::WANDB: model: critic_0, step: 40, train_lr: 0.000100135
TORCHFORT::WANDB: model: actor, step: 40, train_loss: -3.55785
TORCHFORT::WANDB: model: actor, step: 40, train_lr: 0.000100135
TORCHFORT::WANDB: model: alpha, step: 40, train_loss: -2.62994
TORCHFORT::WANDB: model: alpha, step: 40, train_lr: 0.0001
TORCHFORT::WANDB: model: critic_0, step: 41, train_loss: 10.3978
TORCHFORT::WANDB: model: critic_0, step: 41, train_lr: 0.000100142
TORCHFORT::WANDB: model: actor, step: 41, train_loss: -3.52549
TORCHFORT::WANDB: model: actor, step: 41, train_lr: 0.000100142
TORCHFORT::WANDB: model: alpha, step: 41, train_loss: -2.69998
TORCHFORT::WANDB: model: alpha, step: 41, train_lr: 0.0001
TORCHFORT::WANDB: model: critic_0, step: 42, train_loss: 10.1599
TORCHFORT::WANDB: model: critic_0, step: 42, train_lr: 0.000100149
TORCHFORT::WANDB: model: actor, step: 42, train_loss: -3.4832
TORCHFORT::WANDB: model: actor, step: 42, train_lr: 0.000100149
TORCHFORT::WANDB: model: alpha, step: 42, train_loss: -2.65861
TORCHFORT::WANDB: model: alpha, step: 42, train_lr: 0.0001
TORCHFORT::WANDB: model: critic_0, step: 43, train_loss: 9.92628
TORCHFORT::WANDB: model: critic_0, step: 43, train_lr: 0.000100157
TORCHFORT::WANDB: model: actor, step: 43, train_loss: -3.45233
TORCHFORT::WANDB: model: actor, step: 43, train_lr: 0.000100157
TORCHFORT::WANDB: model: alpha, step: 43, train_loss: -2.70134
TORCHFORT::WANDB: model: alpha, step: 43, train_lr: 0.0001
TORCHFORT::WANDB: model: critic_0, step: 44, train_loss: 9.69641
TORCHFORT::WANDB: model: critic_0, step: 44, train_lr: 0.000100164
TORCHFORT::WANDB: model: actor, step: 44, train_loss: -3.41343
TORCHFORT::WANDB: model: actor, step: 44, train_lr: 0.000100164
TORCHFORT::WANDB: model: alpha, step: 44, train_loss: -2.67556
TORCHFORT::WANDB: model: alpha, step: 44, train_lr: 0.0001
TORCHFORT::WANDB: model: critic_0, step: 45, train_loss: 9.47066
TORCHFORT::WANDB: model: critic_0, step: 45, train_lr: 0.000100172
TORCHFORT::WANDB: model: actor, step: 45, train_loss: -3.38066
TORCHFORT::WANDB: model: actor, step: 45, train_lr: 0.000100172
TORCHFORT::WANDB: model: alpha, step: 45, train_loss: -2.62256
TORCHFORT::WANDB: model: alpha, step: 45, train_lr: 0.0001
TORCHFORT::WANDB: model: critic_0, step: 46, train_loss: 9.24873
TORCHFORT::WANDB: model: critic_0, step: 46, train_lr: 0.00010018
TORCHFORT::WANDB: model: actor, step: 46, train_loss: -3.34426
TORCHFORT::WANDB: model: actor, step: 46, train_lr: 0.00010018
TORCHFORT::WANDB: model: alpha, step: 46, train_loss: -2.76748
TORCHFORT::WANDB: model: alpha, step: 46, train_lr: 0.0001
TORCHFORT::WANDB: model: critic_0, step: 47, train_loss: 9.03103
TORCHFORT::WANDB: model: critic_0, step: 47, train_lr: 0.000100188
TORCHFORT::WANDB: model: actor, step: 47, train_loss: -3.30415
TORCHFORT::WANDB: model: actor, step: 47, train_lr: 0.000100188
TORCHFORT::WANDB: model: alpha, step: 47, train_loss: -2.73945
TORCHFORT::WANDB: model: alpha, step: 47, train_lr: 0.0001
TORCHFORT::WANDB: model: critic_0, step: 48, train_loss: 8.81682
TORCHFORT::WANDB: model: critic_0, step: 48, train_lr: 0.000100196
TORCHFORT::WANDB: model: actor, step: 48, train_loss: -3.27233
TORCHFORT::WANDB: model: actor, step: 48, train_lr: 0.000100196
TORCHFORT::WANDB: model: alpha, step: 48, train_loss: -2.66727
TORCHFORT::WANDB: model: alpha, step: 48, train_lr: 0.0001
TORCHFORT::WANDB: model: critic_0, step: 49, train_loss: 8.60641
TORCHFORT::WANDB: model: critic_0, step: 49, train_lr: 0.000100205
TORCHFORT::WANDB: model: actor, step: 49, train_loss: -3.23677
TORCHFORT::WANDB: model: actor, step: 49, train_lr: 0.000100205
TORCHFORT::WANDB: model: alpha, step: 49, train_loss: -2.597
TORCHFORT::WANDB: model: alpha, step: 49, train_lr: 0.0001
TORCHFORT::WANDB: model: critic_0, step: 50, train_loss: 8.39997
TORCHFORT::WANDB: model: critic_0, step: 50, train_lr: 0.000100213
TORCHFORT::WANDB: model: actor, step: 50, train_loss: -3.20362
TORCHFORT::WANDB: model: actor, step: 50, train_lr: 0.000100213
TORCHFORT::WANDB: model: alpha, step: 50, train_loss: -2.68219
TORCHFORT::WANDB: model: alpha, step: 50, train_lr: 0.0001
TORCHFORT::WANDB: model: critic_0, step: 51, train_loss: 8.19715
TORCHFORT::WANDB: model: critic_0, step: 51, train_lr: 0.000100222
TORCHFORT::WANDB: model: actor, step: 51, train_loss: -3.17482
TORCHFORT::WANDB: model: actor, step: 51, train_lr: 0.000100222
TORCHFORT::WANDB: model: alpha, step: 51, train_loss: -2.71238
TORCHFORT::WANDB: model: alpha, step: 51, train_lr: 0.0001
TORCHFORT::WANDB: model: critic_0, step: 52, train_loss: 7.99793
TORCHFORT::WANDB: model: critic_0, step: 52, train_lr: 0.000100231
TORCHFORT::WANDB: model: actor, step: 52, train_loss: -3.13063
TORCHFORT::WANDB: model: actor, step: 52, train_lr: 0.000100231
TORCHFORT::WANDB: model: alpha, step: 52, train_loss: -2.71923
TORCHFORT::WANDB: model: alpha, step: 52, train_lr: 0.0001
TORCHFORT::WANDB: model: critic_0, step: 53, train_loss: 7.80254
TORCHFORT::WANDB: model: critic_0, step: 53, train_lr: 0.00010024
TORCHFORT::WANDB: model: actor, step: 53, train_loss: -3.09939
TORCHFORT::WANDB: model: actor, step: 53, train_lr: 0.00010024
TORCHFORT::WANDB: model: alpha, step: 53, train_loss: -2.71115
TORCHFORT::WANDB: model: alpha, step: 53, train_lr: 0.0001
TORCHFORT::WANDB: model: critic_0, step: 54, train_loss: 7.61069
TORCHFORT::WANDB: model: critic_0, step: 54, train_lr: 0.000100249
TORCHFORT::WANDB: model: actor, step: 54, train_loss: -3.06041
TORCHFORT::WANDB: model: actor, step: 54, train_lr: 0.000100249
TORCHFORT::WANDB: model: alpha, step: 54, train_loss: -2.62229
TORCHFORT::WANDB: model: alpha, step: 54, train_lr: 0.0001
TORCHFORT::WANDB: model: critic_0, step: 55, train_loss: 7.42235
TORCHFORT::WANDB: model: critic_0, step: 55, train_lr: 0.000100259
TORCHFORT::WANDB: model: actor, step: 55, train_loss: -3.03098
TORCHFORT::WANDB: model: actor, step: 55, train_lr: 0.000100259
TORCHFORT::WANDB: model: alpha, step: 55, train_loss: -2.6472
TORCHFORT::WANDB: model: alpha, step: 55, train_lr: 0.0001
TORCHFORT::WANDB: model: critic_0, step: 56, train_loss: 7.23768
TORCHFORT::WANDB: model: critic_0, step: 56, train_lr: 0.000100269
TORCHFORT::WANDB: model: actor, step: 56, train_loss: -2.99805
TORCHFORT::WANDB: model: actor, step: 56, train_lr: 0.000100269
TORCHFORT::WANDB: model: alpha, step: 56, train_loss: -2.69
TORCHFORT::WANDB: model: alpha, step: 56, train_lr: 0.0001
TORCHFORT::WANDB: model: critic_0, step: 57, train_loss: 7.05642
TORCHFORT::WANDB: model: critic_0, step: 57, train_lr: 0.000100279
TORCHFORT::WANDB: model: actor, step: 57, train_loss: -2.96492
TORCHFORT::WANDB: model: actor, step: 57, train_lr: 0.000100279
TORCHFORT::WANDB: model: alpha, step: 57, train_loss: -2.65091
TORCHFORT::WANDB: model: alpha, step: 57, train_lr: 0.0001
TORCHFORT::WANDB: model: critic_0, step: 58, train_loss: 6.8786
TORCHFORT::WANDB: model: critic_0, step: 58, train_lr: 0.000100289
TORCHFORT::WANDB: model: actor, step: 58, train_loss: -2.93518
TORCHFORT::WANDB: model: actor, step: 58, train_lr: 0.000100289
TORCHFORT::WANDB: model: alpha, step: 58, train_loss: -2.6803
TORCHFORT::WANDB: model: alpha, step: 58, train_lr: 0.0001
TORCHFORT::WANDB: model: critic_0, step: 59, train_loss: 6.70422
TORCHFORT::WANDB: model: critic_0, step: 59, train_lr: 0.000100299
TORCHFORT::WANDB: model: actor, step: 59, train_loss: -2.90219
TORCHFORT::WANDB: model: actor, step: 59, train_lr: 0.000100299
TORCHFORT::WANDB: model: alpha, step: 59, train_loss: -2.66058
TORCHFORT::WANDB: model: alpha, step: 59, train_lr: 0.0001
TORCHFORT::WANDB: model: critic_0, step: 60, train_loss: 6.53329
TORCHFORT::WANDB: model: critic_0, step: 60, train_lr: 0.000100309
TORCHFORT::WANDB: model: actor, step: 60, train_loss: -2.86798
TORCHFORT::WANDB: model: actor, step: 60, train_lr: 0.000100309
TORCHFORT::WANDB: model: alpha, step: 60, train_loss: -2.69035
TORCHFORT::WANDB: model: alpha, step: 60, train_lr: 0.0001
TORCHFORT::WANDB: model: critic_0, step: 61, train_loss: 6.36567
TORCHFORT::WANDB: model: critic_0, step: 61, train_lr: 0.00010032
TORCHFORT::WANDB: model: actor, step: 61, train_loss: -2.83337
TORCHFORT::WANDB: model: actor, step: 61, train_lr: 0.00010032
TORCHFORT::WANDB: model: alpha, step: 61, train_loss: -2.68657
TORCHFORT::WANDB: model: alpha, step: 61, train_lr: 0.0001
TORCHFORT::WANDB: model: critic_0, step: 62, train_loss: 6.20134
TORCHFORT::WANDB: model: critic_0, step: 62, train_lr: 0.00010033
TORCHFORT::WANDB: model: actor, step: 62, train_loss: -2.80058
TORCHFORT::WANDB: model: actor, step: 62, train_lr: 0.00010033
TORCHFORT::WANDB: model: alpha, step: 62, train_loss: -2.64404
TORCHFORT::WANDB: model: alpha, step: 62, train_lr: 0.0001
TORCHFORT::WANDB: model: critic_0, step: 63, train_loss: 6.04018
TORCHFORT::WANDB: model: critic_0, step: 63, train_lr: 0.000100341
TORCHFORT::WANDB: model: actor, step: 63, train_loss: -2.77451
TORCHFORT::WANDB: model: actor, step: 63, train_lr: 0.000100341
TORCHFORT::WANDB: model: alpha, step: 63, train_loss: -2.68487
TORCHFORT::WANDB: model: alpha, step: 63, train_lr: 0.0001
TORCHFORT::WANDB: model: critic_0, step: 64, train_loss: 5.88258
TORCHFORT::WANDB: model: critic_0, step: 64, train_lr: 0.000100353
TORCHFORT::WANDB: model: actor, step: 64, train_loss: -2.73231
TORCHFORT::WANDB: model: actor, step: 64, train_lr: 0.000100353
TORCHFORT::WANDB: model: alpha, step: 64, train_loss: -2.70621
TORCHFORT::WANDB: model: alpha, step: 64, train_lr: 0.0001
TORCHFORT::WANDB: model: critic_0, step: 65, train_loss: 5.72788
TORCHFORT::WANDB: model: critic_0, step: 65, train_lr: 0.000100364
TORCHFORT::WANDB: model: actor, step: 65, train_loss: -2.70394
TORCHFORT::WANDB: model: actor, step: 65, train_lr: 0.000100364
TORCHFORT::WANDB: model: alpha, step: 65, train_loss: -2.69683
TORCHFORT::WANDB: model: alpha, step: 65, train_lr: 0.0001
TORCHFORT::WANDB: model: critic_0, step: 66, train_loss: 5.5761
TORCHFORT::WANDB: model: critic_0, step: 66, train_lr: 0.000100375
TORCHFORT::WANDB: model: actor, step: 66, train_loss: -2.6771
TORCHFORT::WANDB: model: actor, step: 66, train_lr: 0.000100375
TORCHFORT::WANDB: model: alpha, step: 66, train_loss: -2.69492
TORCHFORT::WANDB: model: alpha, step: 66, train_lr: 0.0001
TORCHFORT::WANDB: model: critic_0, step: 67, train_loss: 5.42788
TORCHFORT::WANDB: model: critic_0, step: 67, train_lr: 0.000100387
TORCHFORT::WANDB: model: actor, step: 67, train_loss: -2.64322
TORCHFORT::WANDB: model: actor, step: 67, train_lr: 0.000100387
TORCHFORT::WANDB: model: alpha, step: 67, train_loss: -2.6826
TORCHFORT::WANDB: model: alpha, step: 67, train_lr: 0.0001
TORCHFORT::WANDB: model: critic_0, step: 68, train_loss: 5.28262
TORCHFORT::WANDB: model: critic_0, step: 68, train_lr: 0.000100399
TORCHFORT::WANDB: model: actor, step: 68, train_loss: -2.61473
TORCHFORT::WANDB: model: actor, step: 68, train_lr: 0.000100399
TORCHFORT::WANDB: model: alpha, step: 68, train_loss: -2.59475
TORCHFORT::WANDB: model: alpha, step: 68, train_lr: 0.0001
TORCHFORT::WANDB: model: critic_0, step: 69, train_loss: 5.14029
TORCHFORT::WANDB: model: critic_0, step: 69, train_lr: 0.000100411
TORCHFORT::WANDB: model: actor, step: 69, train_loss: -2.58186
TORCHFORT::WANDB: model: actor, step: 69, train_lr: 0.000100411
TORCHFORT::WANDB: model: alpha, step: 69, train_loss: -2.67953
TORCHFORT::WANDB: model: alpha, step: 69, train_lr: 0.0001
TORCHFORT::WANDB: model: critic_0, step: 70, train_loss: 5.00084
TORCHFORT::WANDB: model: critic_0, step: 70, train_lr: 0.000100423
TORCHFORT::WANDB: model: actor, step: 70, train_loss: -2.54867
TORCHFORT::WANDB: model: actor, step: 70, train_lr: 0.000100423
TORCHFORT::WANDB: model: alpha, step: 70, train_loss: -2.72489
TORCHFORT::WANDB: model: alpha, step: 70, train_lr: 0.0001
TORCHFORT::WANDB: model: critic_0, step: 71, train_loss: 4.86426
TORCHFORT::WANDB: model: critic_0, step: 71, train_lr: 0.000100435
TORCHFORT::WANDB: model: actor, step: 71, train_loss: -2.51856
TORCHFORT::WANDB: model: actor, step: 71, train_lr: 0.000100435
TORCHFORT::WANDB: model: alpha, step: 71, train_loss: -2.70736
TORCHFORT::WANDB: model: alpha, step: 71, train_lr: 0.0001
TORCHFORT::WANDB: model: critic_0, step: 72, train_loss: 4.73052
TORCHFORT::WANDB: model: critic_0, step: 72, train_lr: 0.000100448
TORCHFORT::WANDB: model: actor, step: 72, train_loss: -2.49423
TORCHFORT::WANDB: model: actor, step: 72, train_lr: 0.000100448
TORCHFORT::WANDB: model: alpha, step: 72, train_loss: -2.66082
TORCHFORT::WANDB: model: alpha, step: 72, train_lr: 0.0001
TORCHFORT::WANDB: model: critic_0, step: 73, train_loss: 4.5998
TORCHFORT::WANDB: model: critic_0, step: 73, train_lr: 0.00010046
TORCHFORT::WANDB: model: actor, step: 73, train_loss: -2.46104
TORCHFORT::WANDB: model: actor, step: 73, train_lr: 0.00010046
TORCHFORT::WANDB: model: alpha, step: 73, train_loss: -2.66927
TORCHFORT::WANDB: model: alpha, step: 73, train_lr: 0.0001
TORCHFORT::WANDB: model: critic_0, step: 74, train_loss: 4.47202
TORCHFORT::WANDB: model: critic_0, step: 74, train_lr: 0.000100473
TORCHFORT::WANDB: model: actor, step: 74, train_loss: -2.43051
TORCHFORT::WANDB: model: actor, step: 74, train_lr: 0.000100473
TORCHFORT::WANDB: model: alpha, step: 74, train_loss: -2.66172
TORCHFORT::WANDB: model: alpha, step: 74, train_lr: 0.0001
TORCHFORT::WANDB: model: critic_0, step: 75, train_loss: 4.34681
TORCHFORT::WANDB: model: critic_0, step: 75, train_lr: 0.000100486
TORCHFORT::WANDB: model: actor, step: 75, train_loss: -2.3984
TORCHFORT::WANDB: model: actor, step: 75, train_lr: 0.000100486
TORCHFORT::WANDB: model: alpha, step: 75, train_loss: -2.65142
TORCHFORT::WANDB: model: alpha, step: 75, train_lr: 0.0001
TORCHFORT::WANDB: model: critic_0, step: 76, train_loss: 4.22423
TORCHFORT::WANDB: model: critic_0, step: 76, train_lr: 0.0001005
TORCHFORT::WANDB: model: actor, step: 76, train_loss: -2.377
TORCHFORT::WANDB: model: actor, step: 76, train_lr: 0.0001005
TORCHFORT::WANDB: model: alpha, step: 76, train_loss: -2.68746
TORCHFORT::WANDB: model: alpha, step: 76, train_lr: 0.0001
TORCHFORT::WANDB: model: critic_0, step: 77, train_loss: 4.10459
TORCHFORT::WANDB: model: critic_0, step: 77, train_lr: 0.000100513
TORCHFORT::WANDB: model: actor, step: 77, train_loss: -2.35144
TORCHFORT::WANDB: model: actor, step: 77, train_lr: 0.000100513
TORCHFORT::WANDB: model: alpha, step: 77, train_loss: -2.70895
TORCHFORT::WANDB: model: alpha, step: 77, train_lr: 0.0001
TORCHFORT::WANDB: model: critic_0, step: 78, train_loss: 3.98753
TORCHFORT::WANDB: model: critic_0, step: 78, train_lr: 0.000100527
TORCHFORT::WANDB: model: actor, step: 78, train_loss: -2.31995
TORCHFORT::WANDB: model: actor, step: 78, train_lr: 0.000100527
TORCHFORT::WANDB: model: alpha, step: 78, train_loss: -2.68802
TORCHFORT::WANDB: model: alpha, step: 78, train_lr: 0.0001
TORCHFORT::WANDB: model: critic_0, step: 79, train_loss: 3.87304
TORCHFORT::WANDB: model: critic_0, step: 79, train_lr: 0.00010054
TORCHFORT::WANDB: model: actor, step: 79, train_loss: -2.29152
TORCHFORT::WANDB: model: actor, step: 79, train_lr: 0.00010054
TORCHFORT::WANDB: model: alpha, step: 79, train_loss: -2.65814
TORCHFORT::WANDB: model: alpha, step: 79, train_lr: 0.0001
TORCHFORT::WANDB: model: critic_0, step: 80, train_loss: 3.7612
TORCHFORT::WANDB: model: critic_0, step: 80, train_lr: 0.000100554
TORCHFORT::WANDB: model: actor, step: 80, train_loss: -2.26662
TORCHFORT::WANDB: model: actor, step: 80, train_lr: 0.000100554
TORCHFORT::WANDB: model: alpha, step: 80, train_loss: -2.72641
TORCHFORT::WANDB: model: alpha, step: 80, train_lr: 0.0001
TORCHFORT::WANDB: model: critic_0, step: 81, train_loss: 3.65189
TORCHFORT::WANDB: model: critic_0, step: 81, train_lr: 0.000100568
TORCHFORT::WANDB: model: actor, step: 81, train_loss: -2.23655
TORCHFORT::WANDB: model: actor, step: 81, train_lr: 0.000100568
TORCHFORT::WANDB: model: alpha, step: 81, train_loss: -2.58812
TORCHFORT::WANDB: model: alpha, step: 81, train_lr: 0.0001
TORCHFORT::WANDB: model: critic_0, step: 82, train_loss: 3.54512
TORCHFORT::WANDB: model: critic_0, step: 82, train_lr: 0.000100583
TORCHFORT::WANDB: model: actor, step: 82, train_loss: -2.21096
TORCHFORT::WANDB: model: actor, step: 82, train_lr: 0.000100583
TORCHFORT::WANDB: model: alpha, step: 82, train_loss: -2.63544
TORCHFORT::WANDB: model: alpha, step: 82, train_lr: 0.0001
TORCHFORT::WANDB: model: critic_0, step: 83, train_loss: 3.44077
TORCHFORT::WANDB: model: critic_0, step: 83, train_lr: 0.000100597
TORCHFORT::WANDB: model: actor, step: 83, train_loss: -2.18397
TORCHFORT::WANDB: model: actor, step: 83, train_lr: 0.000100597
TORCHFORT::WANDB: model: alpha, step: 83, train_loss: -2.64468
TORCHFORT::WANDB: model: alpha, step: 83, train_lr: 0.0001
TORCHFORT::WANDB: model: critic_0, step: 84, train_loss: 3.33883
TORCHFORT::WANDB: model: critic_0, step: 84, train_lr: 0.000100612
TORCHFORT::WANDB: model: actor, step: 84, train_loss: -2.15848
TORCHFORT::WANDB: model: actor, step: 84, train_lr: 0.000100612
TORCHFORT::WANDB: model: alpha, step: 84, train_loss: -2.60968
TORCHFORT::WANDB: model: alpha, step: 84, train_lr: 0.0001
TORCHFORT::WANDB: model: critic_0, step: 85, train_loss: 3.23929
TORCHFORT::WANDB: model: critic_0, step: 85, train_lr: 0.000100627
TORCHFORT::WANDB: model: actor, step: 85, train_loss: -2.12835
TORCHFORT::WANDB: model: actor, step: 85, train_lr: 0.000100627
TORCHFORT::WANDB: model: alpha, step: 85, train_loss: -2.8322
TORCHFORT::WANDB: model: alpha, step: 85, train_lr: 0.0001
TORCHFORT::WANDB: model: critic_0, step: 86, train_loss: 3.14211
TORCHFORT::WANDB: model: critic_0, step: 86, train_lr: 0.000100642
TORCHFORT::WANDB: model: actor, step: 86, train_loss: -2.10199
TORCHFORT::WANDB: model: actor, step: 86, train_lr: 0.000100642
TORCHFORT::WANDB: model: alpha, step: 86, train_loss: -2.64097
TORCHFORT::WANDB: model: alpha, step: 86, train_lr: 0.0001
TORCHFORT::WANDB: model: critic_0, step: 87, train_loss: 3.04728
TORCHFORT::WANDB: model: critic_0, step: 87, train_lr: 0.000100657
TORCHFORT::WANDB: model: actor, step: 87, train_loss: -2.08048
TORCHFORT::WANDB: model: actor, step: 87, train_lr: 0.000100657
TORCHFORT::WANDB: model: alpha, step: 87, train_loss: -2.61672
TORCHFORT::WANDB: model: alpha, step: 87, train_lr: 0.0001
TORCHFORT::WANDB: model: critic_0, step: 88, train_loss: 2.95468
TORCHFORT::WANDB: model: critic_0, step: 88, train_lr: 0.000100672
TORCHFORT::WANDB: model: actor, step: 88, train_loss: -2.0555
TORCHFORT::WANDB: model: actor, step: 88, train_lr: 0.000100672
TORCHFORT::WANDB: model: alpha, step: 88, train_loss: -2.64256
TORCHFORT::WANDB: model: alpha, step: 88, train_lr: 0.0001
TORCHFORT::WANDB: model: critic_0, step: 89, train_loss: 2.8643
TORCHFORT::WANDB: model: critic_0, step: 89, train_lr: 0.000100688
TORCHFORT::WANDB: model: actor, step: 89, train_loss: -2.02873
TORCHFORT::WANDB: model: actor, step: 89, train_lr: 0.000100688
TORCHFORT::WANDB: model: alpha, step: 89, train_loss: -2.67625
TORCHFORT::WANDB: model: alpha, step: 89, train_lr: 0.0001
TORCHFORT::WANDB: model: critic_0, step: 90, train_loss: 2.77615
TORCHFORT::WANDB: model: critic_0, step: 90, train_lr: 0.000100703
TORCHFORT::WANDB: model: actor, step: 90, train_loss: -2.00636
TORCHFORT::WANDB: model: actor, step: 90, train_lr: 0.000100703
TORCHFORT::WANDB: model: alpha, step: 90, train_loss: -2.73938
TORCHFORT::WANDB: model: alpha, step: 90, train_lr: 0.0001
TORCHFORT::WANDB: model: critic_0, step: 91, train_loss: 2.69015
TORCHFORT::WANDB: model: critic_0, step: 91, train_lr: 0.000100719
TORCHFORT::WANDB: model: actor, step: 91, train_loss: -1.97673
TORCHFORT::WANDB: model: actor, step: 91, train_lr: 0.000100719
TORCHFORT::WANDB: model: alpha, step: 91, train_loss: -2.74477
TORCHFORT::WANDB: model: alpha, step: 91, train_lr: 0.0001
TORCHFORT::WANDB: model: critic_0, step: 92, train_loss: 2.60632
TORCHFORT::WANDB: model: critic_0, step: 92, train_lr: 0.000100735
TORCHFORT::WANDB: model: actor, step: 92, train_loss: -1.9533
TORCHFORT::WANDB: model: actor, step: 92, train_lr: 0.000100735
TORCHFORT::WANDB: model: alpha, step: 92, train_loss: -2.65032
TORCHFORT::WANDB: model: alpha, step: 92, train_lr: 0.0001
TORCHFORT::WANDB: model: critic_0, step: 93, train_loss: 2.52455
TORCHFORT::WANDB: model: critic_0, step: 93, train_lr: 0.000100752
TORCHFORT::WANDB: model: actor, step: 93, train_loss: -1.92403
TORCHFORT::WANDB: model: actor, step: 93, train_lr: 0.000100752
TORCHFORT::WANDB: model: alpha, step: 93, train_loss: -2.57144
TORCHFORT::WANDB: model: alpha, step: 93, train_lr: 0.0001
TORCHFORT::WANDB: model: critic_0, step: 94, train_loss: 2.44481
TORCHFORT::WANDB: model: critic_0, step: 94, train_lr: 0.000100768
TORCHFORT::WANDB: model: actor, step: 94, train_loss: -1.90316
TORCHFORT::WANDB: model: actor, step: 94, train_lr: 0.000100768
TORCHFORT::WANDB: model: alpha, step: 94, train_loss: -2.63504
TORCHFORT::WANDB: model: alpha, step: 94, train_lr: 0.0001
TORCHFORT::WANDB: model: critic_0, step: 95, train_loss: 2.36711
TORCHFORT::WANDB: model: critic_0, step: 95, train_lr: 0.000100785
TORCHFORT::WANDB: model: actor, step: 95, train_loss: -1.88152
TORCHFORT::WANDB: model: actor, step: 95, train_lr: 0.000100785
TORCHFORT::WANDB: model: alpha, step: 95, train_loss: -2.70285
TORCHFORT::WANDB: model: alpha, step: 95, train_lr: 0.0001
TORCHFORT::WANDB: model: critic_0, step: 96, train_loss: 2.29186
TORCHFORT::WANDB: model: critic_0, step: 96, train_lr: 0.000100801
TORCHFORT::WANDB: model: actor, step: 96, train_loss: -1.85302
TORCHFORT::WANDB: model: actor, step: 96, train_lr: 0.000100801
TORCHFORT::WANDB: model: alpha, step: 96, train_loss: -2.75762
TORCHFORT::WANDB: model: alpha, step: 96, train_lr: 0.0001
TORCHFORT::WANDB: model: critic_0, step: 97, train_loss: 2.2211
TORCHFORT::WANDB: model: critic_0, step: 97, train_lr: 0.000100818
TORCHFORT::WANDB: model: actor, step: 97, train_loss: -1.83458
TORCHFORT::WANDB: model: actor, step: 97, train_lr: 0.000100818
TORCHFORT::WANDB: model: alpha, step: 97, train_loss: -2.68215
TORCHFORT::WANDB: model: alpha, step: 97, train_lr: 0.0001
TORCHFORT::WANDB: model: critic_0, step: 98, train_loss: 2.15213
TORCHFORT::WANDB: model: critic_0, step: 98, train_lr: 0.000100836
TORCHFORT::WANDB: model: actor, step: 98, train_loss: -1.80768
TORCHFORT::WANDB: model: actor, step: 98, train_lr: 0.000100836
TORCHFORT::WANDB: model: alpha, step: 98, train_loss: -2.64721
TORCHFORT::WANDB: model: alpha, step: 98, train_lr: 0.0001
TORCHFORT::WANDB: model: critic_0, step: 99, train_loss: 2.08489
TORCHFORT::WANDB: model: critic_0, step: 99, train_lr: 0.000100853
TORCHFORT::WANDB: model: actor, step: 99, train_loss: -1.78899
TORCHFORT::WANDB: model: actor, step: 99, train_lr: 0.000100853
TORCHFORT::WANDB: model: alpha, step: 99, train_loss: -2.6437
TORCHFORT::WANDB: model: alpha, step: 99, train_lr: 0.0001
TORCHFORT::WANDB: model: critic_0, step: 100, train_loss: 2.01936
TORCHFORT::WANDB: model: critic_0, step: 100, train_lr: 0.00010087
TORCHFORT::WANDB: model: actor, step: 100, train_loss: -1.7623
TORCHFORT::WANDB: model: actor, step: 100, train_lr: 0.00010087
TORCHFORT::WANDB: model: alpha, step: 100, train_loss: -2.61377
TORCHFORT::WANDB: model: alpha, step: 100, train_lr: 0.0001
TORCHFORT::WANDB: model: rlwm, step: 1, reward_sum: 1989.2
TORCHFORT::WANDB: model: rlwm, step: 1, policy_loss: -1.7623
TORCHFORT::WANDB: model: rlwm, step: 1, critic_loss: 2.01936
TORCHFORT::WANDB: model: critic_0, step: 101, train_loss: 4.2613
TORCHFORT::WANDB: model: critic_0, step: 101, train_lr: 0.000100888
TORCHFORT::WANDB: model: actor, step: 101, train_loss: -1.6696
TORCHFORT::WANDB: model: actor, step: 101, train_lr: 0.000100888
TORCHFORT::WANDB: model: alpha, step: 101, train_loss: -2.49239
TORCHFORT::WANDB: model: alpha, step: 101, train_lr: 0.0001
TORCHFORT::WANDB: model: critic_0, step: 102, train_loss: 4.52698
TORCHFORT::WANDB: model: critic_0, step: 102, train_lr: 0.000100906
TORCHFORT::WANDB: model: actor, step: 102, train_loss: -1.78987
TORCHFORT::WANDB: model: actor, step: 102, train_lr: 0.000100906
TORCHFORT::WANDB: model: alpha, step: 102, train_loss: -2.57084
TORCHFORT::WANDB: model: alpha, step: 102, train_lr: 0.0001
TORCHFORT::WANDB: model: critic_0, step: 103, train_loss: 4.05401
TORCHFORT::WANDB: model: critic_0, step: 103, train_lr: 0.000100924
TORCHFORT::WANDB: model: actor, step: 103, train_loss: -1.6573
TORCHFORT::WANDB: model: actor, step: 103, train_lr: 0.000100924
TORCHFORT::WANDB: model: alpha, step: 103, train_loss: -2.6718
TORCHFORT::WANDB: model: alpha, step: 103, train_lr: 0.0001
TORCHFORT::WANDB: model: critic_0, step: 104, train_loss: 4.55391
TORCHFORT::WANDB: model: critic_0, step: 104, train_lr: 0.000100942
TORCHFORT::WANDB: model: actor, step: 104, train_loss: -1.66709
TORCHFORT::WANDB: model: actor, step: 104, train_lr: 0.000100942
TORCHFORT::WANDB: model: alpha, step: 104, train_loss: -2.62511
TORCHFORT::WANDB: model: alpha, step: 104, train_lr: 0.0001
TORCHFORT::WANDB: model: critic_0, step: 105, train_loss: 5.67569
TORCHFORT::WANDB: model: critic_0, step: 105, train_lr: 0.00010096
TORCHFORT::WANDB: model: actor, step: 105, train_loss: -1.9241
TORCHFORT::WANDB: model: actor, step: 105, train_lr: 0.00010096
TORCHFORT::WANDB: model: alpha, step: 105, train_loss: -2.6171
TORCHFORT::WANDB: model: alpha, step: 105, train_lr: 0.0001
TORCHFORT::WANDB: model: critic_0, step: 106, train_loss: 4.05678
TORCHFORT::WANDB: model: critic_0, step: 106, train_lr: 0.000100979
TORCHFORT::WANDB: model: actor, step: 106, train_loss: -1.74541
TORCHFORT::WANDB: model: actor, step: 106, train_lr: 0.000100979
TORCHFORT::WANDB: model: alpha, step: 106, train_loss: -2.60944
TORCHFORT::WANDB: model: alpha, step: 106, train_lr: 0.0001
TORCHFORT::WANDB: model: critic_0, step: 107, train_loss: 3.40623
TORCHFORT::WANDB: model: critic_0, step: 107, train_lr: 0.000100998
TORCHFORT::WANDB: model: actor, step: 107, train_loss: -1.63931
TORCHFORT::WANDB: model: actor, step: 107, train_lr: 0.000100998
TORCHFORT::WANDB: model: alpha, step: 107, train_loss: -2.62988
TORCHFORT::WANDB: model: alpha, step: 107, train_lr: 0.0001
TORCHFORT::WANDB: model: critic_0, step: 108, train_loss: 3.04466
TORCHFORT::WANDB: model: critic_0, step: 108, train_lr: 0.000101017
TORCHFORT::WANDB: model: actor, step: 108, train_loss: -1.35509
TORCHFORT::WANDB: model: actor, step: 108, train_lr: 0.000101017
TORCHFORT::WANDB: model: alpha, step: 108, train_loss: -2.62773
TORCHFORT::WANDB: model: alpha, step: 108, train_lr: 0.0001
TORCHFORT::WANDB: model: critic_0, step: 109, train_loss: 3.85528
TORCHFORT::WANDB: model: critic_0, step: 109, train_lr: 0.000101036
TORCHFORT::WANDB: model: actor, step: 109, train_loss: -1.66795
TORCHFORT::WANDB: model: actor, step: 109, train_lr: 0.000101036
TORCHFORT::WANDB: model: alpha, step: 109, train_loss: -2.64487
TORCHFORT::WANDB: model: alpha, step: 109, train_lr: 0.0001
TORCHFORT::WANDB: model: critic_0, step: 110, train_loss: 3.62488
TORCHFORT::WANDB: model: critic_0, step: 110, train_lr: 0.000101055
TORCHFORT::WANDB: model: actor, step: 110, train_loss: -1.57673
TORCHFORT::WANDB: model: actor, step: 110, train_lr: 0.000101055
TORCHFORT::WANDB: model: alpha, step: 110, train_loss: -2.65809
TORCHFORT::WANDB: model: alpha, step: 110, train_lr: 0.0001
TORCHFORT::WANDB: model: critic_0, step: 111, train_loss: 4.20061
TORCHFORT::WANDB: model: critic_0, step: 111, train_lr: 0.000101074
TORCHFORT::WANDB: model: actor, step: 111, train_loss: -1.61724
TORCHFORT::WANDB: model: actor, step: 111, train_lr: 0.000101074
TORCHFORT::WANDB: model: alpha, step: 111, train_loss: -2.6549
TORCHFORT::WANDB: model: alpha, step: 111, train_lr: 0.0001
TORCHFORT::WANDB: model: critic_0, step: 112, train_loss: 3.487
TORCHFORT::WANDB: model: critic_0, step: 112, train_lr: 0.000101094
TORCHFORT::WANDB: model: actor, step: 112, train_loss: -1.42432
TORCHFORT::WANDB: model: actor, step: 112, train_lr: 0.000101094
TORCHFORT::WANDB: model: alpha, step: 112, train_loss: -2.70086
TORCHFORT::WANDB: model: alpha, step: 112, train_lr: 0.0001
TORCHFORT::WANDB: model: critic_0, step: 113, train_loss: 3.22968
TORCHFORT::WANDB: model: critic_0, step: 113, train_lr: 0.000101114
TORCHFORT::WANDB: model: actor, step: 113, train_loss: -1.40056
TORCHFORT::WANDB: model: actor, step: 113, train_lr: 0.000101114
TORCHFORT::WANDB: model: alpha, step: 113, train_loss: -2.67307
TORCHFORT::WANDB: model: alpha, step: 113, train_lr: 0.0001
TORCHFORT::WANDB: model: critic_0, step: 114, train_loss: 2.29445
TORCHFORT::WANDB: model: critic_0, step: 114, train_lr: 0.000101134
TORCHFORT::WANDB: model: actor, step: 114, train_loss: -1.24153
TORCHFORT::WANDB: model: actor, step: 114, train_lr: 0.000101134
TORCHFORT::WANDB: model: alpha, step: 114, train_loss: -2.70302
TORCHFORT::WANDB: model: alpha, step: 114, train_lr: 0.0001
TORCHFORT::WANDB: model: critic_0, step: 115, train_loss: 2.64215
TORCHFORT::WANDB: model: critic_0, step: 115, train_lr: 0.000101154
TORCHFORT::WANDB: model: actor, step: 115, train_loss: -1.33316
TORCHFORT::WANDB: model: actor, step: 115, train_lr: 0.000101154
TORCHFORT::WANDB: model: alpha, step: 115, train_loss: -2.72609
TORCHFORT::WANDB: model: alpha, step: 115, train_lr: 0.0001
TORCHFORT::WANDB: model: critic_0, step: 116, train_loss: 2.34137
TORCHFORT::WANDB: model: critic_0, step: 116, train_lr: 0.000101174
TORCHFORT::WANDB: model: actor, step: 116, train_loss: -1.21773
TORCHFORT::WANDB: model: actor, step: 116, train_lr: 0.000101174
TORCHFORT::WANDB: model: alpha, step: 116, train_loss: -2.70697
TORCHFORT::WANDB: model: alpha, step: 116, train_lr: 0.0001
TORCHFORT::WANDB: model: critic_0, step: 117, train_loss: 2.1664
TORCHFORT::WANDB: model: critic_0, step: 117, train_lr: 0.000101195
TORCHFORT::WANDB: model: actor, step: 117, train_loss: -1.13333
TORCHFORT::WANDB: model: actor, step: 117, train_lr: 0.000101195
TORCHFORT::WANDB: model: alpha, step: 117, train_loss: -2.70228
TORCHFORT::WANDB: model: alpha, step: 117, train_lr: 0.0001
TORCHFORT::WANDB: model: critic_0, step: 118, train_loss: 1.78675
TORCHFORT::WANDB: model: critic_0, step: 118, train_lr: 0.000101215
TORCHFORT::WANDB: model: actor, step: 118, train_loss: -1.07331
TORCHFORT::WANDB: model: actor, step: 118, train_lr: 0.000101215
TORCHFORT::WANDB: model: alpha, step: 118, train_loss: -2.68617
TORCHFORT::WANDB: model: alpha, step: 118, train_lr: 0.0001
TORCHFORT::WANDB: model: critic_0, step: 119, train_loss: 2.60114
TORCHFORT::WANDB: model: critic_0, step: 119, train_lr: 0.000101236
TORCHFORT::WANDB: model: actor, step: 119, train_loss: -1.23489
TORCHFORT::WANDB: model: actor, step: 119, train_lr: 0.000101236
TORCHFORT::WANDB: model: alpha, step: 119, train_loss: -2.62721
TORCHFORT::WANDB: model: alpha, step: 119, train_lr: 0.0001
TORCHFORT::WANDB: model: critic_0, step: 120, train_loss: 2.6414
TORCHFORT::WANDB: model: critic_0, step: 120, train_lr: 0.000101257
TORCHFORT::WANDB: model: actor, step: 120, train_loss: -1.25605
TORCHFORT::WANDB: model: actor, step: 120, train_lr: 0.000101257
TORCHFORT::WANDB: model: alpha, step: 120, train_loss: -2.67407
TORCHFORT::WANDB: model: alpha, step: 120, train_lr: 0.0001
TORCHFORT::WANDB: model: critic_0, step: 121, train_loss: 2.5322
TORCHFORT::WANDB: model: critic_0, step: 121, train_lr: 0.000101278
TORCHFORT::WANDB: model: actor, step: 121, train_loss: -1.04909
TORCHFORT::WANDB: model: actor, step: 121, train_lr: 0.000101278
TORCHFORT::WANDB: model: alpha, step: 121, train_loss: -2.7744
TORCHFORT::WANDB: model: alpha, step: 121, train_lr: 0.0001
TORCHFORT::WANDB: model: critic_0, step: 122, train_loss: 3.64903
TORCHFORT::WANDB: model: critic_0, step: 122, train_lr: 0.0001013
TORCHFORT::WANDB: model: actor, step: 122, train_loss: -1.10254
TORCHFORT::WANDB: model: actor, step: 122, train_lr: 0.0001013
TORCHFORT::WANDB: model: alpha, step: 122, train_loss: -2.7355
TORCHFORT::WANDB: model: alpha, step: 122, train_lr: 0.0001
TORCHFORT::WANDB: model: critic_0, step: 123, train_loss: 1.52943
TORCHFORT::WANDB: model: critic_0, step: 123, train_lr: 0.000101321
TORCHFORT::WANDB: model: actor, step: 123, train_loss: -0.921342
TORCHFORT::WANDB: model: actor, step: 123, train_lr: 0.000101321
TORCHFORT::WANDB: model: alpha, step: 123, train_loss: -2.73604
TORCHFORT::WANDB: model: alpha, step: 123, train_lr: 0.0001
TORCHFORT::WANDB: model: critic_0, step: 124, train_loss: 1.88634
TORCHFORT::WANDB: model: critic_0, step: 124, train_lr: 0.000101343
TORCHFORT::WANDB: model: actor, step: 124, train_loss: -1.06867
TORCHFORT::WANDB: model: actor, step: 124, train_lr: 0.000101343
TORCHFORT::WANDB: model: alpha, step: 124, train_loss: -2.6183
TORCHFORT::WANDB: model: alpha, step: 124, train_lr: 0.0001
TORCHFORT::WANDB: model: critic_0, step: 125, train_loss: 1.79439
TORCHFORT::WANDB: model: critic_0, step: 125, train_lr: 0.000101365
TORCHFORT::WANDB: model: actor, step: 125, train_loss: -1.03074
TORCHFORT::WANDB: model: actor, step: 125, train_lr: 0.000101365
TORCHFORT::WANDB: model: alpha, step: 125, train_loss: -2.65142
TORCHFORT::WANDB: model: alpha, step: 125, train_lr: 0.0001
TORCHFORT::WANDB: model: critic_0, step: 126, train_loss: 2.05216
TORCHFORT::WANDB: model: critic_0, step: 126, train_lr: 0.000101387
TORCHFORT::WANDB: model: actor, step: 126, train_loss: -1.01998
TORCHFORT::WANDB: model: actor, step: 126, train_lr: 0.000101387
TORCHFORT::WANDB: model: alpha, step: 126, train_loss: -2.67288
TORCHFORT::WANDB: model: alpha, step: 126, train_lr: 0.0001
TORCHFORT::WANDB: model: critic_0, step: 127, train_loss: 2.14011
TORCHFORT::WANDB: model: critic_0, step: 127, train_lr: 0.000101409
TORCHFORT::WANDB: model: actor, step: 127, train_loss: -1.02206
TORCHFORT::WANDB: model: actor, step: 127, train_lr: 0.000101409
TORCHFORT::WANDB: model: alpha, step: 127, train_loss: -2.7063
TORCHFORT::WANDB: model: alpha, step: 127, train_lr: 0.0001
TORCHFORT::WANDB: model: critic_0, step: 128, train_loss: 1.14569
TORCHFORT::WANDB: model: critic_0, step: 128, train_lr: 0.000101432
TORCHFORT::WANDB: model: actor, step: 128, train_loss: -0.826259
TORCHFORT::WANDB: model: actor, step: 128, train_lr: 0.000101432
TORCHFORT::WANDB: model: alpha, step: 128, train_loss: -2.64087
TORCHFORT::WANDB: model: alpha, step: 128, train_lr: 0.0001
TORCHFORT::WANDB: model: critic_0, step: 129, train_loss: 2.11113
TORCHFORT::WANDB: model: critic_0, step: 129, train_lr: 0.000101455
TORCHFORT::WANDB: model: actor, step: 129, train_loss: -0.989336
TORCHFORT::WANDB: model: actor, step: 129, train_lr: 0.000101455
TORCHFORT::WANDB: model: alpha, step: 129, train_loss: -2.68905
TORCHFORT::WANDB: model: alpha, step: 129, train_lr: 0.0001
TORCHFORT::WANDB: model: critic_0, step: 130, train_loss: 1.09017
TORCHFORT::WANDB: model: critic_0, step: 130, train_lr: 0.000101477
TORCHFORT::WANDB: model: actor, step: 130, train_loss: -0.798565
TORCHFORT::WANDB: model: actor, step: 130, train_lr: 0.000101477
TORCHFORT::WANDB: model: alpha, step: 130, train_loss: -2.78237
TORCHFORT::WANDB: model: alpha, step: 130, train_lr: 0.0001
TORCHFORT::WANDB: model: critic_0, step: 131, train_loss: 2.63531
TORCHFORT::WANDB: model: critic_0, step: 131, train_lr: 0.0001015
TORCHFORT::WANDB: model: actor, step: 131, train_loss: -1.06373
TORCHFORT::WANDB: model: actor, step: 131, train_lr: 0.0001015
TORCHFORT::WANDB: model: alpha, step: 131, train_loss: -2.57141
TORCHFORT::WANDB: model: alpha, step: 131, train_lr: 0.0001
TORCHFORT::WANDB: model: critic_0, step: 132, train_loss: 2.0658
TORCHFORT::WANDB: model: critic_0, step: 132, train_lr: 0.000101523
TORCHFORT::WANDB: model: actor, step: 132, train_loss: -0.977367
TORCHFORT::WANDB: model: actor, step: 132, train_lr: 0.000101523
TORCHFORT::WANDB: model: alpha, step: 132, train_loss: -2.68695
TORCHFORT::WANDB: model: alpha, step: 132, train_lr: 0.0001
TORCHFORT::WANDB: model: critic_0, step: 133, train_loss: 2.39464
TORCHFORT::WANDB: model: critic_0, step: 133, train_lr: 0.000101547
TORCHFORT::WANDB: model: actor, step: 133, train_loss: -0.972819
TORCHFORT::WANDB: model: actor, step: 133, train_lr: 0.000101547
TORCHFORT::WANDB: model: alpha, step: 133, train_loss: -2.7604
TORCHFORT::WANDB: model: alpha, step: 133, train_lr: 0.0001
TORCHFORT::WANDB: model: critic_0, step: 134, train_loss: 1.59829
TORCHFORT::WANDB: model: critic_0, step: 134, train_lr: 0.00010157
TORCHFORT::WANDB: model: actor, step: 134, train_loss: -0.755656
TORCHFORT::WANDB: model: actor, step: 134, train_lr: 0.00010157
TORCHFORT::WANDB: model: alpha, step: 134, train_loss: -2.74786
TORCHFORT::WANDB: model: alpha, step: 134, train_lr: 0.0001
TORCHFORT::WANDB: model: critic_0, step: 135, train_loss: 1.8799
TORCHFORT::WANDB: model: critic_0, step: 135, train_lr: 0.000101594
TORCHFORT::WANDB: model: actor, step: 135, train_loss: -0.764874
TORCHFORT::WANDB: model: actor, step: 135, train_lr: 0.000101594
TORCHFORT::WANDB: model: alpha, step: 135, train_loss: -2.73459
TORCHFORT::WANDB: model: alpha, step: 135, train_lr: 0.0001
TORCHFORT::WANDB: model: critic_0, step: 136, train_loss: 1.34437
TORCHFORT::WANDB: model: critic_0, step: 136, train_lr: 0.000101618
TORCHFORT::WANDB: model: actor, step: 136, train_loss: -0.747035
TORCHFORT::WANDB: model: actor, step: 136, train_lr: 0.000101618
TORCHFORT::WANDB: model: alpha, step: 136, train_loss: -2.76296
TORCHFORT::WANDB: model: alpha, step: 136, train_lr: 0.0001
TORCHFORT::WANDB: model: critic_0, step: 137, train_loss: 1.02892
TORCHFORT::WANDB: model: critic_0, step: 137, train_lr: 0.000101642
TORCHFORT::WANDB: model: actor, step: 137, train_loss: -0.676012
TORCHFORT::WANDB: model: actor, step: 137, train_lr: 0.000101642
TORCHFORT::WANDB: model: alpha, step: 137, train_loss: -2.72704
TORCHFORT::WANDB: model: alpha, step: 137, train_lr: 0.0001
TORCHFORT::WANDB: model: critic_0, step: 138, train_loss: 1.5137
TORCHFORT::WANDB: model: critic_0, step: 138, train_lr: 0.000101666
TORCHFORT::WANDB: model: actor, step: 138, train_loss: -0.747066
TORCHFORT::WANDB: model: actor, step: 138, train_lr: 0.000101666
TORCHFORT::WANDB: model: alpha, step: 138, train_loss: -2.75259
TORCHFORT::WANDB: model: alpha, step: 138, train_lr: 0.0001
TORCHFORT::WANDB: model: critic_0, step: 139, train_loss: 1.5255
TORCHFORT::WANDB: model: critic_0, step: 139, train_lr: 0.000101691
TORCHFORT::WANDB: model: actor, step: 139, train_loss: -0.75857
TORCHFORT::WANDB: model: actor, step: 139, train_lr: 0.000101691
TORCHFORT::WANDB: model: alpha, step: 139, train_loss: -2.62463
TORCHFORT::WANDB: model: alpha, step: 139, train_lr: 0.0001
TORCHFORT::WANDB: model: critic_0, step: 140, train_loss: 1.11955
TORCHFORT::WANDB: model: critic_0, step: 140, train_lr: 0.000101715
TORCHFORT::WANDB: model: actor, step: 140, train_loss: -0.616369
TORCHFORT::WANDB: model: actor, step: 140, train_lr: 0.000101715
TORCHFORT::WANDB: model: alpha, step: 140, train_loss: -2.71581
TORCHFORT::WANDB: model: alpha, step: 140, train_lr: 0.0001
TORCHFORT::WANDB: model: critic_0, step: 141, train_loss: 0.994189
TORCHFORT::WANDB: model: critic_0, step: 141, train_lr: 0.00010174
TORCHFORT::WANDB: model: actor, step: 141, train_loss: -0.532598
TORCHFORT::WANDB: model: actor, step: 141, train_lr: 0.00010174
TORCHFORT::WANDB: model: alpha, step: 141, train_loss: -2.70906
TORCHFORT::WANDB: model: alpha, step: 141, train_lr: 0.0001
TORCHFORT::WANDB: model: critic_0, step: 142, train_loss: 0.984277
TORCHFORT::WANDB: model: critic_0, step: 142, train_lr: 0.000101765
TORCHFORT::WANDB: model: actor, step: 142, train_loss: -0.659953
TORCHFORT::WANDB: model: actor, step: 142, train_lr: 0.000101765
TORCHFORT::WANDB: model: alpha, step: 142, train_loss: -2.64406
TORCHFORT::WANDB: model: alpha, step: 142, train_lr: 0.0001
TORCHFORT::WANDB: model: critic_0, step: 143, train_loss: 0.876276
TORCHFORT::WANDB: model: critic_0, step: 143, train_lr: 0.00010179
TORCHFORT::WANDB: model: actor, step: 143, train_loss: -0.597232
TORCHFORT::WANDB: model: actor, step: 143, train_lr: 0.00010179
TORCHFORT::WANDB: model: alpha, step: 143, train_loss: -2.67754
TORCHFORT::WANDB: model: alpha, step: 143, train_lr: 0.0001
TORCHFORT::WANDB: model: critic_0, step: 144, train_loss: 0.906953
TORCHFORT::WANDB: model: critic_0, step: 144, train_lr: 0.000101815
TORCHFORT::WANDB: model: actor, step: 144, train_loss: -0.547222
TORCHFORT::WANDB: model: actor, step: 144, train_lr: 0.000101815
TORCHFORT::WANDB: model: alpha, step: 144, train_loss: -2.66268
TORCHFORT::WANDB: model: alpha, step: 144, train_lr: 0.0001
TORCHFORT::WANDB: model: critic_0, step: 145, train_loss: 0.909623
TORCHFORT::WANDB: model: critic_0, step: 145, train_lr: 0.000101841
TORCHFORT::WANDB: model: actor, step: 145, train_loss: -0.579028
TORCHFORT::WANDB: model: actor, step: 145, train_lr: 0.000101841
TORCHFORT::WANDB: model: alpha, step: 145, train_loss: -2.684
TORCHFORT::WANDB: model: alpha, step: 145, train_lr: 0.0001
TORCHFORT::WANDB: model: critic_0, step: 146, train_loss: 0.884157
TORCHFORT::WANDB: model: critic_0, step: 146, train_lr: 0.000101866
TORCHFORT::WANDB: model: actor, step: 146, train_loss: -0.58001
TORCHFORT::WANDB: model: actor, step: 146, train_lr: 0.000101866
TORCHFORT::WANDB: model: alpha, step: 146, train_loss: -2.62409
TORCHFORT::WANDB: model: alpha, step: 146, train_lr: 0.0001
TORCHFORT::WANDB: model: critic_0, step: 147, train_loss: 0.923155
TORCHFORT::WANDB: model: critic_0, step: 147, train_lr: 0.000101892
TORCHFORT::WANDB: model: actor, step: 147, train_loss: -0.633381
TORCHFORT::WANDB: model: actor, step: 147, train_lr: 0.000101892
TORCHFORT::WANDB: model: alpha, step: 147, train_loss: -2.64366
TORCHFORT::WANDB: model: alpha, step: 147, train_lr: 0.0001
TORCHFORT::WANDB: model: critic_0, step: 148, train_loss: 0.921385
TORCHFORT::WANDB: model: critic_0, step: 148, train_lr: 0.000101918
TORCHFORT::WANDB: model: actor, step: 148, train_loss: -0.536459
TORCHFORT::WANDB: model: actor, step: 148, train_lr: 0.000101918
TORCHFORT::WANDB: model: alpha, step: 148, train_loss: -2.63641
TORCHFORT::WANDB: model: alpha, step: 148, train_lr: 0.0001
TORCHFORT::WANDB: model: critic_0, step: 149, train_loss: 0.746337
TORCHFORT::WANDB: model: critic_0, step: 149, train_lr: 0.000101944
TORCHFORT::WANDB: model: actor, step: 149, train_loss: -0.441105
TORCHFORT::WANDB: model: actor, step: 149, train_lr: 0.000101944
TORCHFORT::WANDB: model: alpha, step: 149, train_loss: -2.79023
TORCHFORT::WANDB: model: alpha, step: 149, train_lr: 0.0001
TORCHFORT::WANDB: model: critic_0, step: 150, train_loss: 0.817352
TORCHFORT::WANDB: model: critic_0, step: 150, train_lr: 0.000101971
TORCHFORT::WANDB: model: actor, step: 150, train_loss: -0.530766
TORCHFORT::WANDB: model: actor, step: 150, train_lr: 0.000101971
TORCHFORT::WANDB: model: alpha, step: 150, train_loss: -2.64788
TORCHFORT::WANDB: model: alpha, step: 150, train_lr: 0.0001
TORCHFORT::WANDB: model: critic_0, step: 151, train_loss: 0.909062
TORCHFORT::WANDB: model: critic_0, step: 151, train_lr: 0.000101997
TORCHFORT::WANDB: model: actor, step: 151, train_loss: -0.574439
TORCHFORT::WANDB: model: actor, step: 151, train_lr: 0.000101997
TORCHFORT::WANDB: model: alpha, step: 151, train_loss: -2.68212
TORCHFORT::WANDB: model: alpha, step: 151, train_lr: 0.0001
TORCHFORT::WANDB: model: critic_0, step: 152, train_loss: 0.653172
TORCHFORT::WANDB: model: critic_0, step: 152, train_lr: 0.000102024
TORCHFORT::WANDB: model: actor, step: 152, train_loss: -0.527612
TORCHFORT::WANDB: model: actor, step: 152, train_lr: 0.000102024
TORCHFORT::WANDB: model: alpha, step: 152, train_loss: -2.69136
TORCHFORT::WANDB: model: alpha, step: 152, train_lr: 0.0001
TORCHFORT::WANDB: model: critic_0, step: 153, train_loss: 0.771633
TORCHFORT::WANDB: model: critic_0, step: 153, train_lr: 0.000102051
TORCHFORT::WANDB: model: actor, step: 153, train_loss: -0.538914
TORCHFORT::WANDB: model: actor, step: 153, train_lr: 0.000102051
TORCHFORT::WANDB: model: alpha, step: 153, train_loss: -2.69008
TORCHFORT::WANDB: model: alpha, step: 153, train_lr: 0.0001
TORCHFORT::WANDB: model: critic_0, step: 154, train_loss: 0.806908
TORCHFORT::WANDB: model: critic_0, step: 154, train_lr: 0.000102078
TORCHFORT::WANDB: model: actor, step: 154, train_loss: -0.639308
TORCHFORT::WANDB: model: actor, step: 154, train_lr: 0.000102078
TORCHFORT::WANDB: model: alpha, step: 154, train_loss: -2.7166
TORCHFORT::WANDB: model: alpha, step: 154, train_lr: 0.0001
TORCHFORT::WANDB: model: critic_0, step: 155, train_loss: 0.484439
TORCHFORT::WANDB: model: critic_0, step: 155, train_lr: 0.000102105
TORCHFORT::WANDB: model: actor, step: 155, train_loss: -0.473666
TORCHFORT::WANDB: model: actor, step: 155, train_lr: 0.000102105
TORCHFORT::WANDB: model: alpha, step: 155, train_loss: -2.74868
TORCHFORT::WANDB: model: alpha, step: 155, train_lr: 0.0001
TORCHFORT::WANDB: model: critic_0, step: 156, train_loss: 0.53679
TORCHFORT::WANDB: model: critic_0, step: 156, train_lr: 0.000102132
TORCHFORT::WANDB: model: actor, step: 156, train_loss: -0.494822
TORCHFORT::WANDB: model: actor, step: 156, train_lr: 0.000102132
TORCHFORT::WANDB: model: alpha, step: 156, train_loss: -2.69983
TORCHFORT::WANDB: model: alpha, step: 156, train_lr: 0.0001
TORCHFORT::WANDB: model: critic_0, step: 157, train_loss: 0.679162
TORCHFORT::WANDB: model: critic_0, step: 157, train_lr: 0.00010216
TORCHFORT::WANDB: model: actor, step: 157, train_loss: -0.568832
TORCHFORT::WANDB: model: actor, step: 157, train_lr: 0.00010216
TORCHFORT::WANDB: model: alpha, step: 157, train_loss: -2.63073
TORCHFORT::WANDB: model: alpha, step: 157, train_lr: 0.0001
TORCHFORT::WANDB: model: critic_0, step: 158, train_loss: 0.612635
TORCHFORT::WANDB: model: critic_0, step: 158, train_lr: 0.000102188
TORCHFORT::WANDB: model: actor, step: 158, train_loss: -0.404462
TORCHFORT::WANDB: model: actor, step: 158, train_lr: 0.000102188
TORCHFORT::WANDB: model: alpha, step: 158, train_loss: -2.64249
TORCHFORT::WANDB: model: alpha, step: 158, train_lr: 0.0001
TORCHFORT::WANDB: model: critic_0, step: 159, train_loss: 1.59336
TORCHFORT::WANDB: model: critic_0, step: 159, train_lr: 0.000102216
TORCHFORT::WANDB: model: actor, step: 159, train_loss: -0.62762
TORCHFORT::WANDB: model: actor, step: 159, train_lr: 0.000102216
TORCHFORT::WANDB: model: alpha, step: 159, train_loss: -2.71279
TORCHFORT::WANDB: model: alpha, step: 159, train_lr: 0.0001
TORCHFORT::WANDB: model: critic_0, step: 160, train_loss: 0.556767
TORCHFORT::WANDB: model: critic_0, step: 160, train_lr: 0.000102244
TORCHFORT::WANDB: model: actor, step: 160, train_loss: -0.434163
TORCHFORT::WANDB: model: actor, step: 160, train_lr: 0.000102244
TORCHFORT::WANDB: model: alpha, step: 160, train_loss: -2.67552
TORCHFORT::WANDB: model: alpha, step: 160, train_lr: 0.0001
TORCHFORT::WANDB: model: critic_0, step: 161, train_loss: 0.716183
TORCHFORT::WANDB: model: critic_0, step: 161, train_lr: 0.000102272
TORCHFORT::WANDB: model: actor, step: 161, train_loss: -0.56802
TORCHFORT::WANDB: model: actor, step: 161, train_lr: 0.000102272
TORCHFORT::WANDB: model: alpha, step: 161, train_loss: -2.64838
TORCHFORT::WANDB: model: alpha, step: 161, train_lr: 0.0001
TORCHFORT::WANDB: model: critic_0, step: 162, train_loss: 0.460745
TORCHFORT::WANDB: model: critic_0, step: 162, train_lr: 0.000102301
TORCHFORT::WANDB: model: actor, step: 162, train_loss: -0.429568
TORCHFORT::WANDB: model: actor, step: 162, train_lr: 0.000102301
TORCHFORT::WANDB: model: alpha, step: 162, train_loss: -2.74346
TORCHFORT::WANDB: model: alpha, step: 162, train_lr: 0.0001
TORCHFORT::WANDB: model: critic_0, step: 163, train_loss: 0.654782
TORCHFORT::WANDB: model: critic_0, step: 163, train_lr: 0.000102329
TORCHFORT::WANDB: model: actor, step: 163, train_loss: -0.520443
TORCHFORT::WANDB: model: actor, step: 163, train_lr: 0.000102329
TORCHFORT::WANDB: model: alpha, step: 163, train_loss: -2.72525
TORCHFORT::WANDB: model: alpha, step: 163, train_lr: 0.0001
TORCHFORT::WANDB: model: critic_0, step: 164, train_loss: 0.525819
TORCHFORT::WANDB: model: critic_0, step: 164, train_lr: 0.000102358
TORCHFORT::WANDB: model: actor, step: 164, train_loss: -0.440052
TORCHFORT::WANDB: model: actor, step: 164, train_lr: 0.000102358
TORCHFORT::WANDB: model: alpha, step: 164, train_loss: -2.63618
TORCHFORT::WANDB: model: alpha, step: 164, train_lr: 0.0001
TORCHFORT::WANDB: model: critic_0, step: 165, train_loss: 0.37542
TORCHFORT::WANDB: model: critic_0, step: 165, train_lr: 0.000102387
TORCHFORT::WANDB: model: actor, step: 165, train_loss: -0.47181
TORCHFORT::WANDB: model: actor, step: 165, train_lr: 0.000102387
TORCHFORT::WANDB: model: alpha, step: 165, train_loss: -2.71121
TORCHFORT::WANDB: model: alpha, step: 165, train_lr: 0.0001
TORCHFORT::WANDB: model: critic_0, step: 166, train_loss: 0.608894
TORCHFORT::WANDB: model: critic_0, step: 166, train_lr: 0.000102416
TORCHFORT::WANDB: model: actor, step: 166, train_loss: -0.479465
TORCHFORT::WANDB: model: actor, step: 166, train_lr: 0.000102416
TORCHFORT::WANDB: model: alpha, step: 166, train_loss: -2.6639
TORCHFORT::WANDB: model: alpha, step: 166, train_lr: 0.0001
TORCHFORT::WANDB: model: critic_0, step: 167, train_loss: 0.414872
TORCHFORT::WANDB: model: critic_0, step: 167, train_lr: 0.000102445
TORCHFORT::WANDB: model: actor, step: 167, train_loss: -0.431441
TORCHFORT::WANDB: model: actor, step: 167, train_lr: 0.000102445
TORCHFORT::WANDB: model: alpha, step: 167, train_loss: -2.71078
TORCHFORT::WANDB: model: alpha, step: 167, train_lr: 0.0001
TORCHFORT::WANDB: model: critic_0, step: 168, train_loss: 0.346623
TORCHFORT::WANDB: model: critic_0, step: 168, train_lr: 0.000102475
TORCHFORT::WANDB: model: actor, step: 168, train_loss: -0.428069
TORCHFORT::WANDB: model: actor, step: 168, train_lr: 0.000102475
TORCHFORT::WANDB: model: alpha, step: 168, train_loss: -2.61365
TORCHFORT::WANDB: model: alpha, step: 168, train_lr: 0.0001
TORCHFORT::WANDB: model: critic_0, step: 169, train_loss: 0.308086
TORCHFORT::WANDB: model: critic_0, step: 169, train_lr: 0.000102505
TORCHFORT::WANDB: model: actor, step: 169, train_loss: -0.372427
TORCHFORT::WANDB: model: actor, step: 169, train_lr: 0.000102505
TORCHFORT::WANDB: model: alpha, step: 169, train_loss: -2.71423
TORCHFORT::WANDB: model: alpha, step: 169, train_lr: 0.0001
TORCHFORT::WANDB: model: critic_0, step: 170, train_loss: 0.44946
TORCHFORT::WANDB: model: critic_0, step: 170, train_lr: 0.000102535
TORCHFORT::WANDB: model: actor, step: 170, train_loss: -0.396323
TORCHFORT::WANDB: model: actor, step: 170, train_lr: 0.000102535
TORCHFORT::WANDB: model: alpha, step: 170, train_loss: -2.69159
TORCHFORT::WANDB: model: alpha, step: 170, train_lr: 0.0001
TORCHFORT::WANDB: model: critic_0, step: 171, train_loss: 0.39374
TORCHFORT::WANDB: model: critic_0, step: 171, train_lr: 0.000102565
TORCHFORT::WANDB: model: actor, step: 171, train_loss: -0.461259
TORCHFORT::WANDB: model: actor, step: 171, train_lr: 0.000102565
TORCHFORT::WANDB: model: alpha, step: 171, train_loss: -2.67694
TORCHFORT::WANDB: model: alpha, step: 171, train_lr: 0.0001
TORCHFORT::WANDB: model: critic_0, step: 172, train_loss: 0.53853
TORCHFORT::WANDB: model: critic_0, step: 172, train_lr: 0.000102595
TORCHFORT::WANDB: model: actor, step: 172, train_loss: -0.502255
TORCHFORT::WANDB: model: actor, step: 172, train_lr: 0.000102595
TORCHFORT::WANDB: model: alpha, step: 172, train_loss: -2.6893
TORCHFORT::WANDB: model: alpha, step: 172, train_lr: 0.0001
TORCHFORT::WANDB: model: critic_0, step: 173, train_loss: 0.463138
TORCHFORT::WANDB: model: critic_0, step: 173, train_lr: 0.000102625
TORCHFORT::WANDB: model: actor, step: 173, train_loss: -0.441534
TORCHFORT::WANDB: model: actor, step: 173, train_lr: 0.000102625
TORCHFORT::WANDB: model: alpha, step: 173, train_loss: -2.7655
TORCHFORT::WANDB: model: alpha, step: 173, train_lr: 0.0001
TORCHFORT::WANDB: model: critic_0, step: 174, train_loss: 0.402267
TORCHFORT::WANDB: model: critic_0, step: 174, train_lr: 0.000102656
TORCHFORT::WANDB: model: actor, step: 174, train_loss: -0.408837
TORCHFORT::WANDB: model: actor, step: 174, train_lr: 0.000102656
TORCHFORT::WANDB: model: alpha, step: 174, train_loss: -2.7282
TORCHFORT::WANDB: model: alpha, step: 174, train_lr: 0.0001
TORCHFORT::WANDB: model: critic_0, step: 175, train_loss: 0.341186
TORCHFORT::WANDB: model: critic_0, step: 175, train_lr: 0.000102687
TORCHFORT::WANDB: model: actor, step: 175, train_loss: -0.411243
TORCHFORT::WANDB: model: actor, step: 175, train_lr: 0.000102687
TORCHFORT::WANDB: model: alpha, step: 175, train_loss: -2.58898
TORCHFORT::WANDB: model: alpha, step: 175, train_lr: 0.0001
TORCHFORT::WANDB: model: critic_0, step: 176, train_loss: 0.349086
TORCHFORT::WANDB: model: critic_0, step: 176, train_lr: 0.000102718
TORCHFORT::WANDB: model: actor, step: 176, train_loss: -0.38339
TORCHFORT::WANDB: model: actor, step: 176, train_lr: 0.000102718
TORCHFORT::WANDB: model: alpha, step: 176, train_loss: -2.70257
TORCHFORT::WANDB: model: alpha, step: 176, train_lr: 0.0001
TORCHFORT::WANDB: model: critic_0, step: 177, train_loss: 1.02988
TORCHFORT::WANDB: model: critic_0, step: 177, train_lr: 0.000102749
TORCHFORT::WANDB: model: actor, step: 177, train_loss: -0.509983
TORCHFORT::WANDB: model: actor, step: 177, train_lr: 0.000102749
TORCHFORT::WANDB: model: alpha, step: 177, train_loss: -2.71418
TORCHFORT::WANDB: model: alpha, step: 177, train_lr: 0.0001
TORCHFORT::WANDB: model: critic_0, step: 178, train_loss: 0.486898
TORCHFORT::WANDB: model: critic_0, step: 178, train_lr: 0.00010278
TORCHFORT::WANDB: model: actor, step: 178, train_loss: -0.411648
TORCHFORT::WANDB: model: actor, step: 178, train_lr: 0.00010278
TORCHFORT::WANDB: model: alpha, step: 178, train_loss: -2.65488
TORCHFORT::WANDB: model: alpha, step: 178, train_lr: 0.0001
TORCHFORT::WANDB: model: critic_0, step: 179, train_loss: 0.498931
TORCHFORT::WANDB: model: critic_0, step: 179, train_lr: 0.000102811
TORCHFORT::WANDB: model: actor, step: 179, train_loss: -0.414601
TORCHFORT::WANDB: model: actor, step: 179, train_lr: 0.000102811
TORCHFORT::WANDB: model: alpha, step: 179, train_loss: -2.61822
TORCHFORT::WANDB: model: alpha, step: 179, train_lr: 0.0001
TORCHFORT::WANDB: model: critic_0, step: 180, train_loss: 0.25856
TORCHFORT::WANDB: model: critic_0, step: 180, train_lr: 0.000102843
TORCHFORT::WANDB: model: actor, step: 180, train_loss: -0.363039
TORCHFORT::WANDB: model: actor, step: 180, train_lr: 0.000102843
TORCHFORT::WANDB: model: alpha, step: 180, train_loss: -2.73537
TORCHFORT::WANDB: model: alpha, step: 180, train_lr: 0.0001
TORCHFORT::WANDB: model: critic_0, step: 181, train_loss: 0.963149
TORCHFORT::WANDB: model: critic_0, step: 181, train_lr: 0.000102875
TORCHFORT::WANDB: model: actor, step: 181, train_loss: -0.480909
TORCHFORT::WANDB: model: actor, step: 181, train_lr: 0.000102875
TORCHFORT::WANDB: model: alpha, step: 181, train_loss: -2.64984
TORCHFORT::WANDB: model: alpha, step: 181, train_lr: 0.0001
TORCHFORT::WANDB: model: critic_0, step: 182, train_loss: 0.349256
TORCHFORT::WANDB: model: critic_0, step: 182, train_lr: 0.000102907
TORCHFORT::WANDB: model: actor, step: 182, train_loss: -0.35161
TORCHFORT::WANDB: model: actor, step: 182, train_lr: 0.000102907
TORCHFORT::WANDB: model: alpha, step: 182, train_loss: -2.64352
TORCHFORT::WANDB: model: alpha, step: 182, train_lr: 0.0001
TORCHFORT::WANDB: model: critic_0, step: 183, train_loss: 0.278669
TORCHFORT::WANDB: model: critic_0, step: 183, train_lr: 0.000102939
TORCHFORT::WANDB: model: actor, step: 183, train_loss: -0.334588
TORCHFORT::WANDB: model: actor, step: 183, train_lr: 0.000102939
TORCHFORT::WANDB: model: alpha, step: 183, train_loss: -2.59647
TORCHFORT::WANDB: model: alpha, step: 183, train_lr: 0.0001
TORCHFORT::WANDB: model: critic_0, step: 184, train_loss: 0.357609
TORCHFORT::WANDB: model: critic_0, step: 184, train_lr: 0.000102971
TORCHFORT::WANDB: model: actor, step: 184, train_loss: -0.360429
TORCHFORT::WANDB: model: actor, step: 184, train_lr: 0.000102971
TORCHFORT::WANDB: model: alpha, step: 184, train_loss: -2.68456
TORCHFORT::WANDB: model: alpha, step: 184, train_lr: 0.0001
TORCHFORT::WANDB: model: critic_0, step: 185, train_loss: 0.275816
TORCHFORT::WANDB: model: critic_0, step: 185, train_lr: 0.000103004
TORCHFORT::WANDB: model: actor, step: 185, train_loss: -0.285618
TORCHFORT::WANDB: model: actor, step: 185, train_lr: 0.000103004
TORCHFORT::WANDB: model: alpha, step: 185, train_loss: -2.72023
TORCHFORT::WANDB: model: alpha, step: 185, train_lr: 0.0001
TORCHFORT::WANDB: model: critic_0, step: 186, train_loss: 0.386076
TORCHFORT::WANDB: model: critic_0, step: 186, train_lr: 0.000103037
TORCHFORT::WANDB: model: actor, step: 186, train_loss: -0.335023
TORCHFORT::WANDB: model: actor, step: 186, train_lr: 0.000103037
TORCHFORT::WANDB: model: alpha, step: 186, train_loss: -2.57935
TORCHFORT::WANDB: model: alpha, step: 186, train_lr: 0.0001
TORCHFORT::WANDB: model: critic_0, step: 187, train_loss: 0.242579
TORCHFORT::WANDB: model: critic_0, step: 187, train_lr: 0.00010307
TORCHFORT::WANDB: model: actor, step: 187, train_loss: -0.253599
TORCHFORT::WANDB: model: actor, step: 187, train_lr: 0.00010307
TORCHFORT::WANDB: model: alpha, step: 187, train_loss: -2.66523
TORCHFORT::WANDB: model: alpha, step: 187, train_lr: 0.0001
TORCHFORT::WANDB: model: critic_0, step: 188, train_loss: 0.269148
TORCHFORT::WANDB: model: critic_0, step: 188, train_lr: 0.000103103
TORCHFORT::WANDB: model: actor, step: 188, train_loss: -0.311007
TORCHFORT::WANDB: model: actor, step: 188, train_lr: 0.000103103
TORCHFORT::WANDB: model: alpha, step: 188, train_loss: -2.69818
TORCHFORT::WANDB: model: alpha, step: 188, train_lr: 0.0001
TORCHFORT::WANDB: model: critic_0, step: 189, train_loss: 0.260829
TORCHFORT::WANDB: model: critic_0, step: 189, train_lr: 0.000103136
TORCHFORT::WANDB: model: actor, step: 189, train_loss: -0.3208
TORCHFORT::WANDB: model: actor, step: 189, train_lr: 0.000103136
TORCHFORT::WANDB: model: alpha, step: 189, train_loss: -2.7027
TORCHFORT::WANDB: model: alpha, step: 189, train_lr: 0.0001
TORCHFORT::WANDB: model: critic_0, step: 190, train_loss: 0.275515
TORCHFORT::WANDB: model: critic_0, step: 190, train_lr: 0.000103169
TORCHFORT::WANDB: model: actor, step: 190, train_loss: -0.32526
TORCHFORT::WANDB: model: actor, step: 190, train_lr: 0.000103169
TORCHFORT::WANDB: model: alpha, step: 190, train_loss: -2.63149
TORCHFORT::WANDB: model: alpha, step: 190, train_lr: 0.0001
TORCHFORT::WANDB: model: critic_0, step: 191, train_loss: 0.529253
TORCHFORT::WANDB: model: critic_0, step: 191, train_lr: 0.000103203
TORCHFORT::WANDB: model: actor, step: 191, train_loss: -0.381848
TORCHFORT::WANDB: model: actor, step: 191, train_lr: 0.000103203
TORCHFORT::WANDB: model: alpha, step: 191, train_loss: -2.69546
TORCHFORT::WANDB: model: alpha, step: 191, train_lr: 0.0001
TORCHFORT::WANDB: model: critic_0, step: 192, train_loss: 0.286693
TORCHFORT::WANDB: model: critic_0, step: 192, train_lr: 0.000103237
TORCHFORT::WANDB: model: actor, step: 192, train_loss: -0.274535
TORCHFORT::WANDB: model: actor, step: 192, train_lr: 0.000103237
TORCHFORT::WANDB: model: alpha, step: 192, train_loss: -2.64889
TORCHFORT::WANDB: model: alpha, step: 192, train_lr: 0.0001
TORCHFORT::WANDB: model: critic_0, step: 193, train_loss: 0.219527
TORCHFORT::WANDB: model: critic_0, step: 193, train_lr: 0.000103271
TORCHFORT::WANDB: model: actor, step: 193, train_loss: -0.284603
TORCHFORT::WANDB: model: actor, step: 193, train_lr: 0.000103271
TORCHFORT::WANDB: model: alpha, step: 193, train_loss: -2.66953
TORCHFORT::WANDB: model: alpha, step: 193, train_lr: 0.0001
TORCHFORT::WANDB: model: critic_0, step: 194, train_loss: 0.252347
TORCHFORT::WANDB: model: critic_0, step: 194, train_lr: 0.000103305
TORCHFORT::WANDB: model: actor, step: 194, train_loss: -0.348498
TORCHFORT::WANDB: model: actor, step: 194, train_lr: 0.000103305
TORCHFORT::WANDB: model: alpha, step: 194, train_loss: -2.75345
TORCHFORT::WANDB: model: alpha, step: 194, train_lr: 0.0001
TORCHFORT::WANDB: model: critic_0, step: 195, train_loss: 1.46353
TORCHFORT::WANDB: model: critic_0, step: 195, train_lr: 0.000103339
TORCHFORT::WANDB: model: actor, step: 195, train_loss: -0.391405
TORCHFORT::WANDB: model: actor, step: 195, train_lr: 0.000103339
TORCHFORT::WANDB: model: alpha, step: 195, train_loss: -2.60772
TORCHFORT::WANDB: model: alpha, step: 195, train_lr: 0.0001
TORCHFORT::WANDB: model: critic_0, step: 196, train_loss: 0.317621
TORCHFORT::WANDB: model: critic_0, step: 196, train_lr: 0.000103373
TORCHFORT::WANDB: model: actor, step: 196, train_loss: -0.310523
TORCHFORT::WANDB: model: actor, step: 196, train_lr: 0.000103373
TORCHFORT::WANDB: model: alpha, step: 196, train_loss: -2.67713
TORCHFORT::WANDB: model: alpha, step: 196, train_lr: 0.0001
TORCHFORT::WANDB: model: critic_0, step: 197, train_loss: 0.178684
TORCHFORT::WANDB: model: critic_0, step: 197, train_lr: 0.000103408
TORCHFORT::WANDB: model: actor, step: 197, train_loss: -0.284927
TORCHFORT::WANDB: model: actor, step: 197, train_lr: 0.000103408
TORCHFORT::WANDB: model: alpha, step: 197, train_loss: -2.74584
TORCHFORT::WANDB: model: alpha, step: 197, train_lr: 0.0001
TORCHFORT::WANDB: model: critic_0, step: 198, train_loss: 0.236016
TORCHFORT::WANDB: model: critic_0, step: 198, train_lr: 0.000103443
TORCHFORT::WANDB: model: actor, step: 198, train_loss: -0.302537
TORCHFORT::WANDB: model: actor, step: 198, train_lr: 0.000103443
TORCHFORT::WANDB: model: alpha, step: 198, train_loss: -2.69141
TORCHFORT::WANDB: model: alpha, step: 198, train_lr: 0.0001
TORCHFORT::WANDB: model: critic_0, step: 199, train_loss: 0.197589
TORCHFORT::WANDB: model: critic_0, step: 199, train_lr: 0.000103478
TORCHFORT::WANDB: model: actor, step: 199, train_loss: -0.315238
TORCHFORT::WANDB: model: actor, step: 199, train_lr: 0.000103478
TORCHFORT::WANDB: model: alpha, step: 199, train_loss: -2.64392
TORCHFORT::WANDB: model: alpha, step: 199, train_lr: 0.0001
TORCHFORT::WANDB: model: critic_0, step: 200, train_loss: 0.212945
TORCHFORT::WANDB: model: critic_0, step: 200, train_lr: 0.000103513
TORCHFORT::WANDB: model: actor, step: 200, train_loss: -0.258927
TORCHFORT::WANDB: model: actor, step: 200, train_lr: 0.000103513
TORCHFORT::WANDB: model: alpha, step: 200, train_loss: -2.73208
TORCHFORT::WANDB: model: alpha, step: 200, train_lr: 0.0001
TORCHFORT::WANDB: model: rlwm, step: 2, reward_sum: 1304.07
TORCHFORT::WANDB: model: rlwm, step: 2, policy_loss: -0.258927
TORCHFORT::WANDB: model: rlwm, step: 2, critic_loss: 0.212945
TORCHFORT::WANDB: model: critic_0, step: 201, train_loss: 0.248646
TORCHFORT::WANDB: model: critic_0, step: 201, train_lr: 0.000103548
TORCHFORT::WANDB: model: actor, step: 201, train_loss: -0.260539
TORCHFORT::WANDB: model: actor, step: 201, train_lr: 0.000103548
TORCHFORT::WANDB: model: alpha, step: 201, train_loss: -2.73141
TORCHFORT::WANDB: model: alpha, step: 201, train_lr: 0.0001
TORCHFORT::WANDB: model: critic_0, step: 202, train_loss: 0.255145
TORCHFORT::WANDB: model: critic_0, step: 202, train_lr: 0.000103584
TORCHFORT::WANDB: model: actor, step: 202, train_loss: -0.335318
TORCHFORT::WANDB: model: actor, step: 202, train_lr: 0.000103584
TORCHFORT::WANDB: model: alpha, step: 202, train_loss: -2.72516
TORCHFORT::WANDB: model: alpha, step: 202, train_lr: 0.0001
TORCHFORT::WANDB: model: critic_0, step: 203, train_loss: 0.229003
TORCHFORT::WANDB: model: critic_0, step: 203, train_lr: 0.00010362
TORCHFORT::WANDB: model: actor, step: 203, train_loss: -0.287411
TORCHFORT::WANDB: model: actor, step: 203, train_lr: 0.00010362
TORCHFORT::WANDB: model: alpha, step: 203, train_loss: -2.72414
TORCHFORT::WANDB: model: alpha, step: 203, train_lr: 0.0001
TORCHFORT::WANDB: model: critic_0, step: 204, train_loss: 0.289514
TORCHFORT::WANDB: model: critic_0, step: 204, train_lr: 0.000103655
TORCHFORT::WANDB: model: actor, step: 204, train_loss: -0.201767
TORCHFORT::WANDB: model: actor, step: 204, train_lr: 0.000103655
TORCHFORT::WANDB: model: alpha, step: 204, train_loss: -2.72069
TORCHFORT::WANDB: model: alpha, step: 204, train_lr: 0.0001
TORCHFORT::WANDB: model: critic_0, step: 205, train_loss: 0.236498
TORCHFORT::WANDB: model: critic_0, step: 205, train_lr: 0.000103692
TORCHFORT::WANDB: model: actor, step: 205, train_loss: -0.246876
TORCHFORT::WANDB: model: actor, step: 205, train_lr: 0.000103692
TORCHFORT::WANDB: model: alpha, step: 205, train_loss: -2.71133
TORCHFORT::WANDB: model: alpha, step: 205, train_lr: 0.0001
TORCHFORT::WANDB: model: critic_0, step: 206, train_loss: 0.377122
TORCHFORT::WANDB: model: critic_0, step: 206, train_lr: 0.000103728
TORCHFORT::WANDB: model: actor, step: 206, train_loss: -0.326228
TORCHFORT::WANDB: model: actor, step: 206, train_lr: 0.000103728
TORCHFORT::WANDB: model: alpha, step: 206, train_loss: -2.75818
TORCHFORT::WANDB: model: alpha, step: 206, train_lr: 0.0001
TORCHFORT::WANDB: model: critic_0, step: 207, train_loss: 0.611641
TORCHFORT::WANDB: model: critic_0, step: 207, train_lr: 0.000103764
TORCHFORT::WANDB: model: actor, step: 207, train_loss: -0.377128
TORCHFORT::WANDB: model: actor, step: 207, train_lr: 0.000103764
TORCHFORT::WANDB: model: alpha, step: 207, train_loss: -2.74657
TORCHFORT::WANDB: model: alpha, step: 207, train_lr: 0.0001
TORCHFORT::WANDB: model: critic_0, step: 208, train_loss: 0.437077
TORCHFORT::WANDB: model: critic_0, step: 208, train_lr: 0.000103801
TORCHFORT::WANDB: model: actor, step: 208, train_loss: -0.34971
TORCHFORT::WANDB: model: actor, step: 208, train_lr: 0.000103801
TORCHFORT::WANDB: model: alpha, step: 208, train_loss: -2.71293
TORCHFORT::WANDB: model: alpha, step: 208, train_lr: 0.0001
TORCHFORT::WANDB: model: critic_0, step: 209, train_loss: 0.218598
TORCHFORT::WANDB: model: critic_0, step: 209, train_lr: 0.000103838
TORCHFORT::WANDB: model: actor, step: 209, train_loss: -0.240881
TORCHFORT::WANDB: model: actor, step: 209, train_lr: 0.000103838
TORCHFORT::WANDB: model: alpha, step: 209, train_loss: -2.62217
TORCHFORT::WANDB: model: alpha, step: 209, train_lr: 0.0001
TORCHFORT::WANDB: model: critic_0, step: 210, train_loss: 0.273494
TORCHFORT::WANDB: model: critic_0, step: 210, train_lr: 0.000103874
TORCHFORT::WANDB: model: actor, step: 210, train_loss: -0.253765
TORCHFORT::WANDB: model: actor, step: 210, train_lr: 0.000103874
TORCHFORT::WANDB: model: alpha, step: 210, train_loss: -2.6702
TORCHFORT::WANDB: model: alpha, step: 210, train_lr: 0.0001
TORCHFORT::WANDB: model: critic_0, step: 211, train_loss: 0.375747
TORCHFORT::WANDB: model: critic_0, step: 211, train_lr: 0.000103912
TORCHFORT::WANDB: model: actor, step: 211, train_loss: -0.301252
TORCHFORT::WANDB: model: actor, step: 211, train_lr: 0.000103912
TORCHFORT::WANDB: model: alpha, step: 211, train_loss: -2.70124
TORCHFORT::WANDB: model: alpha, step: 211, train_lr: 0.0001
TORCHFORT::WANDB: model: critic_0, step: 212, train_loss: 0.264336
TORCHFORT::WANDB: model: critic_0, step: 212, train_lr: 0.000103949
TORCHFORT::WANDB: model: actor, step: 212, train_loss: -0.287699
TORCHFORT::WANDB: model: actor, step: 212, train_lr: 0.000103949
TORCHFORT::WANDB: model: alpha, step: 212, train_loss: -2.73351
TORCHFORT::WANDB: model: alpha, step: 212, train_lr: 0.0001
TORCHFORT::WANDB: model: critic_0, step: 213, train_loss: 0.235115
TORCHFORT::WANDB: model: critic_0, step: 213, train_lr: 0.000103986
TORCHFORT::WANDB: model: actor, step: 213, train_loss: -0.21536
TORCHFORT::WANDB: model: actor, step: 213, train_lr: 0.000103986
TORCHFORT::WANDB: model: alpha, step: 213, train_loss: -2.70975
TORCHFORT::WANDB: model: alpha, step: 213, train_lr: 0.0001
TORCHFORT::WANDB: model: critic_0, step: 214, train_loss: 0.182782
TORCHFORT::WANDB: model: critic_0, step: 214, train_lr: 0.000104024
TORCHFORT::WANDB: model: actor, step: 214, train_loss: -0.225843
TORCHFORT::WANDB: model: actor, step: 214, train_lr: 0.000104024
TORCHFORT::WANDB: model: alpha, step: 214, train_loss: -2.73707
TORCHFORT::WANDB: model: alpha, step: 214, train_lr: 0.0001
TORCHFORT::WANDB: model: critic_0, step: 215, train_loss: 0.170547
TORCHFORT::WANDB: model: critic_0, step: 215, train_lr: 0.000104062
TORCHFORT::WANDB: model: actor, step: 215, train_loss: -0.224854
TORCHFORT::WANDB: model: actor, step: 215, train_lr: 0.000104062
TORCHFORT::WANDB: model: alpha, step: 215, train_loss: -2.59562
TORCHFORT::WANDB: model: alpha, step: 215, train_lr: 0.0001
TORCHFORT::WANDB: model: critic_0, step: 216, train_loss: 0.201185
TORCHFORT::WANDB: model: critic_0, step: 216, train_lr: 0.0001041
TORCHFORT::WANDB: model: actor, step: 216, train_loss: -0.190281
TORCHFORT::WANDB: model: actor, step: 216, train_lr: 0.0001041
TORCHFORT::WANDB: model: alpha, step: 216, train_loss: -2.62873
TORCHFORT::WANDB: model: alpha, step: 216, train_lr: 0.0001
TORCHFORT::WANDB: model: critic_0, step: 217, train_loss: 0.20191
TORCHFORT::WANDB: model: critic_0, step: 217, train_lr: 0.000104138
TORCHFORT::WANDB: model: actor, step: 217, train_loss: -0.191596
TORCHFORT::WANDB: model: actor, step: 217, train_lr: 0.000104138
TORCHFORT::WANDB: model: alpha, step: 217, train_loss: -2.68917
TORCHFORT::WANDB: model: alpha, step: 217, train_lr: 0.0001
TORCHFORT::WANDB: model: critic_0, step: 218, train_loss: 0.171399
TORCHFORT::WANDB: model: critic_0, step: 218, train_lr: 0.000104176
TORCHFORT::WANDB: model: actor, step: 218, train_loss: -0.19594
TORCHFORT::WANDB: model: actor, step: 218, train_lr: 0.000104176
TORCHFORT::WANDB: model: alpha, step: 218, train_loss: -2.71443
TORCHFORT::WANDB: model: alpha, step: 218, train_lr: 0.0001
TORCHFORT::WANDB: model: critic_0, step: 219, train_loss: 0.226998
TORCHFORT::WANDB: model: critic_0, step: 219, train_lr: 0.000104215
TORCHFORT::WANDB: model: actor, step: 219, train_loss: -0.274626
TORCHFORT::WANDB: model: actor, step: 219, train_lr: 0.000104215
TORCHFORT::WANDB: model: alpha, step: 219, train_loss: -2.73385
TORCHFORT::WANDB: model: alpha, step: 219, train_lr: 0.0001
TORCHFORT::WANDB: model: critic_0, step: 220, train_loss: 0.20127
TORCHFORT::WANDB: model: critic_0, step: 220, train_lr: 0.000104253
TORCHFORT::WANDB: model: actor, step: 220, train_loss: -0.233896
TORCHFORT::WANDB: model: actor, step: 220, train_lr: 0.000104253
TORCHFORT::WANDB: model: alpha, step: 220, train_loss: -2.68501
TORCHFORT::WANDB: model: alpha, step: 220, train_lr: 0.0001
TORCHFORT::WANDB: model: critic_0, step: 221, train_loss: 1.12795
TORCHFORT::WANDB: model: critic_0, step: 221, train_lr: 0.000104292
TORCHFORT::WANDB: model: actor, step: 221, train_loss: -0.339622
TORCHFORT::WANDB: model: actor, step: 221, train_lr: 0.000104292
TORCHFORT::WANDB: model: alpha, step: 221, train_loss: -2.65519
TORCHFORT::WANDB: model: alpha, step: 221, train_lr: 0.0001
TORCHFORT::WANDB: model: critic_0, step: 222, train_loss: 0.207194
TORCHFORT::WANDB: model: critic_0, step: 222, train_lr: 0.000104331
TORCHFORT::WANDB: model: actor, step: 222, train_loss: -0.246203
TORCHFORT::WANDB: model: actor, step: 222, train_lr: 0.000104331
TORCHFORT::WANDB: model: alpha, step: 222, train_loss: -2.65326
TORCHFORT::WANDB: model: alpha, step: 222, train_lr: 0.0001
TORCHFORT::WANDB: model: critic_0, step: 223, train_loss: 0.211557
TORCHFORT::WANDB: model: critic_0, step: 223, train_lr: 0.000104371
TORCHFORT::WANDB: model: actor, step: 223, train_loss: -0.147114
TORCHFORT::WANDB: model: actor, step: 223, train_lr: 0.000104371
TORCHFORT::WANDB: model: alpha, step: 223, train_loss: -2.67158
TORCHFORT::WANDB: model: alpha, step: 223, train_lr: 0.0001
TORCHFORT::WANDB: model: critic_0, step: 224, train_loss: 0.283403
TORCHFORT::WANDB: model: critic_0, step: 224, train_lr: 0.00010441
TORCHFORT::WANDB: model: actor, step: 224, train_loss: -0.22748
TORCHFORT::WANDB: model: actor, step: 224, train_lr: 0.00010441
TORCHFORT::WANDB: model: alpha, step: 224, train_loss: -2.67334
TORCHFORT::WANDB: model: alpha, step: 224, train_lr: 0.0001
TORCHFORT::WANDB: model: critic_0, step: 225, train_loss: 0.192059
TORCHFORT::WANDB: model: critic_0, step: 225, train_lr: 0.00010445
TORCHFORT::WANDB: model: actor, step: 225, train_loss: -0.183858
TORCHFORT::WANDB: model: actor, step: 225, train_lr: 0.00010445
TORCHFORT::WANDB: model: alpha, step: 225, train_loss: -2.753
TORCHFORT::WANDB: model: alpha, step: 225, train_lr: 0.0001
TORCHFORT::WANDB: model: critic_0, step: 226, train_loss: 0.141639
TORCHFORT::WANDB: model: critic_0, step: 226, train_lr: 0.000104489
TORCHFORT::WANDB: model: actor, step: 226, train_loss: -0.171937
TORCHFORT::WANDB: model: actor, step: 226, train_lr: 0.000104489
TORCHFORT::WANDB: model: alpha, step: 226, train_loss: -2.75843
TORCHFORT::WANDB: model: alpha, step: 226, train_lr: 0.0001
TORCHFORT::WANDB: model: critic_0, step: 227, train_loss: 0.159574
TORCHFORT::WANDB: model: critic_0, step: 227, train_lr: 0.000104529
TORCHFORT::WANDB: model: actor, step: 227, train_loss: -0.152753
TORCHFORT::WANDB: model: actor, step: 227, train_lr: 0.000104529
TORCHFORT::WANDB: model: alpha, step: 227, train_loss: -2.6364
TORCHFORT::WANDB: model: alpha, step: 227, train_lr: 0.0001
TORCHFORT::WANDB: model: critic_0, step: 228, train_loss: 0.196936
TORCHFORT::WANDB: model: critic_0, step: 228, train_lr: 0.000104569
TORCHFORT::WANDB: model: actor, step: 228, train_loss: -0.155857
TORCHFORT::WANDB: model: actor, step: 228, train_lr: 0.000104569
TORCHFORT::WANDB: model: alpha, step: 228, train_loss: -2.7058
TORCHFORT::WANDB: model: alpha, step: 228, train_lr: 0.0001
TORCHFORT::WANDB: model: critic_0, step: 229, train_loss: 0.155472
TORCHFORT::WANDB: model: critic_0, step: 229, train_lr: 0.00010461
TORCHFORT::WANDB: model: actor, step: 229, train_loss: -0.159875
TORCHFORT::WANDB: model: actor, step: 229, train_lr: 0.00010461
TORCHFORT::WANDB: model: alpha, step: 229, train_loss: -2.65275
TORCHFORT::WANDB: model: alpha, step: 229, train_lr: 0.0001
TORCHFORT::WANDB: model: critic_0, step: 230, train_loss: 0.227821
TORCHFORT::WANDB: model: critic_0, step: 230, train_lr: 0.00010465
TORCHFORT::WANDB: model: actor, step: 230, train_loss: -0.264627
TORCHFORT::WANDB: model: actor, step: 230, train_lr: 0.00010465
TORCHFORT::WANDB: model: alpha, step: 230, train_loss: -2.70521
TORCHFORT::WANDB: model: alpha, step: 230, train_lr: 0.0001
TORCHFORT::WANDB: model: critic_0, step: 231, train_loss: 0.258923
TORCHFORT::WANDB: model: critic_0, step: 231, train_lr: 0.000104691
TORCHFORT::WANDB: model: actor, step: 231, train_loss: -0.241524
TORCHFORT::WANDB: model: actor, step: 231, train_lr: 0.000104691
TORCHFORT::WANDB: model: alpha, step: 231, train_loss: -2.75997
TORCHFORT::WANDB: model: alpha, step: 231, train_lr: 0.0001
TORCHFORT::WANDB: model: critic_0, step: 232, train_loss: 0.168742
TORCHFORT::WANDB: model: critic_0, step: 232, train_lr: 0.000104732
TORCHFORT::WANDB: model: actor, step: 232, train_loss: -0.208861
TORCHFORT::WANDB: model: actor, step: 232, train_lr: 0.000104732
TORCHFORT::WANDB: model: alpha, step: 232, train_loss: -2.66566
TORCHFORT::WANDB: model: alpha, step: 232, train_lr: 0.0001
TORCHFORT::WANDB: model: critic_0, step: 233, train_loss: 0.173563
TORCHFORT::WANDB: model: critic_0, step: 233, train_lr: 0.000104773
TORCHFORT::WANDB: model: actor, step: 233, train_loss: -0.166228
TORCHFORT::WANDB: model: actor, step: 233, train_lr: 0.000104773
TORCHFORT::WANDB: model: alpha, step: 233, train_loss: -2.73464
TORCHFORT::WANDB: model: alpha, step: 233, train_lr: 0.0001
TORCHFORT::WANDB: model: critic_0, step: 234, train_loss: 0.121742
TORCHFORT::WANDB: model: critic_0, step: 234, train_lr: 0.000104814
TORCHFORT::WANDB: model: actor, step: 234, train_loss: -0.226094
TORCHFORT::WANDB: model: actor, step: 234, train_lr: 0.000104814
TORCHFORT::WANDB: model: alpha, step: 234, train_loss: -2.70732
TORCHFORT::WANDB: model: alpha, step: 234, train_lr: 0.0001
TORCHFORT::WANDB: model: critic_0, step: 235, train_loss: 0.164139
TORCHFORT::WANDB: model: critic_0, step: 235, train_lr: 0.000104855
TORCHFORT::WANDB: model: actor, step: 235, train_loss: -0.178996
TORCHFORT::WANDB: model: actor, step: 235, train_lr: 0.000104855
TORCHFORT::WANDB: model: alpha, step: 235, train_loss: -2.58916
TORCHFORT::WANDB: model: alpha, step: 235, train_lr: 0.0001
TORCHFORT::WANDB: model: critic_0, step: 236, train_loss: 0.17387
TORCHFORT::WANDB: model: critic_0, step: 236, train_lr: 0.000104897
TORCHFORT::WANDB: model: actor, step: 236, train_loss: -0.176525
TORCHFORT::WANDB: model: actor, step: 236, train_lr: 0.000104897
TORCHFORT::WANDB: model: alpha, step: 236, train_loss: -2.70699
TORCHFORT::WANDB: model: alpha, step: 236, train_lr: 0.0001
TORCHFORT::WANDB: model: critic_0, step: 237, train_loss: 0.174052
TORCHFORT::WANDB: model: critic_0, step: 237, train_lr: 0.000104938
TORCHFORT::WANDB: model: actor, step: 237, train_loss: -0.184985
TORCHFORT::WANDB: model: actor, step: 237, train_lr: 0.000104938
TORCHFORT::WANDB: model: alpha, step: 237, train_loss: -2.61269
TORCHFORT::WANDB: model: alpha, step: 237, train_lr: 0.0001
TORCHFORT::WANDB: model: critic_0, step: 238, train_loss: 0.340851
TORCHFORT::WANDB: model: critic_0, step: 238, train_lr: 0.00010498
TORCHFORT::WANDB: model: actor, step: 238, train_loss: -0.20982
TORCHFORT::WANDB: model: actor, step: 238, train_lr: 0.00010498
TORCHFORT::WANDB: model: alpha, step: 238, train_loss: -2.65026
TORCHFORT::WANDB: model: alpha, step: 238, train_lr: 0.0001
TORCHFORT::WANDB: model: critic_0, step: 239, train_loss: 0.264288
TORCHFORT::WANDB: model: critic_0, step: 239, train_lr: 0.000105022
TORCHFORT::WANDB: model: actor, step: 239, train_loss: -0.205602
TORCHFORT::WANDB: model: actor, step: 239, train_lr: 0.000105022
TORCHFORT::WANDB: model: alpha, step: 239, train_loss: -2.67985
TORCHFORT::WANDB: model: alpha, step: 239, train_lr: 0.0001
TORCHFORT::WANDB: model: critic_0, step: 240, train_loss: 0.291734
TORCHFORT::WANDB: model: critic_0, step: 240, train_lr: 0.000105064
TORCHFORT::WANDB: model: actor, step: 240, train_loss: -0.207409
TORCHFORT::WANDB: model: actor, step: 240, train_lr: 0.000105064
TORCHFORT::WANDB: model: alpha, step: 240, train_loss: -2.68106
TORCHFORT::WANDB: model: alpha, step: 240, train_lr: 0.0001
TORCHFORT::WANDB: model: critic_0, step: 241, train_loss: 0.186143
TORCHFORT::WANDB: model: critic_0, step: 241, train_lr: 0.000105107
TORCHFORT::WANDB: model: actor, step: 241, train_loss: -0.177534
TORCHFORT::WANDB: model: actor, step: 241, train_lr: 0.000105107
TORCHFORT::WANDB: model: alpha, step: 241, train_loss: -2.77977
TORCHFORT::WANDB: model: alpha, step: 241, train_lr: 0.0001
TORCHFORT::WANDB: model: critic_0, step: 242, train_loss: 0.145467
TORCHFORT::WANDB: model: critic_0, step: 242, train_lr: 0.000105149
TORCHFORT::WANDB: model: actor, step: 242, train_loss: -0.176607
TORCHFORT::WANDB: model: actor, step: 242, train_lr: 0.000105149
TORCHFORT::WANDB: model: alpha, step: 242, train_loss: -2.71571
TORCHFORT::WANDB: model: alpha, step: 242, train_lr: 0.0001
TORCHFORT::WANDB: model: critic_0, step: 243, train_loss: 0.146834
TORCHFORT::WANDB: model: critic_0, step: 243, train_lr: 0.000105192
TORCHFORT::WANDB: model: actor, step: 243, train_loss: -0.190544
TORCHFORT::WANDB: model: actor, step: 243, train_lr: 0.000105192
TORCHFORT::WANDB: model: alpha, step: 243, train_loss: -2.77055
TORCHFORT::WANDB: model: alpha, step: 243, train_lr: 0.0001
TORCHFORT::WANDB: model: critic_0, step: 244, train_loss: 0.146843
TORCHFORT::WANDB: model: critic_0, step: 244, train_lr: 0.000105235
TORCHFORT::WANDB: model: actor, step: 244, train_loss: -0.163365
TORCHFORT::WANDB: model: actor, step: 244, train_lr: 0.000105235
TORCHFORT::WANDB: model: alpha, step: 244, train_loss: -2.72848
TORCHFORT::WANDB: model: alpha, step: 244, train_lr: 0.0001
TORCHFORT::WANDB: model: critic_0, step: 245, train_loss: 0.187962
TORCHFORT::WANDB: model: critic_0, step: 245, train_lr: 0.000105278
TORCHFORT::WANDB: model: actor, step: 245, train_loss: -0.186029
TORCHFORT::WANDB: model: actor, step: 245, train_lr: 0.000105278
TORCHFORT::WANDB: model: alpha, step: 245, train_loss: -2.70821
TORCHFORT::WANDB: model: alpha, step: 245, train_lr: 0.0001
TORCHFORT::WANDB: model: critic_0, step: 246, train_loss: 0.158747
TORCHFORT::WANDB: model: critic_0, step: 246, train_lr: 0.000105321
TORCHFORT::WANDB: model: actor, step: 246, train_loss: -0.170139
TORCHFORT::WANDB: model: actor, step: 246, train_lr: 0.000105321
TORCHFORT::WANDB: model: alpha, step: 246, train_loss: -2.59626
TORCHFORT::WANDB: model: alpha, step: 246, train_lr: 0.0001
TORCHFORT::WANDB: model: critic_0, step: 247, train_loss: 0.176084
TORCHFORT::WANDB: model: critic_0, step: 247, train_lr: 0.000105365
TORCHFORT::WANDB: model: actor, step: 247, train_loss: -0.187128
TORCHFORT::WANDB: model: actor, step: 247, train_lr: 0.000105365
TORCHFORT::WANDB: model: alpha, step: 247, train_loss: -2.72765
TORCHFORT::WANDB: model: alpha, step: 247, train_lr: 0.0001
TORCHFORT::WANDB: model: critic_0, step: 248, train_loss: 0.169574
TORCHFORT::WANDB: model: critic_0, step: 248, train_lr: 0.000105408
TORCHFORT::WANDB: model: actor, step: 248, train_loss: -0.196533
TORCHFORT::WANDB: model: actor, step: 248, train_lr: 0.000105408
TORCHFORT::WANDB: model: alpha, step: 248, train_loss: -2.68183
TORCHFORT::WANDB: model: alpha, step: 248, train_lr: 0.0001
TORCHFORT::WANDB: model: critic_0, step: 249, train_loss: 0.167786
TORCHFORT::WANDB: model: critic_0, step: 249, train_lr: 0.000105452
TORCHFORT::WANDB: model: actor, step: 249, train_loss: -0.175138
TORCHFORT::WANDB: model: actor, step: 249, train_lr: 0.000105452
TORCHFORT::WANDB: model: alpha, step: 249, train_loss: -2.69371
TORCHFORT::WANDB: model: alpha, step: 249, train_lr: 0.0001
TORCHFORT::WANDB: model: critic_0, step: 250, train_loss: 0.189263
TORCHFORT::WANDB: model: critic_0, step: 250, train_lr: 0.000105496
TORCHFORT::WANDB: model: actor, step: 250, train_loss: -0.203327
TORCHFORT::WANDB: model: actor, step: 250, train_lr: 0.000105496
TORCHFORT::WANDB: model: alpha, step: 250, train_loss: -2.61316
TORCHFORT::WANDB: model: alpha, step: 250, train_lr: 0.0001
TORCHFORT::WANDB: model: critic_0, step: 251, train_loss: 0.196593
TORCHFORT::WANDB: model: critic_0, step: 251, train_lr: 0.00010554
TORCHFORT::WANDB: model: actor, step: 251, train_loss: -0.204755
TORCHFORT::WANDB: model: actor, step: 251, train_lr: 0.00010554
TORCHFORT::WANDB: model: alpha, step: 251, train_loss: -2.55981
TORCHFORT::WANDB: model: alpha, step: 251, train_lr: 0.0001
TORCHFORT::WANDB: model: critic_0, step: 252, train_loss: 0.125676
TORCHFORT::WANDB: model: critic_0, step: 252, train_lr: 0.000105585
TORCHFORT::WANDB: model: actor, step: 252, train_loss: -0.174227
TORCHFORT::WANDB: model: actor, step: 252, train_lr: 0.000105585
TORCHFORT::WANDB: model: alpha, step: 252, train_loss: -2.66032
TORCHFORT::WANDB: model: alpha, step: 252, train_lr: 0.0001
TORCHFORT::WANDB: model: critic_0, step: 253, train_loss: 0.159111
TORCHFORT::WANDB: model: critic_0, step: 253, train_lr: 0.000105629
TORCHFORT::WANDB: model: actor, step: 253, train_loss: -0.17927
TORCHFORT::WANDB: model: actor, step: 253, train_lr: 0.000105629
TORCHFORT::WANDB: model: alpha, step: 253, train_loss: -2.77125
TORCHFORT::WANDB: model: alpha, step: 253, train_lr: 0.0001
TORCHFORT::WANDB: model: critic_0, step: 254, train_loss: 0.177747
TORCHFORT::WANDB: model: critic_0, step: 254, train_lr: 0.000105674
TORCHFORT::WANDB: model: actor, step: 254, train_loss: -0.235724
TORCHFORT::WANDB: model: actor, step: 254, train_lr: 0.000105674
TORCHFORT::WANDB: model: alpha, step: 254, train_loss: -2.65406
TORCHFORT::WANDB: model: alpha, step: 254, train_lr: 0.0001
TORCHFORT::WANDB: model: critic_0, step: 255, train_loss: 0.183685
TORCHFORT::WANDB: model: critic_0, step: 255, train_lr: 0.000105719
TORCHFORT::WANDB: model: actor, step: 255, train_loss: -0.201545
TORCHFORT::WANDB: model: actor, step: 255, train_lr: 0.000105719
TORCHFORT::WANDB: model: alpha, step: 255, train_loss: -2.54106
TORCHFORT::WANDB: model: alpha, step: 255, train_lr: 0.0001
TORCHFORT::WANDB: model: critic_0, step: 256, train_loss: 0.116744
TORCHFORT::WANDB: model: critic_0, step: 256, train_lr: 0.000105764
TORCHFORT::WANDB: model: actor, step: 256, train_loss: -0.217648
TORCHFORT::WANDB: model: actor, step: 256, train_lr: 0.000105764
TORCHFORT::WANDB: model: alpha, step: 256, train_loss: -2.69797
TORCHFORT::WANDB: model: alpha, step: 256, train_lr: 0.0001
TORCHFORT::WANDB: model: critic_0, step: 257, train_loss: 0.188895
TORCHFORT::WANDB: model: critic_0, step: 257, train_lr: 0.000105809
TORCHFORT::WANDB: model: actor, step: 257, train_loss: -0.208806
TORCHFORT::WANDB: model: actor, step: 257, train_lr: 0.000105809
TORCHFORT::WANDB: model: alpha, step: 257, train_loss: -2.71928
TORCHFORT::WANDB: model: alpha, step: 257, train_lr: 0.0001
TORCHFORT::WANDB: model: critic_0, step: 258, train_loss: 0.110639
TORCHFORT::WANDB: model: critic_0, step: 258, train_lr: 0.000105854
TORCHFORT::WANDB: model: actor, step: 258, train_loss: -0.177068
TORCHFORT::WANDB: model: actor, step: 258, train_lr: 0.000105854
TORCHFORT::WANDB: model: alpha, step: 258, train_loss: -2.67027
TORCHFORT::WANDB: model: alpha, step: 258, train_lr: 0.0001
TORCHFORT::WANDB: model: critic_0, step: 259, train_loss: 0.230646
TORCHFORT::WANDB: model: critic_0, step: 259, train_lr: 0.0001059
TORCHFORT::WANDB: model: actor, step: 259, train_loss: -0.190888
TORCHFORT::WANDB: model: actor, step: 259, train_lr: 0.0001059
TORCHFORT::WANDB: model: alpha, step: 259, train_loss: -2.74997
TORCHFORT::WANDB: model: alpha, step: 259, train_lr: 0.0001
TORCHFORT::WANDB: model: critic_0, step: 260, train_loss: 0.183666
TORCHFORT::WANDB: model: critic_0, step: 260, train_lr: 0.000105945
TORCHFORT::WANDB: model: actor, step: 260, train_loss: -0.184717
TORCHFORT::WANDB: model: actor, step: 260, train_lr: 0.000105945
TORCHFORT::WANDB: model: alpha, step: 260, train_loss: -2.67495
TORCHFORT::WANDB: model: alpha, step: 260, train_lr: 0.0001
TORCHFORT::WANDB: model: critic_0, step: 261, train_loss: 0.161125
TORCHFORT::WANDB: model: critic_0, step: 261, train_lr: 0.000105991
TORCHFORT::WANDB: model: actor, step: 261, train_loss: -0.190668
TORCHFORT::WANDB: model: actor, step: 261, train_lr: 0.000105991
TORCHFORT::WANDB: model: alpha, step: 261, train_loss: -2.62711
TORCHFORT::WANDB: model: alpha, step: 261, train_lr: 0.0001
TORCHFORT::WANDB: model: critic_0, step: 262, train_loss: 0.109884
TORCHFORT::WANDB: model: critic_0, step: 262, train_lr: 0.000106037
TORCHFORT::WANDB: model: actor, step: 262, train_loss: -0.175807
TORCHFORT::WANDB: model: actor, step: 262, train_lr: 0.000106037
TORCHFORT::WANDB: model: alpha, step: 262, train_loss: -2.77263
TORCHFORT::WANDB: model: alpha, step: 262, train_lr: 0.0001
TORCHFORT::WANDB: model: critic_0, step: 263, train_loss: 0.104098
TORCHFORT::WANDB: model: critic_0, step: 263, train_lr: 0.000106084
TORCHFORT::WANDB: model: actor, step: 263, train_loss: -0.192699
TORCHFORT::WANDB: model: actor, step: 263, train_lr: 0.000106084
TORCHFORT::WANDB: model: alpha, step: 263, train_loss: -2.67755
TORCHFORT::WANDB: model: alpha, step: 263, train_lr: 0.0001
TORCHFORT::WANDB: model: critic_0, step: 264, train_loss: 0.12391
TORCHFORT::WANDB: model: critic_0, step: 264, train_lr: 0.00010613
TORCHFORT::WANDB: model: actor, step: 264, train_loss: -0.190402
TORCHFORT::WANDB: model: actor, step: 264, train_lr: 0.00010613
TORCHFORT::WANDB: model: alpha, step: 264, train_loss: -2.64365
TORCHFORT::WANDB: model: alpha, step: 264, train_lr: 0.0001
TORCHFORT::WANDB: model: critic_0, step: 265, train_loss: 0.211304
TORCHFORT::WANDB: model: critic_0, step: 265, train_lr: 0.000106177
TORCHFORT::WANDB: model: actor, step: 265, train_loss: -0.204854
TORCHFORT::WANDB: model: actor, step: 265, train_lr: 0.000106177
TORCHFORT::WANDB: model: alpha, step: 265, train_loss: -2.72551
TORCHFORT::WANDB: model: alpha, step: 265, train_lr: 0.0001
TORCHFORT::WANDB: model: critic_0, step: 266, train_loss: 0.184421
TORCHFORT::WANDB: model: critic_0, step: 266, train_lr: 0.000106223
TORCHFORT::WANDB: model: actor, step: 266, train_loss: -0.213818
TORCHFORT::WANDB: model: actor, step: 266, train_lr: 0.000106223
TORCHFORT::WANDB: model: alpha, step: 266, train_loss: -2.65364
TORCHFORT::WANDB: model: alpha, step: 266, train_lr: 0.0001
TORCHFORT::WANDB: model: critic_0, step: 267, train_loss: 0.212767
TORCHFORT::WANDB: model: critic_0, step: 267, train_lr: 0.00010627
TORCHFORT::WANDB: model: actor, step: 267, train_loss: -0.194422
TORCHFORT::WANDB: model: actor, step: 267, train_lr: 0.00010627
TORCHFORT::WANDB: model: alpha, step: 267, train_loss: -2.6358
TORCHFORT::WANDB: model: alpha, step: 267, train_lr: 0.0001
TORCHFORT::WANDB: model: critic_0, step: 268, train_loss: 0.156938
TORCHFORT::WANDB: model: critic_0, step: 268, train_lr: 0.000106318
TORCHFORT::WANDB: model: actor, step: 268, train_loss: -0.149273
TORCHFORT::WANDB: model: actor, step: 268, train_lr: 0.000106318
TORCHFORT::WANDB: model: alpha, step: 268, train_loss: -2.61456
TORCHFORT::WANDB: model: alpha, step: 268, train_lr: 0.0001
TORCHFORT::WANDB: model: critic_0, step: 269, train_loss: 0.123762
TORCHFORT::WANDB: model: critic_0, step: 269, train_lr: 0.000106365
TORCHFORT::WANDB: model: actor, step: 269, train_loss: -0.171593
TORCHFORT::WANDB: model: actor, step: 269, train_lr: 0.000106365
TORCHFORT::WANDB: model: alpha, step: 269, train_loss: -2.6701
TORCHFORT::WANDB: model: alpha, step: 269, train_lr: 0.0001
TORCHFORT::WANDB: model: critic_0, step: 270, train_loss: 0.141019
TORCHFORT::WANDB: model: critic_0, step: 270, train_lr: 0.000106412
TORCHFORT::WANDB: model: actor, step: 270, train_loss: -0.202549
TORCHFORT::WANDB: model: actor, step: 270, train_lr: 0.000106412
TORCHFORT::WANDB: model: alpha, step: 270, train_loss: -2.68185
TORCHFORT::WANDB: model: alpha, step: 270, train_lr: 0.0001
TORCHFORT::WANDB: model: critic_0, step: 271, train_loss: 0.18265
TORCHFORT::WANDB: model: critic_0, step: 271, train_lr: 0.00010646
TORCHFORT::WANDB: model: actor, step: 271, train_loss: -0.165717
TORCHFORT::WANDB: model: actor, step: 271, train_lr: 0.00010646
TORCHFORT::WANDB: model: alpha, step: 271, train_loss: -2.68962
TORCHFORT::WANDB: model: alpha, step: 271, train_lr: 0.0001
TORCHFORT::WANDB: model: critic_0, step: 272, train_loss: 0.240638
TORCHFORT::WANDB: model: critic_0, step: 272, train_lr: 0.000106508
TORCHFORT::WANDB: model: actor, step: 272, train_loss: -0.198352
TORCHFORT::WANDB: model: actor, step: 272, train_lr: 0.000106508
TORCHFORT::WANDB: model: alpha, step: 272, train_loss: -2.63193
TORCHFORT::WANDB: model: alpha, step: 272, train_lr: 0.0001
TORCHFORT::WANDB: model: critic_0, step: 273, train_loss: 0.120667
TORCHFORT::WANDB: model: critic_0, step: 273, train_lr: 0.000106556
TORCHFORT::WANDB: model: actor, step: 273, train_loss: -0.169923
TORCHFORT::WANDB: model: actor, step: 273, train_lr: 0.000106556
TORCHFORT::WANDB: model: alpha, step: 273, train_loss: -2.70933
TORCHFORT::WANDB: model: alpha, step: 273, train_lr: 0.0001
TORCHFORT::WANDB: model: critic_0, step: 274, train_loss: 0.1139
TORCHFORT::WANDB: model: critic_0, step: 274, train_lr: 0.000106604
TORCHFORT::WANDB: model: actor, step: 274, train_loss: -0.176646
TORCHFORT::WANDB: model: actor, step: 274, train_lr: 0.000106604
TORCHFORT::WANDB: model: alpha, step: 274, train_loss: -2.64185
TORCHFORT::WANDB: model: alpha, step: 274, train_lr: 0.0001
TORCHFORT::WANDB: model: critic_0, step: 275, train_loss: 0.153559
TORCHFORT::WANDB: model: critic_0, step: 275, train_lr: 0.000106652
TORCHFORT::WANDB: model: actor, step: 275, train_loss: -0.165093
TORCHFORT::WANDB: model: actor, step: 275, train_lr: 0.000106652
TORCHFORT::WANDB: model: alpha, step: 275, train_loss: -2.69566
TORCHFORT::WANDB: model: alpha, step: 275, train_lr: 0.0001
TORCHFORT::WANDB: model: critic_0, step: 276, train_loss: 0.272944
TORCHFORT::WANDB: model: critic_0, step: 276, train_lr: 0.000106701
TORCHFORT::WANDB: model: actor, step: 276, train_loss: -0.193828
TORCHFORT::WANDB: model: actor, step: 276, train_lr: 0.000106701
TORCHFORT::WANDB: model: alpha, step: 276, train_loss: -2.66806
TORCHFORT::WANDB: model: alpha, step: 276, train_lr: 0.0001
TORCHFORT::WANDB: model: critic_0, step: 277, train_loss: 0.159554
TORCHFORT::WANDB: model: critic_0, step: 277, train_lr: 0.00010675
TORCHFORT::WANDB: model: actor, step: 277, train_loss: -0.174849
TORCHFORT::WANDB: model: actor, step: 277, train_lr: 0.00010675
TORCHFORT::WANDB: model: alpha, step: 277, train_loss: -2.71589
TORCHFORT::WANDB: model: alpha, step: 277, train_lr: 0.0001
TORCHFORT::WANDB: model: critic_0, step: 278, train_loss: 0.127398
TORCHFORT::WANDB: model: critic_0, step: 278, train_lr: 0.000106798
TORCHFORT::WANDB: model: actor, step: 278, train_loss: -0.175774
TORCHFORT::WANDB: model: actor, step: 278, train_lr: 0.000106798
TORCHFORT::WANDB: model: alpha, step: 278, train_loss: -2.63666
TORCHFORT::WANDB: model: alpha, step: 278, train_lr: 0.0001
TORCHFORT::WANDB: model: critic_0, step: 279, train_loss: 0.230551
TORCHFORT::WANDB: model: critic_0, step: 279, train_lr: 0.000106847
TORCHFORT::WANDB: model: actor, step: 279, train_loss: -0.167331
TORCHFORT::WANDB: model: actor, step: 279, train_lr: 0.000106847
TORCHFORT::WANDB: model: alpha, step: 279, train_loss: -2.75012
TORCHFORT::WANDB: model: alpha, step: 279, train_lr: 0.0001
TORCHFORT::WANDB: model: critic_0, step: 280, train_loss: 0.127235
TORCHFORT::WANDB: model: critic_0, step: 280, train_lr: 0.000106897
TORCHFORT::WANDB: model: actor, step: 280, train_loss: -0.186603
TORCHFORT::WANDB: model: actor, step: 280, train_lr: 0.000106897
TORCHFORT::WANDB: model: alpha, step: 280, train_loss: -2.67666
TORCHFORT::WANDB: model: alpha, step: 280, train_lr: 0.0001
TORCHFORT::WANDB: model: critic_0, step: 281, train_loss: 0.105988
TORCHFORT::WANDB: model: critic_0, step: 281, train_lr: 0.000106946
TORCHFORT::WANDB: model: actor, step: 281, train_loss: -0.172839
TORCHFORT::WANDB: model: actor, step: 281, train_lr: 0.000106946
TORCHFORT::WANDB: model: alpha, step: 281, train_loss: -2.67914
TORCHFORT::WANDB: model: alpha, step: 281, train_lr: 0.0001
TORCHFORT::WANDB: model: critic_0, step: 282, train_loss: 0.12992
TORCHFORT::WANDB: model: critic_0, step: 282, train_lr: 0.000106996
TORCHFORT::WANDB: model: actor, step: 282, train_loss: -0.175139
TORCHFORT::WANDB: model: actor, step: 282, train_lr: 0.000106996
TORCHFORT::WANDB: model: alpha, step: 282, train_loss: -2.68088
TORCHFORT::WANDB: model: alpha, step: 282, train_lr: 0.0001
TORCHFORT::WANDB: model: critic_0, step: 283, train_loss: 0.134276
TORCHFORT::WANDB: model: critic_0, step: 283, train_lr: 0.000107045
TORCHFORT::WANDB: model: actor, step: 283, train_loss: -0.188955
TORCHFORT::WANDB: model: actor, step: 283, train_lr: 0.000107045
TORCHFORT::WANDB: model: alpha, step: 283, train_loss: -2.67939
TORCHFORT::WANDB: model: alpha, step: 283, train_lr: 0.0001
TORCHFORT::WANDB: model: critic_0, step: 284, train_loss: 0.140356
TORCHFORT::WANDB: model: critic_0, step: 284, train_lr: 0.000107095
TORCHFORT::WANDB: model: actor, step: 284, train_loss: -0.172577
TORCHFORT::WANDB: model: actor, step: 284, train_lr: 0.000107095
TORCHFORT::WANDB: model: alpha, step: 284, train_loss: -2.78028
TORCHFORT::WANDB: model: alpha, step: 284, train_lr: 0.0001
TORCHFORT::WANDB: model: critic_0, step: 285, train_loss: 0.133359
TORCHFORT::WANDB: model: critic_0, step: 285, train_lr: 0.000107145
TORCHFORT::WANDB: model: actor, step: 285, train_loss: -0.176864
TORCHFORT::WANDB: model: actor, step: 285, train_lr: 0.000107145
TORCHFORT::WANDB: model: alpha, step: 285, train_loss: -2.60012
TORCHFORT::WANDB: model: alpha, step: 285, train_lr: 0.0001
TORCHFORT::WANDB: model: critic_0, step: 286, train_loss: 0.0997098
TORCHFORT::WANDB: model: critic_0, step: 286, train_lr: 0.000107196
TORCHFORT::WANDB: model: actor, step: 286, train_loss: -0.17055
TORCHFORT::WANDB: model: actor, step: 286, train_lr: 0.000107196
TORCHFORT::WANDB: model: alpha, step: 286, train_loss: -2.77007
TORCHFORT::WANDB: model: alpha, step: 286, train_lr: 0.0001
TORCHFORT::WANDB: model: critic_0, step: 287, train_loss: 0.138624
TORCHFORT::WANDB: model: critic_0, step: 287, train_lr: 0.000107246
TORCHFORT::WANDB: model: actor, step: 287, train_loss: -0.182529
TORCHFORT::WANDB: model: actor, step: 287, train_lr: 0.000107246
TORCHFORT::WANDB: model: alpha, step: 287, train_loss: -2.74032
TORCHFORT::WANDB: model: alpha, step: 287, train_lr: 0.0001
TORCHFORT::WANDB: model: critic_0, step: 288, train_loss: 0.225762
TORCHFORT::WANDB: model: critic_0, step: 288, train_lr: 0.000107297
TORCHFORT::WANDB: model: actor, step: 288, train_loss: -0.200146
TORCHFORT::WANDB: model: actor, step: 288, train_lr: 0.000107297
TORCHFORT::WANDB: model: alpha, step: 288, train_loss: -2.62884
TORCHFORT::WANDB: model: alpha, step: 288, train_lr: 0.0001
TORCHFORT::WANDB: model: critic_0, step: 289, train_loss: 0.239916
TORCHFORT::WANDB: model: critic_0, step: 289, train_lr: 0.000107348
TORCHFORT::WANDB: model: actor, step: 289, train_loss: -0.211992
TORCHFORT::WANDB: model: actor, step: 289, train_lr: 0.000107348
TORCHFORT::WANDB: model: alpha, step: 289, train_loss: -2.6553
TORCHFORT::WANDB: model: alpha, step: 289, train_lr: 0.0001
TORCHFORT::WANDB: model: critic_0, step: 290, train_loss: 0.182463
TORCHFORT::WANDB: model: critic_0, step: 290, train_lr: 0.000107399
TORCHFORT::WANDB: model: actor, step: 290, train_loss: -0.178642
TORCHFORT::WANDB: model: actor, step: 290, train_lr: 0.000107399
TORCHFORT::WANDB: model: alpha, step: 290, train_loss: -2.69464
TORCHFORT::WANDB: model: alpha, step: 290, train_lr: 0.0001
TORCHFORT::WANDB: model: critic_0, step: 291, train_loss: 0.150879
TORCHFORT::WANDB: model: critic_0, step: 291, train_lr: 0.00010745
TORCHFORT::WANDB: model: actor, step: 291, train_loss: -0.207451
TORCHFORT::WANDB: model: actor, step: 291, train_lr: 0.00010745
TORCHFORT::WANDB: model: alpha, step: 291, train_loss: -2.65913
TORCHFORT::WANDB: model: alpha, step: 291, train_lr: 0.0001
TORCHFORT::WANDB: model: critic_0, step: 292, train_loss: 0.11934
TORCHFORT::WANDB: model: critic_0, step: 292, train_lr: 0.000107501
TORCHFORT::WANDB: model: actor, step: 292, train_loss: -0.154461
TORCHFORT::WANDB: model: actor, step: 292, train_lr: 0.000107501
TORCHFORT::WANDB: model: alpha, step: 292, train_loss: -2.73622
TORCHFORT::WANDB: model: alpha, step: 292, train_lr: 0.0001
TORCHFORT::WANDB: model: critic_0, step: 293, train_loss: 0.180004
TORCHFORT::WANDB: model: critic_0, step: 293, train_lr: 0.000107552
TORCHFORT::WANDB: model: actor, step: 293, train_loss: -0.207735
TORCHFORT::WANDB: model: actor, step: 293, train_lr: 0.000107552
TORCHFORT::WANDB: model: alpha, step: 293, train_loss: -2.7557
TORCHFORT::WANDB: model: alpha, step: 293, train_lr: 0.0001
TORCHFORT::WANDB: model: critic_0, step: 294, train_loss: 0.201937
TORCHFORT::WANDB: model: critic_0, step: 294, train_lr: 0.000107604
TORCHFORT::WANDB: model: actor, step: 294, train_loss: -0.166348
TORCHFORT::WANDB: model: actor, step: 294, train_lr: 0.000107604
TORCHFORT::WANDB: model: alpha, step: 294, train_loss: -2.75284
TORCHFORT::WANDB: model: alpha, step: 294, train_lr: 0.0001
TORCHFORT::WANDB: model: critic_0, step: 295, train_loss: 0.180817
TORCHFORT::WANDB: model: critic_0, step: 295, train_lr: 0.000107656
TORCHFORT::WANDB: model: actor, step: 295, train_loss: -0.216239
TORCHFORT::WANDB: model: actor, step: 295, train_lr: 0.000107656
TORCHFORT::WANDB: model: alpha, step: 295, train_loss: -2.74431
TORCHFORT::WANDB: model: alpha, step: 295, train_lr: 0.0001
TORCHFORT::WANDB: model: critic_0, step: 296, train_loss: 0.143215
TORCHFORT::WANDB: model: critic_0, step: 296, train_lr: 0.000107708
TORCHFORT::WANDB: model: actor, step: 296, train_loss: -0.213939
TORCHFORT::WANDB: model: actor, step: 296, train_lr: 0.000107708
TORCHFORT::WANDB: model: alpha, step: 296, train_loss: -2.65465
TORCHFORT::WANDB: model: alpha, step: 296, train_lr: 0.0001
TORCHFORT::WANDB: model: critic_0, step: 297, train_loss: 0.177109
TORCHFORT::WANDB: model: critic_0, step: 297, train_lr: 0.00010776
TORCHFORT::WANDB: model: actor, step: 297, train_loss: -0.171432
TORCHFORT::WANDB: model: actor, step: 297, train_lr: 0.00010776
TORCHFORT::WANDB: model: alpha, step: 297, train_loss: -2.60256
TORCHFORT::WANDB: model: alpha, step: 297, train_lr: 0.0001
TORCHFORT::WANDB: model: critic_0, step: 298, train_loss: 0.145063
TORCHFORT::WANDB: model: critic_0, step: 298, train_lr: 0.000107813
TORCHFORT::WANDB: model: actor, step: 298, train_loss: -0.215055
TORCHFORT::WANDB: model: actor, step: 298, train_lr: 0.000107813
TORCHFORT::WANDB: model: alpha, step: 298, train_loss: -2.67891
TORCHFORT::WANDB: model: alpha, step: 298, train_lr: 0.0001
TORCHFORT::WANDB: model: critic_0, step: 299, train_loss: 0.129149
TORCHFORT::WANDB: model: critic_0, step: 299, train_lr: 0.000107865
TORCHFORT::WANDB: model: actor, step: 299, train_loss: -0.177974
TORCHFORT::WANDB: model: actor, step: 299, train_lr: 0.000107865
TORCHFORT::WANDB: model: alpha, step: 299, train_loss: -2.74245
TORCHFORT::WANDB: model: alpha, step: 299, train_lr: 0.0001
TORCHFORT::WANDB: model: critic_0, step: 300, train_loss: 0.119722
TORCHFORT::WANDB: model: critic_0, step: 300, train_lr: 0.000107918
TORCHFORT::WANDB: model: actor, step: 300, train_loss: -0.170989
TORCHFORT::WANDB: model: actor, step: 300, train_lr: 0.000107918
TORCHFORT::WANDB: model: alpha, step: 300, train_loss: -2.69953
TORCHFORT::WANDB: model: alpha, step: 300, train_lr: 0.0001
TORCHFORT::WANDB: model: rlwm, step: 3, reward_sum: 1200.45
TORCHFORT::WANDB: model: rlwm, step: 3, policy_loss: -0.170989
TORCHFORT::WANDB: model: rlwm, step: 3, critic_loss: 0.119722
TORCHFORT::WANDB: model: critic_0, step: 301, train_loss: 0.158701
TORCHFORT::WANDB: model: critic_0, step: 301, train_lr: 0.000107971
TORCHFORT::WANDB: model: actor, step: 301, train_loss: -0.129715
TORCHFORT::WANDB: model: actor, step: 301, train_lr: 0.000107971
TORCHFORT::WANDB: model: alpha, step: 301, train_loss: -2.71013
TORCHFORT::WANDB: model: alpha, step: 301, train_lr: 0.0001
TORCHFORT::WANDB: model: critic_0, step: 302, train_loss: 0.150616
TORCHFORT::WANDB: model: critic_0, step: 302, train_lr: 0.000108024
TORCHFORT::WANDB: model: actor, step: 302, train_loss: -0.160111
TORCHFORT::WANDB: model: actor, step: 302, train_lr: 0.000108024
TORCHFORT::WANDB: model: alpha, step: 302, train_loss: -2.78739
TORCHFORT::WANDB: model: alpha, step: 302, train_lr: 0.0001
TORCHFORT::WANDB: model: critic_0, step: 303, train_loss: 0.132923
TORCHFORT::WANDB: model: critic_0, step: 303, train_lr: 0.000108077
TORCHFORT::WANDB: model: actor, step: 303, train_loss: -0.18394
TORCHFORT::WANDB: model: actor, step: 303, train_lr: 0.000108077
TORCHFORT::WANDB: model: alpha, step: 303, train_loss: -2.72493
TORCHFORT::WANDB: model: alpha, step: 303, train_lr: 0.0001
TORCHFORT::WANDB: model: critic_0, step: 304, train_loss: 0.143195
TORCHFORT::WANDB: model: critic_0, step: 304, train_lr: 0.00010813
TORCHFORT::WANDB: model: actor, step: 304, train_loss: -0.196832
TORCHFORT::WANDB: model: actor, step: 304, train_lr: 0.00010813
TORCHFORT::WANDB: model: alpha, step: 304, train_loss: -2.75672
TORCHFORT::WANDB: model: alpha, step: 304, train_lr: 0.0001
TORCHFORT::WANDB: model: critic_0, step: 305, train_loss: 0.0935329
TORCHFORT::WANDB: model: critic_0, step: 305, train_lr: 0.000108184
TORCHFORT::WANDB: model: actor, step: 305, train_loss: -0.139338
TORCHFORT::WANDB: model: actor, step: 305, train_lr: 0.000108184
TORCHFORT::WANDB: model: alpha, step: 305, train_loss: -2.66237
TORCHFORT::WANDB: model: alpha, step: 305, train_lr: 0.0001
TORCHFORT::WANDB: model: critic_0, step: 306, train_loss: 0.112074
TORCHFORT::WANDB: model: critic_0, step: 306, train_lr: 0.000108238
TORCHFORT::WANDB: model: actor, step: 306, train_loss: -0.161453
TORCHFORT::WANDB: model: actor, step: 306, train_lr: 0.000108238
TORCHFORT::WANDB: model: alpha, step: 306, train_loss: -2.65616
TORCHFORT::WANDB: model: alpha, step: 306, train_lr: 0.0001
TORCHFORT::WANDB: model: critic_0, step: 307, train_loss: 0.16964
TORCHFORT::WANDB: model: critic_0, step: 307, train_lr: 0.000108292
TORCHFORT::WANDB: model: actor, step: 307, train_loss: -0.188163
TORCHFORT::WANDB: model: actor, step: 307, train_lr: 0.000108292
TORCHFORT::WANDB: model: alpha, step: 307, train_loss: -2.75705
TORCHFORT::WANDB: model: alpha, step: 307, train_lr: 0.0001
TORCHFORT::WANDB: model: critic_0, step: 308, train_loss: 0.163191
TORCHFORT::WANDB: model: critic_0, step: 308, train_lr: 0.000108346
TORCHFORT::WANDB: model: actor, step: 308, train_loss: -0.201373
TORCHFORT::WANDB: model: actor, step: 308, train_lr: 0.000108346
TORCHFORT::WANDB: model: alpha, step: 308, train_loss: -2.72706
TORCHFORT::WANDB: model: alpha, step: 308, train_lr: 0.0001
TORCHFORT::WANDB: model: critic_0, step: 309, train_loss: 0.191846
TORCHFORT::WANDB: model: critic_0, step: 309, train_lr: 0.0001084
TORCHFORT::WANDB: model: actor, step: 309, train_loss: -0.203711
TORCHFORT::WANDB: model: actor, step: 309, train_lr: 0.0001084
TORCHFORT::WANDB: model: alpha, step: 309, train_loss: -2.74166
TORCHFORT::WANDB: model: alpha, step: 309, train_lr: 0.0001
TORCHFORT::WANDB: model: critic_0, step: 310, train_loss: 0.158905
TORCHFORT::WANDB: model: critic_0, step: 310, train_lr: 0.000108455
TORCHFORT::WANDB: model: actor, step: 310, train_loss: -0.175157
TORCHFORT::WANDB: model: actor, step: 310, train_lr: 0.000108455
TORCHFORT::WANDB: model: alpha, step: 310, train_loss: -2.75052
TORCHFORT::WANDB: model: alpha, step: 310, train_lr: 0.0001
TORCHFORT::WANDB: model: critic_0, step: 311, train_loss: 0.280672
TORCHFORT::WANDB: model: critic_0, step: 311, train_lr: 0.000108509
TORCHFORT::WANDB: model: actor, step: 311, train_loss: -0.186298
TORCHFORT::WANDB: model: actor, step: 311, train_lr: 0.000108509
TORCHFORT::WANDB: model: alpha, step: 311, train_loss: -2.67097
TORCHFORT::WANDB: model: alpha, step: 311, train_lr: 0.0001
TORCHFORT::WANDB: model: critic_0, step: 312, train_loss: 0.127463
TORCHFORT::WANDB: model: critic_0, step: 312, train_lr: 0.000108564
TORCHFORT::WANDB: model: actor, step: 312, train_loss: -0.181113
TORCHFORT::WANDB: model: actor, step: 312, train_lr: 0.000108564
TORCHFORT::WANDB: model: alpha, step: 312, train_loss: -2.77646
TORCHFORT::WANDB: model: alpha, step: 312, train_lr: 0.0001
TORCHFORT::WANDB: model: critic_0, step: 313, train_loss: 0.154826
TORCHFORT::WANDB: model: critic_0, step: 313, train_lr: 0.000108619
TORCHFORT::WANDB: model: actor, step: 313, train_loss: -0.163703
TORCHFORT::WANDB: model: actor, step: 313, train_lr: 0.000108619
TORCHFORT::WANDB: model: alpha, step: 313, train_loss: -2.72643
TORCHFORT::WANDB: model: alpha, step: 313, train_lr: 0.0001
TORCHFORT::WANDB: model: critic_0, step: 314, train_loss: 0.116381
TORCHFORT::WANDB: model: critic_0, step: 314, train_lr: 0.000108674
TORCHFORT::WANDB: model: actor, step: 314, train_loss: -0.152769
TORCHFORT::WANDB: model: actor, step: 314, train_lr: 0.000108674
TORCHFORT::WANDB: model: alpha, step: 314, train_loss: -2.71818
TORCHFORT::WANDB: model: alpha, step: 314, train_lr: 0.0001
TORCHFORT::WANDB: model: critic_0, step: 315, train_loss: 0.135648
TORCHFORT::WANDB: model: critic_0, step: 315, train_lr: 0.00010873
TORCHFORT::WANDB: model: actor, step: 315, train_loss: -0.171028
TORCHFORT::WANDB: model: actor, step: 315, train_lr: 0.00010873
TORCHFORT::WANDB: model: alpha, step: 315, train_loss: -2.73382
TORCHFORT::WANDB: model: alpha, step: 315, train_lr: 0.0001
TORCHFORT::WANDB: model: critic_0, step: 316, train_loss: 0.162545
TORCHFORT::WANDB: model: critic_0, step: 316, train_lr: 0.000108785
TORCHFORT::WANDB: model: actor, step: 316, train_loss: -0.154792
TORCHFORT::WANDB: model: actor, step: 316, train_lr: 0.000108785
TORCHFORT::WANDB: model: alpha, step: 316, train_loss: -2.70192
TORCHFORT::WANDB: model: alpha, step: 316, train_lr: 0.0001
TORCHFORT::WANDB: model: critic_0, step: 317, train_loss: 0.105209
TORCHFORT::WANDB: model: critic_0, step: 317, train_lr: 0.000108841
TORCHFORT::WANDB: model: actor, step: 317, train_loss: -0.151302
TORCHFORT::WANDB: model: actor, step: 317, train_lr: 0.000108841
TORCHFORT::WANDB: model: alpha, step: 317, train_loss: -2.72249
TORCHFORT::WANDB: model: alpha, step: 317, train_lr: 0.0001
TORCHFORT::WANDB: model: critic_0, step: 318, train_loss: 0.128334
TORCHFORT::WANDB: model: critic_0, step: 318, train_lr: 0.000108897
TORCHFORT::WANDB: model: actor, step: 318, train_loss: -0.169279
TORCHFORT::WANDB: model: actor, step: 318, train_lr: 0.000108897
TORCHFORT::WANDB: model: alpha, step: 318, train_loss: -2.7541
TORCHFORT::WANDB: model: alpha, step: 318, train_lr: 0.0001
TORCHFORT::WANDB: model: critic_0, step: 319, train_loss: 0.235474
TORCHFORT::WANDB: model: critic_0, step: 319, train_lr: 0.000108953
TORCHFORT::WANDB: model: actor, step: 319, train_loss: -0.195324
TORCHFORT::WANDB: model: actor, step: 319, train_lr: 0.000108953
TORCHFORT::WANDB: model: alpha, step: 319, train_loss: -2.57244
TORCHFORT::WANDB: model: alpha, step: 319, train_lr: 0.0001
TORCHFORT::WANDB: model: critic_0, step: 320, train_loss: 0.149857
TORCHFORT::WANDB: model: critic_0, step: 320, train_lr: 0.000109009
TORCHFORT::WANDB: model: actor, step: 320, train_loss: -0.178072
TORCHFORT::WANDB: model: actor, step: 320, train_lr: 0.000109009
TORCHFORT::WANDB: model: alpha, step: 320, train_loss: -2.66889
TORCHFORT::WANDB: model: alpha, step: 320, train_lr: 0.0001
TORCHFORT::WANDB: model: critic_0, step: 321, train_loss: 0.128445
TORCHFORT::WANDB: model: critic_0, step: 321, train_lr: 0.000109065
TORCHFORT::WANDB: model: actor, step: 321, train_loss: -0.155979
TORCHFORT::WANDB: model: actor, step: 321, train_lr: 0.000109065
TORCHFORT::WANDB: model: alpha, step: 321, train_loss: -2.78024
TORCHFORT::WANDB: model: alpha, step: 321, train_lr: 0.0001
TORCHFORT::WANDB: model: critic_0, step: 322, train_loss: 0.121682
TORCHFORT::WANDB: model: critic_0, step: 322, train_lr: 0.000109122
TORCHFORT::WANDB: model: actor, step: 322, train_loss: -0.153308
TORCHFORT::WANDB: model: actor, step: 322, train_lr: 0.000109122
TORCHFORT::WANDB: model: alpha, step: 322, train_loss: -2.72936
TORCHFORT::WANDB: model: alpha, step: 322, train_lr: 0.0001
TORCHFORT::WANDB: model: critic_0, step: 323, train_loss: 0.196641
TORCHFORT::WANDB: model: critic_0, step: 323, train_lr: 0.000109179
TORCHFORT::WANDB: model: actor, step: 323, train_loss: -0.201328
TORCHFORT::WANDB: model: actor, step: 323, train_lr: 0.000109179
TORCHFORT::WANDB: model: alpha, step: 323, train_loss: -2.63259
TORCHFORT::WANDB: model: alpha, step: 323, train_lr: 0.0001
TORCHFORT::WANDB: model: critic_0, step: 324, train_loss: 0.1373
TORCHFORT::WANDB: model: critic_0, step: 324, train_lr: 0.000109235
TORCHFORT::WANDB: model: actor, step: 324, train_loss: -0.175114
TORCHFORT::WANDB: model: actor, step: 324, train_lr: 0.000109235
TORCHFORT::WANDB: model: alpha, step: 324, train_loss: -2.66457
TORCHFORT::WANDB: model: alpha, step: 324, train_lr: 0.0001
TORCHFORT::WANDB: model: critic_0, step: 325, train_loss: 0.0900695
TORCHFORT::WANDB: model: critic_0, step: 325, train_lr: 0.000109292
TORCHFORT::WANDB: model: actor, step: 325, train_loss: -0.162525
TORCHFORT::WANDB: model: actor, step: 325, train_lr: 0.000109292
TORCHFORT::WANDB: model: alpha, step: 325, train_loss: -2.6712
TORCHFORT::WANDB: model: alpha, step: 325, train_lr: 0.0001
TORCHFORT::WANDB: model: critic_0, step: 326, train_loss: 0.0996259
TORCHFORT::WANDB: model: critic_0, step: 326, train_lr: 0.00010935
TORCHFORT::WANDB: model: actor, step: 326, train_loss: -0.161279
TORCHFORT::WANDB: model: actor, step: 326, train_lr: 0.00010935
TORCHFORT::WANDB: model: alpha, step: 326, train_loss: -2.64392
TORCHFORT::WANDB: model: alpha, step: 326, train_lr: 0.0001
TORCHFORT::WANDB: model: critic_0, step: 327, train_loss: 0.088202
TORCHFORT::WANDB: model: critic_0, step: 327, train_lr: 0.000109407
TORCHFORT::WANDB: model: actor, step: 327, train_loss: -0.14444
TORCHFORT::WANDB: model: actor, step: 327, train_lr: 0.000109407
TORCHFORT::WANDB: model: alpha, step: 327, train_loss: -2.72279
TORCHFORT::WANDB: model: alpha, step: 327, train_lr: 0.0001
TORCHFORT::WANDB: model: critic_0, step: 328, train_loss: 0.132145
TORCHFORT::WANDB: model: critic_0, step: 328, train_lr: 0.000109465
TORCHFORT::WANDB: model: actor, step: 328, train_loss: -0.191252
TORCHFORT::WANDB: model: actor, step: 328, train_lr: 0.000109465
TORCHFORT::WANDB: model: alpha, step: 328, train_loss: -2.62593
TORCHFORT::WANDB: model: alpha, step: 328, train_lr: 0.0001
TORCHFORT::WANDB: model: critic_0, step: 329, train_loss: 0.17593
TORCHFORT::WANDB: model: critic_0, step: 329, train_lr: 0.000109523
TORCHFORT::WANDB: model: actor, step: 329, train_loss: -0.155895
TORCHFORT::WANDB: model: actor, step: 329, train_lr: 0.000109523
TORCHFORT::WANDB: model: alpha, step: 329, train_loss: -2.68097
TORCHFORT::WANDB: model: alpha, step: 329, train_lr: 0.0001
TORCHFORT::WANDB: model: critic_0, step: 330, train_loss: 0.136585
TORCHFORT::WANDB: model: critic_0, step: 330, train_lr: 0.00010958
TORCHFORT::WANDB: model: actor, step: 330, train_loss: -0.175933
TORCHFORT::WANDB: model: actor, step: 330, train_lr: 0.00010958
TORCHFORT::WANDB: model: alpha, step: 330, train_loss: -2.65916
TORCHFORT::WANDB: model: alpha, step: 330, train_lr: 0.0001
TORCHFORT::WANDB: model: critic_0, step: 331, train_loss: 0.157331
TORCHFORT::WANDB: model: critic_0, step: 331, train_lr: 0.000109639
TORCHFORT::WANDB: model: actor, step: 331, train_loss: -0.156404
TORCHFORT::WANDB: model: actor, step: 331, train_lr: 0.000109639
TORCHFORT::WANDB: model: alpha, step: 331, train_loss: -2.55742
TORCHFORT::WANDB: model: alpha, step: 331, train_lr: 0.0001
TORCHFORT::WANDB: model: critic_0, step: 332, train_loss: 0.100382
TORCHFORT::WANDB: model: critic_0, step: 332, train_lr: 0.000109697
TORCHFORT::WANDB: model: actor, step: 332, train_loss: -0.181253
TORCHFORT::WANDB: model: actor, step: 332, train_lr: 0.000109697
TORCHFORT::WANDB: model: alpha, step: 332, train_loss: -2.6389
TORCHFORT::WANDB: model: alpha, step: 332, train_lr: 0.0001
TORCHFORT::WANDB: model: critic_0, step: 333, train_loss: 0.0987815
TORCHFORT::WANDB: model: critic_0, step: 333, train_lr: 0.000109755
TORCHFORT::WANDB: model: actor, step: 333, train_loss: -0.161366
TORCHFORT::WANDB: model: actor, step: 333, train_lr: 0.000109755
TORCHFORT::WANDB: model: alpha, step: 333, train_loss: -2.57395
TORCHFORT::WANDB: model: alpha, step: 333, train_lr: 0.0001
TORCHFORT::WANDB: model: critic_0, step: 334, train_loss: 0.209553
TORCHFORT::WANDB: model: critic_0, step: 334, train_lr: 0.000109814
TORCHFORT::WANDB: model: actor, step: 334, train_loss: -0.194483
TORCHFORT::WANDB: model: actor, step: 334, train_lr: 0.000109814
TORCHFORT::WANDB: model: alpha, step: 334, train_loss: -2.65803
TORCHFORT::WANDB: model: alpha, step: 334, train_lr: 0.0001
TORCHFORT::WANDB: model: critic_0, step: 335, train_loss: 0.18529
TORCHFORT::WANDB: model: critic_0, step: 335, train_lr: 0.000109873
TORCHFORT::WANDB: model: actor, step: 335, train_loss: -0.168671
TORCHFORT::WANDB: model: actor, step: 335, train_lr: 0.000109873
TORCHFORT::WANDB: model: alpha, step: 335, train_loss: -2.66558
TORCHFORT::WANDB: model: alpha, step: 335, train_lr: 0.0001
TORCHFORT::WANDB: model: critic_0, step: 336, train_loss: 0.116015
TORCHFORT::WANDB: model: critic_0, step: 336, train_lr: 0.000109932
TORCHFORT::WANDB: model: actor, step: 336, train_loss: -0.145847
TORCHFORT::WANDB: model: actor, step: 336, train_lr: 0.000109932
TORCHFORT::WANDB: model: alpha, step: 336, train_loss: -2.60752
TORCHFORT::WANDB: model: alpha, step: 336, train_lr: 0.0001
TORCHFORT::WANDB: model: critic_0, step: 337, train_loss: 0.147959
TORCHFORT::WANDB: model: critic_0, step: 337, train_lr: 0.000109991
TORCHFORT::WANDB: model: actor, step: 337, train_loss: -0.192808
TORCHFORT::WANDB: model: actor, step: 337, train_lr: 0.000109991
TORCHFORT::WANDB: model: alpha, step: 337, train_loss: -2.61184
TORCHFORT::WANDB: model: alpha, step: 337, train_lr: 0.0001
TORCHFORT::WANDB: model: critic_0, step: 338, train_loss: 0.12508
TORCHFORT::WANDB: model: critic_0, step: 338, train_lr: 0.00011005
TORCHFORT::WANDB: model: actor, step: 338, train_loss: -0.164879
TORCHFORT::WANDB: model: actor, step: 338, train_lr: 0.00011005
TORCHFORT::WANDB: model: alpha, step: 338, train_loss: -2.63936
TORCHFORT::WANDB: model: alpha, step: 338, train_lr: 0.0001
TORCHFORT::WANDB: model: critic_0, step: 339, train_loss: 0.0865501
TORCHFORT::WANDB: model: critic_0, step: 339, train_lr: 0.00011011
TORCHFORT::WANDB: model: actor, step: 339, train_loss: -0.135094
TORCHFORT::WANDB: model: actor, step: 339, train_lr: 0.00011011
TORCHFORT::WANDB: model: alpha, step: 339, train_loss: -2.63503
TORCHFORT::WANDB: model: alpha, step: 339, train_lr: 0.0001
TORCHFORT::WANDB: model: critic_0, step: 340, train_loss: 0.151575
TORCHFORT::WANDB: model: critic_0, step: 340, train_lr: 0.000110169
TORCHFORT::WANDB: model: actor, step: 340, train_loss: -0.129065
TORCHFORT::WANDB: model: actor, step: 340, train_lr: 0.000110169
TORCHFORT::WANDB: model: alpha, step: 340, train_loss: -2.67683
TORCHFORT::WANDB: model: alpha, step: 340, train_lr: 0.0001
TORCHFORT::WANDB: model: critic_0, step: 341, train_loss: 0.123407
TORCHFORT::WANDB: model: critic_0, step: 341, train_lr: 0.000110229
TORCHFORT::WANDB: model: actor, step: 341, train_loss: -0.154697
TORCHFORT::WANDB: model: actor, step: 341, train_lr: 0.000110229
TORCHFORT::WANDB: model: alpha, step: 341, train_loss: -2.69581
TORCHFORT::WANDB: model: alpha, step: 341, train_lr: 0.0001
TORCHFORT::WANDB: model: critic_0, step: 342, train_loss: 0.0900077
TORCHFORT::WANDB: model: critic_0, step: 342, train_lr: 0.000110289
TORCHFORT::WANDB: model: actor, step: 342, train_loss: -0.153292
TORCHFORT::WANDB: model: actor, step: 342, train_lr: 0.000110289
TORCHFORT::WANDB: model: alpha, step: 342, train_loss: -2.68335
TORCHFORT::WANDB: model: alpha, step: 342, train_lr: 0.0001
TORCHFORT::WANDB: model: critic_0, step: 343, train_loss: 0.260369
TORCHFORT::WANDB: model: critic_0, step: 343, train_lr: 0.00011035
TORCHFORT::WANDB: model: actor, step: 343, train_loss: -0.150392
TORCHFORT::WANDB: model: actor, step: 343, train_lr: 0.00011035
TORCHFORT::WANDB: model: alpha, step: 343, train_loss: -2.75767
TORCHFORT::WANDB: model: alpha, step: 343, train_lr: 0.0001
TORCHFORT::WANDB: model: critic_0, step: 344, train_loss: 0.0965497
TORCHFORT::WANDB: model: critic_0, step: 344, train_lr: 0.00011041
TORCHFORT::WANDB: model: actor, step: 344, train_loss: -0.144266
TORCHFORT::WANDB: model: actor, step: 344, train_lr: 0.00011041
TORCHFORT::WANDB: model: alpha, step: 344, train_loss: -2.8354
TORCHFORT::WANDB: model: alpha, step: 344, train_lr: 0.0001
TORCHFORT::WANDB: model: critic_0, step: 345, train_loss: 0.117328
TORCHFORT::WANDB: model: critic_0, step: 345, train_lr: 0.000110471
TORCHFORT::WANDB: model: actor, step: 345, train_loss: -0.174146
TORCHFORT::WANDB: model: actor, step: 345, train_lr: 0.000110471
TORCHFORT::WANDB: model: alpha, step: 345, train_loss: -2.72599
TORCHFORT::WANDB: model: alpha, step: 345, train_lr: 0.0001
TORCHFORT::WANDB: model: critic_0, step: 346, train_loss: 0.116666
TORCHFORT::WANDB: model: critic_0, step: 346, train_lr: 0.000110531
TORCHFORT::WANDB: model: actor, step: 346, train_loss: -0.15876
TORCHFORT::WANDB: model: actor, step: 346, train_lr: 0.000110531
TORCHFORT::WANDB: model: alpha, step: 346, train_loss: -2.77545
TORCHFORT::WANDB: model: alpha, step: 346, train_lr: 0.0001
TORCHFORT::WANDB: model: critic_0, step: 347, train_loss: 0.0931473
TORCHFORT::WANDB: model: critic_0, step: 347, train_lr: 0.000110592
TORCHFORT::WANDB: model: actor, step: 347, train_loss: -0.152261
TORCHFORT::WANDB: model: actor, step: 347, train_lr: 0.000110592
TORCHFORT::WANDB: model: alpha, step: 347, train_loss: -2.71389
TORCHFORT::WANDB: model: alpha, step: 347, train_lr: 0.0001
TORCHFORT::WANDB: model: critic_0, step: 348, train_loss: 0.134242
TORCHFORT::WANDB: model: critic_0, step: 348, train_lr: 0.000110653
TORCHFORT::WANDB: model: actor, step: 348, train_loss: -0.143978
TORCHFORT::WANDB: model: actor, step: 348, train_lr: 0.000110653
TORCHFORT::WANDB: model: alpha, step: 348, train_loss: -2.72094
TORCHFORT::WANDB: model: alpha, step: 348, train_lr: 0.0001
TORCHFORT::WANDB: model: critic_0, step: 349, train_loss: 0.0994794
TORCHFORT::WANDB: model: critic_0, step: 349, train_lr: 0.000110714
TORCHFORT::WANDB: model: actor, step: 349, train_loss: -0.160898
TORCHFORT::WANDB: model: actor, step: 349, train_lr: 0.000110714
TORCHFORT::WANDB: model: alpha, step: 349, train_loss: -2.64161
TORCHFORT::WANDB: model: alpha, step: 349, train_lr: 0.0001
TORCHFORT::WANDB: model: critic_0, step: 350, train_loss: 0.122299
TORCHFORT::WANDB: model: critic_0, step: 350, train_lr: 0.000110776
TORCHFORT::WANDB: model: actor, step: 350, train_loss: -0.143788
TORCHFORT::WANDB: model: actor, step: 350, train_lr: 0.000110776
TORCHFORT::WANDB: model: alpha, step: 350, train_loss: -2.64779
TORCHFORT::WANDB: model: alpha, step: 350, train_lr: 0.0001
TORCHFORT::WANDB: model: critic_0, step: 351, train_loss: 0.112352
TORCHFORT::WANDB: model: critic_0, step: 351, train_lr: 0.000110837
TORCHFORT::WANDB: model: actor, step: 351, train_loss: -0.14821
TORCHFORT::WANDB: model: actor, step: 351, train_lr: 0.000110837
TORCHFORT::WANDB: model: alpha, step: 351, train_loss: -2.71772
TORCHFORT::WANDB: model: alpha, step: 351, train_lr: 0.0001
TORCHFORT::WANDB: model: critic_0, step: 352, train_loss: 0.223174
TORCHFORT::WANDB: model: critic_0, step: 352, train_lr: 0.000110899
TORCHFORT::WANDB: model: actor, step: 352, train_loss: -0.172304
TORCHFORT::WANDB: model: actor, step: 352, train_lr: 0.000110899
TORCHFORT::WANDB: model: alpha, step: 352, train_loss: -2.70397
TORCHFORT::WANDB: model: alpha, step: 352, train_lr: 0.0001
TORCHFORT::WANDB: model: critic_0, step: 353, train_loss: 0.102633
TORCHFORT::WANDB: model: critic_0, step: 353, train_lr: 0.000110961
TORCHFORT::WANDB: model: actor, step: 353, train_loss: -0.152858
TORCHFORT::WANDB: model: actor, step: 353, train_lr: 0.000110961
TORCHFORT::WANDB: model: alpha, step: 353, train_loss: -2.67906
TORCHFORT::WANDB: model: alpha, step: 353, train_lr: 0.0001
TORCHFORT::WANDB: model: critic_0, step: 354, train_loss: 0.136031
TORCHFORT::WANDB: model: critic_0, step: 354, train_lr: 0.000111023
TORCHFORT::WANDB: model: actor, step: 354, train_loss: -0.195565
TORCHFORT::WANDB: model: actor, step: 354, train_lr: 0.000111023
TORCHFORT::WANDB: model: alpha, step: 354, train_loss: -2.69997
TORCHFORT::WANDB: model: alpha, step: 354, train_lr: 0.0001
TORCHFORT::WANDB: model: critic_0, step: 355, train_loss: 0.0652504
TORCHFORT::WANDB: model: critic_0, step: 355, train_lr: 0.000111086
TORCHFORT::WANDB: model: actor, step: 355, train_loss: -0.151806
TORCHFORT::WANDB: model: actor, step: 355, train_lr: 0.000111086
TORCHFORT::WANDB: model: alpha, step: 355, train_loss: -2.70267
TORCHFORT::WANDB: model: alpha, step: 355, train_lr: 0.0001
TORCHFORT::WANDB: model: critic_0, step: 356, train_loss: 0.21542
TORCHFORT::WANDB: model: critic_0, step: 356, train_lr: 0.000111148
TORCHFORT::WANDB: model: actor, step: 356, train_loss: -0.15919
TORCHFORT::WANDB: model: actor, step: 356, train_lr: 0.000111148
TORCHFORT::WANDB: model: alpha, step: 356, train_loss: -2.76971
TORCHFORT::WANDB: model: alpha, step: 356, train_lr: 0.0001
TORCHFORT::WANDB: model: critic_0, step: 357, train_loss: 0.113708
TORCHFORT::WANDB: model: critic_0, step: 357, train_lr: 0.000111211
TORCHFORT::WANDB: model: actor, step: 357, train_loss: -0.156012
TORCHFORT::WANDB: model: actor, step: 357, train_lr: 0.000111211
TORCHFORT::WANDB: model: alpha, step: 357, train_loss: -2.67191
TORCHFORT::WANDB: model: alpha, step: 357, train_lr: 0.0001
TORCHFORT::WANDB: model: critic_0, step: 358, train_loss: 0.170099
TORCHFORT::WANDB: model: critic_0, step: 358, train_lr: 0.000111273
TORCHFORT::WANDB: model: actor, step: 358, train_loss: -0.179623
TORCHFORT::WANDB: model: actor, step: 358, train_lr: 0.000111273
TORCHFORT::WANDB: model: alpha, step: 358, train_loss: -2.69032
TORCHFORT::WANDB: model: alpha, step: 358, train_lr: 0.0001
TORCHFORT::WANDB: model: critic_0, step: 359, train_loss: 0.174283
TORCHFORT::WANDB: model: critic_0, step: 359, train_lr: 0.000111336
TORCHFORT::WANDB: model: actor, step: 359, train_loss: -0.182613
TORCHFORT::WANDB: model: actor, step: 359, train_lr: 0.000111336
TORCHFORT::WANDB: model: alpha, step: 359, train_loss: -2.73054
TORCHFORT::WANDB: model: alpha, step: 359, train_lr: 0.0001
TORCHFORT::WANDB: model: critic_0, step: 360, train_loss: 0.122651
TORCHFORT::WANDB: model: critic_0, step: 360, train_lr: 0.0001114
TORCHFORT::WANDB: model: actor, step: 360, train_loss: -0.190854
TORCHFORT::WANDB: model: actor, step: 360, train_lr: 0.0001114
TORCHFORT::WANDB: model: alpha, step: 360, train_loss: -2.71644
TORCHFORT::WANDB: model: alpha, step: 360, train_lr: 0.0001
TORCHFORT::WANDB: model: critic_0, step: 361, train_loss: 0.101789
TORCHFORT::WANDB: model: critic_0, step: 361, train_lr: 0.000111463
TORCHFORT::WANDB: model: actor, step: 361, train_loss: -0.153738
TORCHFORT::WANDB: model: actor, step: 361, train_lr: 0.000111463
TORCHFORT::WANDB: model: alpha, step: 361, train_loss: -2.70157
TORCHFORT::WANDB: model: alpha, step: 361, train_lr: 0.0001
TORCHFORT::WANDB: model: critic_0, step: 362, train_loss: 0.159488
TORCHFORT::WANDB: model: critic_0, step: 362, train_lr: 0.000111526
TORCHFORT::WANDB: model: actor, step: 362, train_loss: -0.198114
TORCHFORT::WANDB: model: actor, step: 362, train_lr: 0.000111526
TORCHFORT::WANDB: model: alpha, step: 362, train_loss: -2.72726
TORCHFORT::WANDB: model: alpha, step: 362, train_lr: 0.0001
TORCHFORT::WANDB: model: critic_0, step: 363, train_loss: 0.1086
TORCHFORT::WANDB: model: critic_0, step: 363, train_lr: 0.00011159
TORCHFORT::WANDB: model: actor, step: 363, train_loss: -0.175898
TORCHFORT::WANDB: model: actor, step: 363, train_lr: 0.00011159
TORCHFORT::WANDB: model: alpha, step: 363, train_loss: -2.71151
TORCHFORT::WANDB: model: alpha, step: 363, train_lr: 0.0001
TORCHFORT::WANDB: model: critic_0, step: 364, train_loss: 0.0917442
TORCHFORT::WANDB: model: critic_0, step: 364, train_lr: 0.000111654
TORCHFORT::WANDB: model: actor, step: 364, train_loss: -0.162363
TORCHFORT::WANDB: model: actor, step: 364, train_lr: 0.000111654
TORCHFORT::WANDB: model: alpha, step: 364, train_loss: -2.69112
TORCHFORT::WANDB: model: alpha, step: 364, train_lr: 0.0001
TORCHFORT::WANDB: model: critic_0, step: 365, train_loss: 0.124414
TORCHFORT::WANDB: model: critic_0, step: 365, train_lr: 0.000111718
TORCHFORT::WANDB: model: actor, step: 365, train_loss: -0.155723
TORCHFORT::WANDB: model: actor, step: 365, train_lr: 0.000111718
TORCHFORT::WANDB: model: alpha, step: 365, train_loss: -2.73911
TORCHFORT::WANDB: model: alpha, step: 365, train_lr: 0.0001
TORCHFORT::WANDB: model: critic_0, step: 366, train_loss: 0.150343
TORCHFORT::WANDB: model: critic_0, step: 366, train_lr: 0.000111782
TORCHFORT::WANDB: model: actor, step: 366, train_loss: -0.175192
TORCHFORT::WANDB: model: actor, step: 366, train_lr: 0.000111782
TORCHFORT::WANDB: model: alpha, step: 366, train_loss: -2.71388
TORCHFORT::WANDB: model: alpha, step: 366, train_lr: 0.0001
TORCHFORT::WANDB: model: critic_0, step: 367, train_loss: 0.110991
TORCHFORT::WANDB: model: critic_0, step: 367, train_lr: 0.000111846
TORCHFORT::WANDB: model: actor, step: 367, train_loss: -0.171604
TORCHFORT::WANDB: model: actor, step: 367, train_lr: 0.000111846
TORCHFORT::WANDB: model: alpha, step: 367, train_loss: -2.66536
TORCHFORT::WANDB: model: alpha, step: 367, train_lr: 0.0001
TORCHFORT::WANDB: model: critic_0, step: 368, train_loss: 0.088271
TORCHFORT::WANDB: model: critic_0, step: 368, train_lr: 0.000111911
TORCHFORT::WANDB: model: actor, step: 368, train_loss: -0.160087
TORCHFORT::WANDB: model: actor, step: 368, train_lr: 0.000111911
TORCHFORT::WANDB: model: alpha, step: 368, train_loss: -2.7321
TORCHFORT::WANDB: model: alpha, step: 368, train_lr: 0.0001
TORCHFORT::WANDB: model: critic_0, step: 369, train_loss: 0.130124
TORCHFORT::WANDB: model: critic_0, step: 369, train_lr: 0.000111976
TORCHFORT::WANDB: model: actor, step: 369, train_loss: -0.160375
TORCHFORT::WANDB: model: actor, step: 369, train_lr: 0.000111976
TORCHFORT::WANDB: model: alpha, step: 369, train_loss: -2.74677
TORCHFORT::WANDB: model: alpha, step: 369, train_lr: 0.0001
TORCHFORT::WANDB: model: critic_0, step: 370, train_loss: 0.131228
TORCHFORT::WANDB: model: critic_0, step: 370, train_lr: 0.000112041
TORCHFORT::WANDB: model: actor, step: 370, train_loss: -0.174335
TORCHFORT::WANDB: model: actor, step: 370, train_lr: 0.000112041
TORCHFORT::WANDB: model: alpha, step: 370, train_loss: -2.64772
TORCHFORT::WANDB: model: alpha, step: 370, train_lr: 0.0001
TORCHFORT::WANDB: model: critic_0, step: 371, train_loss: 0.107997
TORCHFORT::WANDB: model: critic_0, step: 371, train_lr: 0.000112106
TORCHFORT::WANDB: model: actor, step: 371, train_loss: -0.174644
TORCHFORT::WANDB: model: actor, step: 371, train_lr: 0.000112106
TORCHFORT::WANDB: model: alpha, step: 371, train_loss: -2.76455
TORCHFORT::WANDB: model: alpha, step: 371, train_lr: 0.0001
TORCHFORT::WANDB: model: critic_0, step: 372, train_loss: 0.0989655
TORCHFORT::WANDB: model: critic_0, step: 372, train_lr: 0.000112171
TORCHFORT::WANDB: model: actor, step: 372, train_loss: -0.159964
TORCHFORT::WANDB: model: actor, step: 372, train_lr: 0.000112171
TORCHFORT::WANDB: model: alpha, step: 372, train_loss: -2.78638
TORCHFORT::WANDB: model: alpha, step: 372, train_lr: 0.0001
TORCHFORT::WANDB: model: critic_0, step: 373, train_loss: 0.160212
TORCHFORT::WANDB: model: critic_0, step: 373, train_lr: 0.000112236
TORCHFORT::WANDB: model: actor, step: 373, train_loss: -0.183384
TORCHFORT::WANDB: model: actor, step: 373, train_lr: 0.000112236
TORCHFORT::WANDB: model: alpha, step: 373, train_loss: -2.70994
TORCHFORT::WANDB: model: alpha, step: 373, train_lr: 0.0001
TORCHFORT::WANDB: model: critic_0, step: 374, train_loss: 0.109912
TORCHFORT::WANDB: model: critic_0, step: 374, train_lr: 0.000112302
TORCHFORT::WANDB: model: actor, step: 374, train_loss: -0.19548
TORCHFORT::WANDB: model: actor, step: 374, train_lr: 0.000112302
TORCHFORT::WANDB: model: alpha, step: 374, train_loss: -2.70268
TORCHFORT::WANDB: model: alpha, step: 374, train_lr: 0.0001
TORCHFORT::WANDB: model: critic_0, step: 375, train_loss: 0.189219
TORCHFORT::WANDB: model: critic_0, step: 375, train_lr: 0.000112368
TORCHFORT::WANDB: model: actor, step: 375, train_loss: -0.150404
TORCHFORT::WANDB: model: actor, step: 375, train_lr: 0.000112368
TORCHFORT::WANDB: model: alpha, step: 375, train_loss: -2.72513
TORCHFORT::WANDB: model: alpha, step: 375, train_lr: 0.0001
TORCHFORT::WANDB: model: critic_0, step: 376, train_loss: 0.0976906
TORCHFORT::WANDB: model: critic_0, step: 376, train_lr: 0.000112434
TORCHFORT::WANDB: model: actor, step: 376, train_loss: -0.171445
TORCHFORT::WANDB: model: actor, step: 376, train_lr: 0.000112434
TORCHFORT::WANDB: model: alpha, step: 376, train_loss: -2.68709
TORCHFORT::WANDB: model: alpha, step: 376, train_lr: 0.0001
TORCHFORT::WANDB: model: critic_0, step: 377, train_loss: 0.0889804
TORCHFORT::WANDB: model: critic_0, step: 377, train_lr: 0.0001125
TORCHFORT::WANDB: model: actor, step: 377, train_loss: -0.176444
TORCHFORT::WANDB: model: actor, step: 377, train_lr: 0.0001125
TORCHFORT::WANDB: model: alpha, step: 377, train_loss: -2.56117
TORCHFORT::WANDB: model: alpha, step: 377, train_lr: 0.0001
TORCHFORT::WANDB: model: critic_0, step: 378, train_loss: 0.135322
TORCHFORT::WANDB: model: critic_0, step: 378, train_lr: 0.000112566
TORCHFORT::WANDB: model: actor, step: 378, train_loss: -0.189812
TORCHFORT::WANDB: model: actor, step: 378, train_lr: 0.000112566
TORCHFORT::WANDB: model: alpha, step: 378, train_loss: -2.66212
TORCHFORT::WANDB: model: alpha, step: 378, train_lr: 0.0001
TORCHFORT::WANDB: model: critic_0, step: 379, train_loss: 0.086541
TORCHFORT::WANDB: model: critic_0, step: 379, train_lr: 0.000112632
TORCHFORT::WANDB: model: actor, step: 379, train_loss: -0.170631
TORCHFORT::WANDB: model: actor, step: 379, train_lr: 0.000112632
TORCHFORT::WANDB: model: alpha, step: 379, train_loss: -2.70771
TORCHFORT::WANDB: model: alpha, step: 379, train_lr: 0.0001
TORCHFORT::WANDB: model: critic_0, step: 380, train_loss: 0.0786433
TORCHFORT::WANDB: model: critic_0, step: 380, train_lr: 0.000112699
TORCHFORT::WANDB: model: actor, step: 380, train_loss: -0.15969
TORCHFORT::WANDB: model: actor, step: 380, train_lr: 0.000112699
TORCHFORT::WANDB: model: alpha, step: 380, train_loss: -2.71686
TORCHFORT::WANDB: model: alpha, step: 380, train_lr: 0.0001
TORCHFORT::WANDB: model: critic_0, step: 381, train_loss: 0.103892
TORCHFORT::WANDB: model: critic_0, step: 381, train_lr: 0.000112766
TORCHFORT::WANDB: model: actor, step: 381, train_loss: -0.163553
TORCHFORT::WANDB: model: actor, step: 381, train_lr: 0.000112766
TORCHFORT::WANDB: model: alpha, step: 381, train_loss: -2.71246
TORCHFORT::WANDB: model: alpha, step: 381, train_lr: 0.0001
TORCHFORT::WANDB: model: critic_0, step: 382, train_loss: 0.099714
TORCHFORT::WANDB: model: critic_0, step: 382, train_lr: 0.000112833
TORCHFORT::WANDB: model: actor, step: 382, train_loss: -0.185435
TORCHFORT::WANDB: model: actor, step: 382, train_lr: 0.000112833
TORCHFORT::WANDB: model: alpha, step: 382, train_loss: -2.61259
TORCHFORT::WANDB: model: alpha, step: 382, train_lr: 0.0001
TORCHFORT::WANDB: model: critic_0, step: 383, train_loss: 0.128084
TORCHFORT::WANDB: model: critic_0, step: 383, train_lr: 0.0001129
TORCHFORT::WANDB: model: actor, step: 383, train_loss: -0.162145
TORCHFORT::WANDB: model: actor, step: 383, train_lr: 0.0001129
TORCHFORT::WANDB: model: alpha, step: 383, train_loss: -2.6882
TORCHFORT::WANDB: model: alpha, step: 383, train_lr: 0.0001
TORCHFORT::WANDB: model: critic_0, step: 384, train_loss: 0.141474
TORCHFORT::WANDB: model: critic_0, step: 384, train_lr: 0.000112967
TORCHFORT::WANDB: model: actor, step: 384, train_loss: -0.162924
TORCHFORT::WANDB: model: actor, step: 384, train_lr: 0.000112967
TORCHFORT::WANDB: model: alpha, step: 384, train_loss: -2.70296
TORCHFORT::WANDB: model: alpha, step: 384, train_lr: 0.0001
TORCHFORT::WANDB: model: critic_0, step: 385, train_loss: 0.118172
TORCHFORT::WANDB: model: critic_0, step: 385, train_lr: 0.000113035
TORCHFORT::WANDB: model: actor, step: 385, train_loss: -0.159896
TORCHFORT::WANDB: model: actor, step: 385, train_lr: 0.000113035
TORCHFORT::WANDB: model: alpha, step: 385, train_loss: -2.70753
TORCHFORT::WANDB: model: alpha, step: 385, train_lr: 0.0001
TORCHFORT::WANDB: model: critic_0, step: 386, train_loss: 0.139572
TORCHFORT::WANDB: model: critic_0, step: 386, train_lr: 0.000113102
TORCHFORT::WANDB: model: actor, step: 386, train_loss: -0.193874
TORCHFORT::WANDB: model: actor, step: 386, train_lr: 0.000113102
TORCHFORT::WANDB: model: alpha, step: 386, train_loss: -2.63189
TORCHFORT::WANDB: model: alpha, step: 386, train_lr: 0.0001
TORCHFORT::WANDB: model: critic_0, step: 387, train_loss: 0.0989451
TORCHFORT::WANDB: model: critic_0, step: 387, train_lr: 0.00011317
TORCHFORT::WANDB: model: actor, step: 387, train_loss: -0.170669
TORCHFORT::WANDB: model: actor, step: 387, train_lr: 0.00011317
TORCHFORT::WANDB: model: alpha, step: 387, train_loss: -2.62256
TORCHFORT::WANDB: model: alpha, step: 387, train_lr: 0.0001
TORCHFORT::WANDB: model: critic_0, step: 388, train_loss: 0.0911479
TORCHFORT::WANDB: model: critic_0, step: 388, train_lr: 0.000113238
TORCHFORT::WANDB: model: actor, step: 388, train_loss: -0.171698
TORCHFORT::WANDB: model: actor, step: 388, train_lr: 0.000113238
TORCHFORT::WANDB: model: alpha, step: 388, train_loss: -2.60238
TORCHFORT::WANDB: model: alpha, step: 388, train_lr: 0.0001
TORCHFORT::WANDB: model: critic_0, step: 389, train_loss: 0.0997631
TORCHFORT::WANDB: model: critic_0, step: 389, train_lr: 0.000113306
TORCHFORT::WANDB: model: actor, step: 389, train_loss: -0.148306
TORCHFORT::WANDB: model: actor, step: 389, train_lr: 0.000113306
TORCHFORT::WANDB: model: alpha, step: 389, train_loss: -2.76255
TORCHFORT::WANDB: model: alpha, step: 389, train_lr: 0.0001
TORCHFORT::WANDB: model: critic_0, step: 390, train_loss: 0.0865168
TORCHFORT::WANDB: model: critic_0, step: 390, train_lr: 0.000113375
TORCHFORT::WANDB: model: actor, step: 390, train_loss: -0.159886
TORCHFORT::WANDB: model: actor, step: 390, train_lr: 0.000113375
TORCHFORT::WANDB: model: alpha, step: 390, train_loss: -2.66806
TORCHFORT::WANDB: model: alpha, step: 390, train_lr: 0.0001
TORCHFORT::WANDB: model: critic_0, step: 391, train_loss: 0.0941363
TORCHFORT::WANDB: model: critic_0, step: 391, train_lr: 0.000113443
TORCHFORT::WANDB: model: actor, step: 391, train_loss: -0.156106
TORCHFORT::WANDB: model: actor, step: 391, train_lr: 0.000113443
TORCHFORT::WANDB: model: alpha, step: 391, train_loss: -2.75958
TORCHFORT::WANDB: model: alpha, step: 391, train_lr: 0.0001
TORCHFORT::WANDB: model: critic_0, step: 392, train_loss: 0.109304
TORCHFORT::WANDB: model: critic_0, step: 392, train_lr: 0.000113512
TORCHFORT::WANDB: model: actor, step: 392, train_loss: -0.169639
TORCHFORT::WANDB: model: actor, step: 392, train_lr: 0.000113512
TORCHFORT::WANDB: model: alpha, step: 392, train_loss: -2.70798
TORCHFORT::WANDB: model: alpha, step: 392, train_lr: 0.0001
TORCHFORT::WANDB: model: critic_0, step: 393, train_loss: 0.0918509
TORCHFORT::WANDB: model: critic_0, step: 393, train_lr: 0.000113581
TORCHFORT::WANDB: model: actor, step: 393, train_loss: -0.178652
TORCHFORT::WANDB: model: actor, step: 393, train_lr: 0.000113581
TORCHFORT::WANDB: model: alpha, step: 393, train_loss: -2.65754
TORCHFORT::WANDB: model: alpha, step: 393, train_lr: 0.0001
TORCHFORT::WANDB: model: critic_0, step: 394, train_loss: 0.097071
TORCHFORT::WANDB: model: critic_0, step: 394, train_lr: 0.00011365
TORCHFORT::WANDB: model: actor, step: 394, train_loss: -0.142682
TORCHFORT::WANDB: model: actor, step: 394, train_lr: 0.00011365
TORCHFORT::WANDB: model: alpha, step: 394, train_loss: -2.72982
TORCHFORT::WANDB: model: alpha, step: 394, train_lr: 0.0001
TORCHFORT::WANDB: model: critic_0, step: 395, train_loss: 0.145615
TORCHFORT::WANDB: model: critic_0, step: 395, train_lr: 0.000113719
TORCHFORT::WANDB: model: actor, step: 395, train_loss: -0.167153
TORCHFORT::WANDB: model: actor, step: 395, train_lr: 0.000113719
TORCHFORT::WANDB: model: alpha, step: 395, train_loss: -2.75441
TORCHFORT::WANDB: model: alpha, step: 395, train_lr: 0.0001
TORCHFORT::WANDB: model: critic_0, step: 396, train_loss: 0.0971925
TORCHFORT::WANDB: model: critic_0, step: 396, train_lr: 0.000113788
TORCHFORT::WANDB: model: actor, step: 396, train_loss: -0.158446
TORCHFORT::WANDB: model: actor, step: 396, train_lr: 0.000113788
TORCHFORT::WANDB: model: alpha, step: 396, train_loss: -2.74771
TORCHFORT::WANDB: model: alpha, step: 396, train_lr: 0.0001
TORCHFORT::WANDB: model: critic_0, step: 397, train_loss: 0.123178
TORCHFORT::WANDB: model: critic_0, step: 397, train_lr: 0.000113858
TORCHFORT::WANDB: model: actor, step: 397, train_loss: -0.176068
TORCHFORT::WANDB: model: actor, step: 397, train_lr: 0.000113858
TORCHFORT::WANDB: model: alpha, step: 397, train_loss: -2.7534
TORCHFORT::WANDB: model: alpha, step: 397, train_lr: 0.0001
TORCHFORT::WANDB: model: critic_0, step: 398, train_loss: 0.104284
TORCHFORT::WANDB: model: critic_0, step: 398, train_lr: 0.000113927
TORCHFORT::WANDB: model: actor, step: 398, train_loss: -0.134058
TORCHFORT::WANDB: model: actor, step: 398, train_lr: 0.000113927
TORCHFORT::WANDB: model: alpha, step: 398, train_loss: -2.72578
TORCHFORT::WANDB: model: alpha, step: 398, train_lr: 0.0001
TORCHFORT::WANDB: model: critic_0, step: 399, train_loss: 0.144302
TORCHFORT::WANDB: model: critic_0, step: 399, train_lr: 0.000113997
TORCHFORT::WANDB: model: actor, step: 399, train_loss: -0.146849
TORCHFORT::WANDB: model: actor, step: 399, train_lr: 0.000113997
TORCHFORT::WANDB: model: alpha, step: 399, train_loss: -2.66099
TORCHFORT::WANDB: model: alpha, step: 399, train_lr: 0.0001
TORCHFORT::WANDB: model: critic_0, step: 400, train_loss: 0.150642
TORCHFORT::WANDB: model: critic_0, step: 400, train_lr: 0.000114067
TORCHFORT::WANDB: model: actor, step: 400, train_loss: -0.143754
TORCHFORT::WANDB: model: actor, step: 400, train_lr: 0.000114067
TORCHFORT::WANDB: model: alpha, step: 400, train_loss: -2.76031
TORCHFORT::WANDB: model: alpha, step: 400, train_lr: 0.0001
TORCHFORT::WANDB: model: rlwm, step: 4, reward_sum: 1246.45
TORCHFORT::WANDB: model: rlwm, step: 4, policy_loss: -0.143754
TORCHFORT::WANDB: model: rlwm, step: 4, critic_loss: 0.150642
TORCHFORT::WANDB: model: critic_0, step: 401, train_loss: 0.107513
TORCHFORT::WANDB: model: critic_0, step: 401, train_lr: 0.000114138
TORCHFORT::WANDB: model: actor, step: 401, train_loss: -0.174435
TORCHFORT::WANDB: model: actor, step: 401, train_lr: 0.000114138
TORCHFORT::WANDB: model: alpha, step: 401, train_loss: -2.65346
TORCHFORT::WANDB: model: alpha, step: 401, train_lr: 0.0001
TORCHFORT::WANDB: model: critic_0, step: 402, train_loss: 0.0938181
TORCHFORT::WANDB: model: critic_0, step: 402, train_lr: 0.000114208
TORCHFORT::WANDB: model: actor, step: 402, train_loss: -0.146085
TORCHFORT::WANDB: model: actor, step: 402, train_lr: 0.000114208
TORCHFORT::WANDB: model: alpha, step: 402, train_loss: -2.79556
TORCHFORT::WANDB: model: alpha, step: 402, train_lr: 0.0001
TORCHFORT::WANDB: model: critic_0, step: 403, train_loss: 0.130457
TORCHFORT::WANDB: model: critic_0, step: 403, train_lr: 0.000114279
TORCHFORT::WANDB: model: actor, step: 403, train_loss: -0.153654
TORCHFORT::WANDB: model: actor, step: 403, train_lr: 0.000114279
TORCHFORT::WANDB: model: alpha, step: 403, train_loss: -2.76188
TORCHFORT::WANDB: model: alpha, step: 403, train_lr: 0.0001
TORCHFORT::WANDB: model: critic_0, step: 404, train_loss: 0.0920161
TORCHFORT::WANDB: model: critic_0, step: 404, train_lr: 0.000114349
TORCHFORT::WANDB: model: actor, step: 404, train_loss: -0.171562
TORCHFORT::WANDB: model: actor, step: 404, train_lr: 0.000114349
TORCHFORT::WANDB: model: alpha, step: 404, train_loss: -2.60934
TORCHFORT::WANDB: model: alpha, step: 404, train_lr: 0.0001
TORCHFORT::WANDB: model: critic_0, step: 405, train_loss: 0.162971
TORCHFORT::WANDB: model: critic_0, step: 405, train_lr: 0.00011442
TORCHFORT::WANDB: model: actor, step: 405, train_loss: -0.175703
TORCHFORT::WANDB: model: actor, step: 405, train_lr: 0.00011442
TORCHFORT::WANDB: model: alpha, step: 405, train_loss: -2.7157
TORCHFORT::WANDB: model: alpha, step: 405, train_lr: 0.0001
TORCHFORT::WANDB: model: critic_0, step: 406, train_loss: 0.13859
TORCHFORT::WANDB: model: critic_0, step: 406, train_lr: 0.000114491
TORCHFORT::WANDB: model: actor, step: 406, train_loss: -0.162191
TORCHFORT::WANDB: model: actor, step: 406, train_lr: 0.000114491
TORCHFORT::WANDB: model: alpha, step: 406, train_loss: -2.71647
TORCHFORT::WANDB: model: alpha, step: 406, train_lr: 0.0001
TORCHFORT::WANDB: model: critic_0, step: 407, train_loss: 0.0812765
TORCHFORT::WANDB: model: critic_0, step: 407, train_lr: 0.000114563
TORCHFORT::WANDB: model: actor, step: 407, train_loss: -0.146223
TORCHFORT::WANDB: model: actor, step: 407, train_lr: 0.000114563
TORCHFORT::WANDB: model: alpha, step: 407, train_loss: -2.61228
TORCHFORT::WANDB: model: alpha, step: 407, train_lr: 0.0001
TORCHFORT::WANDB: model: critic_0, step: 408, train_loss: 0.141354
TORCHFORT::WANDB: model: critic_0, step: 408, train_lr: 0.000114634
TORCHFORT::WANDB: model: actor, step: 408, train_loss: -0.17292
TORCHFORT::WANDB: model: actor, step: 408, train_lr: 0.000114634
TORCHFORT::WANDB: model: alpha, step: 408, train_loss: -2.75695
TORCHFORT::WANDB: model: alpha, step: 408, train_lr: 0.0001
TORCHFORT::WANDB: model: critic_0, step: 409, train_loss: 0.113645
TORCHFORT::WANDB: model: critic_0, step: 409, train_lr: 0.000114706
TORCHFORT::WANDB: model: actor, step: 409, train_loss: -0.164291
TORCHFORT::WANDB: model: actor, step: 409, train_lr: 0.000114706
TORCHFORT::WANDB: model: alpha, step: 409, train_loss: -2.59292
TORCHFORT::WANDB: model: alpha, step: 409, train_lr: 0.0001
TORCHFORT::WANDB: model: critic_0, step: 410, train_loss: 0.131276
TORCHFORT::WANDB: model: critic_0, step: 410, train_lr: 0.000114777
TORCHFORT::WANDB: model: actor, step: 410, train_loss: -0.172108
TORCHFORT::WANDB: model: actor, step: 410, train_lr: 0.000114777
TORCHFORT::WANDB: model: alpha, step: 410, train_loss: -2.61277
TORCHFORT::WANDB: model: alpha, step: 410, train_lr: 0.0001
TORCHFORT::WANDB: model: critic_0, step: 411, train_loss: 0.149297
TORCHFORT::WANDB: model: critic_0, step: 411, train_lr: 0.000114849
TORCHFORT::WANDB: model: actor, step: 411, train_loss: -0.178709
TORCHFORT::WANDB: model: actor, step: 411, train_lr: 0.000114849
TORCHFORT::WANDB: model: alpha, step: 411, train_loss: -2.61163
TORCHFORT::WANDB: model: alpha, step: 411, train_lr: 0.0001
TORCHFORT::WANDB: model: critic_0, step: 412, train_loss: 0.20511
TORCHFORT::WANDB: model: critic_0, step: 412, train_lr: 0.000114921
TORCHFORT::WANDB: model: actor, step: 412, train_loss: -0.173334
TORCHFORT::WANDB: model: actor, step: 412, train_lr: 0.000114921
TORCHFORT::WANDB: model: alpha, step: 412, train_loss: -2.63317
TORCHFORT::WANDB: model: alpha, step: 412, train_lr: 0.0001
TORCHFORT::WANDB: model: critic_0, step: 413, train_loss: 0.0683965
TORCHFORT::WANDB: model: critic_0, step: 413, train_lr: 0.000114994
TORCHFORT::WANDB: model: actor, step: 413, train_loss: -0.184725
TORCHFORT::WANDB: model: actor, step: 413, train_lr: 0.000114994
TORCHFORT::WANDB: model: alpha, step: 413, train_loss: -2.67292
TORCHFORT::WANDB: model: alpha, step: 413, train_lr: 0.0001
TORCHFORT::WANDB: model: critic_0, step: 414, train_loss: 0.124607
TORCHFORT::WANDB: model: critic_0, step: 414, train_lr: 0.000115066
TORCHFORT::WANDB: model: actor, step: 414, train_loss: -0.168026
TORCHFORT::WANDB: model: actor, step: 414, train_lr: 0.000115066
TORCHFORT::WANDB: model: alpha, step: 414, train_loss: -2.71368
TORCHFORT::WANDB: model: alpha, step: 414, train_lr: 0.0001
TORCHFORT::WANDB: model: critic_0, step: 415, train_loss: 0.104628
TORCHFORT::WANDB: model: critic_0, step: 415, train_lr: 0.000115139
TORCHFORT::WANDB: model: actor, step: 415, train_loss: -0.167483
TORCHFORT::WANDB: model: actor, step: 415, train_lr: 0.000115139
TORCHFORT::WANDB: model: alpha, step: 415, train_loss: -2.77979
TORCHFORT::WANDB: model: alpha, step: 415, train_lr: 0.0001
TORCHFORT::WANDB: model: critic_0, step: 416, train_loss: 0.0787868
TORCHFORT::WANDB: model: critic_0, step: 416, train_lr: 0.000115212
TORCHFORT::WANDB: model: actor, step: 416, train_loss: -0.189137
TORCHFORT::WANDB: model: actor, step: 416, train_lr: 0.000115212
TORCHFORT::WANDB: model: alpha, step: 416, train_loss: -2.71217
TORCHFORT::WANDB: model: alpha, step: 416, train_lr: 0.0001
TORCHFORT::WANDB: model: critic_0, step: 417, train_loss: 0.175989
TORCHFORT::WANDB: model: critic_0, step: 417, train_lr: 0.000115285
TORCHFORT::WANDB: model: actor, step: 417, train_loss: -0.17326
TORCHFORT::WANDB: model: actor, step: 417, train_lr: 0.000115285
TORCHFORT::WANDB: model: alpha, step: 417, train_loss: -2.77651
TORCHFORT::WANDB: model: alpha, step: 417, train_lr: 0.0001
TORCHFORT::WANDB: model: critic_0, step: 418, train_loss: 0.12789
TORCHFORT::WANDB: model: critic_0, step: 418, train_lr: 0.000115358
TORCHFORT::WANDB: model: actor, step: 418, train_loss: -0.175552
TORCHFORT::WANDB: model: actor, step: 418, train_lr: 0.000115358
TORCHFORT::WANDB: model: alpha, step: 418, train_loss: -2.61103
TORCHFORT::WANDB: model: alpha, step: 418, train_lr: 0.0001
TORCHFORT::WANDB: model: critic_0, step: 419, train_loss: 0.133667
TORCHFORT::WANDB: model: critic_0, step: 419, train_lr: 0.000115431
TORCHFORT::WANDB: model: actor, step: 419, train_loss: -0.184462
TORCHFORT::WANDB: model: actor, step: 419, train_lr: 0.000115431
TORCHFORT::WANDB: model: alpha, step: 419, train_loss: -2.73661
TORCHFORT::WANDB: model: alpha, step: 419, train_lr: 0.0001
TORCHFORT::WANDB: model: critic_0, step: 420, train_loss: 0.127247
TORCHFORT::WANDB: model: critic_0, step: 420, train_lr: 0.000115505
TORCHFORT::WANDB: model: actor, step: 420, train_loss: -0.210992
TORCHFORT::WANDB: model: actor, step: 420, train_lr: 0.000115505
TORCHFORT::WANDB: model: alpha, step: 420, train_loss: -2.74366
TORCHFORT::WANDB: model: alpha, step: 420, train_lr: 0.0001
TORCHFORT::WANDB: model: critic_0, step: 421, train_loss: 0.0699232
TORCHFORT::WANDB: model: critic_0, step: 421, train_lr: 0.000115578
TORCHFORT::WANDB: model: actor, step: 421, train_loss: -0.175487
TORCHFORT::WANDB: model: actor, step: 421, train_lr: 0.000115578
TORCHFORT::WANDB: model: alpha, step: 421, train_loss: -2.71031
TORCHFORT::WANDB: model: alpha, step: 421, train_lr: 0.0001
TORCHFORT::WANDB: model: critic_0, step: 422, train_loss: 0.0643138
TORCHFORT::WANDB: model: critic_0, step: 422, train_lr: 0.000115652
TORCHFORT::WANDB: model: actor, step: 422, train_loss: -0.165788
TORCHFORT::WANDB: model: actor, step: 422, train_lr: 0.000115652
TORCHFORT::WANDB: model: alpha, step: 422, train_loss: -2.6741
TORCHFORT::WANDB: model: alpha, step: 422, train_lr: 0.0001
TORCHFORT::WANDB: model: critic_0, step: 423, train_loss: 0.120475
TORCHFORT::WANDB: model: critic_0, step: 423, train_lr: 0.000115726
TORCHFORT::WANDB: model: actor, step: 423, train_loss: -0.172408
TORCHFORT::WANDB: model: actor, step: 423, train_lr: 0.000115726
TORCHFORT::WANDB: model: alpha, step: 423, train_loss: -2.76288
TORCHFORT::WANDB: model: alpha, step: 423, train_lr: 0.0001
TORCHFORT::WANDB: model: critic_0, step: 424, train_loss: 0.139144
TORCHFORT::WANDB: model: critic_0, step: 424, train_lr: 0.0001158
TORCHFORT::WANDB: model: actor, step: 424, train_loss: -0.159388
TORCHFORT::WANDB: model: actor, step: 424, train_lr: 0.0001158
TORCHFORT::WANDB: model: alpha, step: 424, train_loss: -2.61561
TORCHFORT::WANDB: model: alpha, step: 424, train_lr: 0.0001
TORCHFORT::WANDB: model: critic_0, step: 425, train_loss: 0.14805
TORCHFORT::WANDB: model: critic_0, step: 425, train_lr: 0.000115875
TORCHFORT::WANDB: model: actor, step: 425, train_loss: -0.196975
TORCHFORT::WANDB: model: actor, step: 425, train_lr: 0.000115875
TORCHFORT::WANDB: model: alpha, step: 425, train_loss: -2.63138
TORCHFORT::WANDB: model: alpha, step: 425, train_lr: 0.0001
TORCHFORT::WANDB: model: critic_0, step: 426, train_loss: 0.0767104
TORCHFORT::WANDB: model: critic_0, step: 426, train_lr: 0.000115949
TORCHFORT::WANDB: model: actor, step: 426, train_loss: -0.173066
TORCHFORT::WANDB: model: actor, step: 426, train_lr: 0.000115949
TORCHFORT::WANDB: model: alpha, step: 426, train_loss: -2.74016
TORCHFORT::WANDB: model: alpha, step: 426, train_lr: 0.0001
TORCHFORT::WANDB: model: critic_0, step: 427, train_loss: 0.13778
TORCHFORT::WANDB: model: critic_0, step: 427, train_lr: 0.000116024
TORCHFORT::WANDB: model: actor, step: 427, train_loss: -0.181674
TORCHFORT::WANDB: model: actor, step: 427, train_lr: 0.000116024
TORCHFORT::WANDB: model: alpha, step: 427, train_loss: -2.6975
TORCHFORT::WANDB: model: alpha, step: 427, train_lr: 0.0001
TORCHFORT::WANDB: model: critic_0, step: 428, train_loss: 0.101322
TORCHFORT::WANDB: model: critic_0, step: 428, train_lr: 0.000116099
TORCHFORT::WANDB: model: actor, step: 428, train_loss: -0.159898
TORCHFORT::WANDB: model: actor, step: 428, train_lr: 0.000116099
TORCHFORT::WANDB: model: alpha, step: 428, train_loss: -2.7201
TORCHFORT::WANDB: model: alpha, step: 428, train_lr: 0.0001
TORCHFORT::WANDB: model: critic_0, step: 429, train_loss: 0.0897459
TORCHFORT::WANDB: model: critic_0, step: 429, train_lr: 0.000116174
TORCHFORT::WANDB: model: actor, step: 429, train_loss: -0.176888
TORCHFORT::WANDB: model: actor, step: 429, train_lr: 0.000116174
TORCHFORT::WANDB: model: alpha, step: 429, train_loss: -2.6937
TORCHFORT::WANDB: model: alpha, step: 429, train_lr: 0.0001
TORCHFORT::WANDB: model: critic_0, step: 430, train_loss: 0.181906
TORCHFORT::WANDB: model: critic_0, step: 430, train_lr: 0.000116249
TORCHFORT::WANDB: model: actor, step: 430, train_loss: -0.202039
TORCHFORT::WANDB: model: actor, step: 430, train_lr: 0.000116249
TORCHFORT::WANDB: model: alpha, step: 430, train_loss: -2.69008
TORCHFORT::WANDB: model: alpha, step: 430, train_lr: 0.0001
TORCHFORT::WANDB: model: critic_0, step: 431, train_loss: 0.0809283
TORCHFORT::WANDB: model: critic_0, step: 431, train_lr: 0.000116324
TORCHFORT::WANDB: model: actor, step: 431, train_loss: -0.178243
TORCHFORT::WANDB: model: actor, step: 431, train_lr: 0.000116324
TORCHFORT::WANDB: model: alpha, step: 431, train_loss: -2.73641
TORCHFORT::WANDB: model: alpha, step: 431, train_lr: 0.0001
TORCHFORT::WANDB: model: critic_0, step: 432, train_loss: 0.107631
TORCHFORT::WANDB: model: critic_0, step: 432, train_lr: 0.0001164
TORCHFORT::WANDB: model: actor, step: 432, train_loss: -0.153401
TORCHFORT::WANDB: model: actor, step: 432, train_lr: 0.0001164
TORCHFORT::WANDB: model: alpha, step: 432, train_loss: -2.76152
TORCHFORT::WANDB: model: alpha, step: 432, train_lr: 0.0001
TORCHFORT::WANDB: model: critic_0, step: 433, train_loss: 0.08202
TORCHFORT::WANDB: model: critic_0, step: 433, train_lr: 0.000116476
TORCHFORT::WANDB: model: actor, step: 433, train_loss: -0.191338
TORCHFORT::WANDB: model: actor, step: 433, train_lr: 0.000116476
TORCHFORT::WANDB: model: alpha, step: 433, train_loss: -2.66538
TORCHFORT::WANDB: model: alpha, step: 433, train_lr: 0.0001
TORCHFORT::WANDB: model: critic_0, step: 434, train_loss: 0.123008
TORCHFORT::WANDB: model: critic_0, step: 434, train_lr: 0.000116552
TORCHFORT::WANDB: model: actor, step: 434, train_loss: -0.143245
TORCHFORT::WANDB: model: actor, step: 434, train_lr: 0.000116552
TORCHFORT::WANDB: model: alpha, step: 434, train_loss: -2.69261
TORCHFORT::WANDB: model: alpha, step: 434, train_lr: 0.0001
TORCHFORT::WANDB: model: critic_0, step: 435, train_loss: 0.134054
TORCHFORT::WANDB: model: critic_0, step: 435, train_lr: 0.000116628
TORCHFORT::WANDB: model: actor, step: 435, train_loss: -0.172783
TORCHFORT::WANDB: model: actor, step: 435, train_lr: 0.000116628
TORCHFORT::WANDB: model: alpha, step: 435, train_loss: -2.70457
TORCHFORT::WANDB: model: alpha, step: 435, train_lr: 0.0001
TORCHFORT::WANDB: model: critic_0, step: 436, train_loss: 0.0740282
TORCHFORT::WANDB: model: critic_0, step: 436, train_lr: 0.000116704
TORCHFORT::WANDB: model: actor, step: 436, train_loss: -0.181205
TORCHFORT::WANDB: model: actor, step: 436, train_lr: 0.000116704
TORCHFORT::WANDB: model: alpha, step: 436, train_loss: -2.71896
TORCHFORT::WANDB: model: alpha, step: 436, train_lr: 0.0001
TORCHFORT::WANDB: model: critic_0, step: 437, train_loss: 0.137325
TORCHFORT::WANDB: model: critic_0, step: 437, train_lr: 0.00011678
TORCHFORT::WANDB: model: actor, step: 437, train_loss: -0.181734
TORCHFORT::WANDB: model: actor, step: 437, train_lr: 0.00011678
TORCHFORT::WANDB: model: alpha, step: 437, train_loss: -2.685
TORCHFORT::WANDB: model: alpha, step: 437, train_lr: 0.0001
TORCHFORT::WANDB: model: critic_0, step: 438, train_loss: 0.096516
TORCHFORT::WANDB: model: critic_0, step: 438, train_lr: 0.000116857
TORCHFORT::WANDB: model: actor, step: 438, train_loss: -0.161655
TORCHFORT::WANDB: model: actor, step: 438, train_lr: 0.000116857
TORCHFORT::WANDB: model: alpha, step: 438, train_loss: -2.68289
TORCHFORT::WANDB: model: alpha, step: 438, train_lr: 0.0001
TORCHFORT::WANDB: model: critic_0, step: 439, train_loss: 0.10726
TORCHFORT::WANDB: model: critic_0, step: 439, train_lr: 0.000116934
TORCHFORT::WANDB: model: actor, step: 439, train_loss: -0.175616
TORCHFORT::WANDB: model: actor, step: 439, train_lr: 0.000116934
TORCHFORT::WANDB: model: alpha, step: 439, train_loss: -2.81713
TORCHFORT::WANDB: model: alpha, step: 439, train_lr: 0.0001
TORCHFORT::WANDB: model: critic_0, step: 440, train_loss: 0.0742716
TORCHFORT::WANDB: model: critic_0, step: 440, train_lr: 0.00011701
TORCHFORT::WANDB: model: actor, step: 440, train_loss: -0.184082
TORCHFORT::WANDB: model: actor, step: 440, train_lr: 0.00011701
TORCHFORT::WANDB: model: alpha, step: 440, train_loss: -2.74861
TORCHFORT::WANDB: model: alpha, step: 440, train_lr: 0.0001
TORCHFORT::WANDB: model: critic_0, step: 441, train_loss: 0.139273
TORCHFORT::WANDB: model: critic_0, step: 441, train_lr: 0.000117088
TORCHFORT::WANDB: model: actor, step: 441, train_loss: -0.195705
TORCHFORT::WANDB: model: actor, step: 441, train_lr: 0.000117088
TORCHFORT::WANDB: model: alpha, step: 441, train_loss: -2.74383
TORCHFORT::WANDB: model: alpha, step: 441, train_lr: 0.0001
TORCHFORT::WANDB: model: critic_0, step: 442, train_loss: 0.0796255
TORCHFORT::WANDB: model: critic_0, step: 442, train_lr: 0.000117165
TORCHFORT::WANDB: model: actor, step: 442, train_loss: -0.179328
TORCHFORT::WANDB: model: actor, step: 442, train_lr: 0.000117165
TORCHFORT::WANDB: model: alpha, step: 442, train_loss: -2.6706
TORCHFORT::WANDB: model: alpha, step: 442, train_lr: 0.0001
TORCHFORT::WANDB: model: critic_0, step: 443, train_loss: 0.0631337
TORCHFORT::WANDB: model: critic_0, step: 443, train_lr: 0.000117242
TORCHFORT::WANDB: model: actor, step: 443, train_loss: -0.132988
TORCHFORT::WANDB: model: actor, step: 443, train_lr: 0.000117242
TORCHFORT::WANDB: model: alpha, step: 443, train_loss: -2.63814
TORCHFORT::WANDB: model: alpha, step: 443, train_lr: 0.0001
TORCHFORT::WANDB: model: critic_0, step: 444, train_loss: 0.124584
TORCHFORT::WANDB: model: critic_0, step: 444, train_lr: 0.00011732
TORCHFORT::WANDB: model: actor, step: 444, train_loss: -0.155733
TORCHFORT::WANDB: model: actor, step: 444, train_lr: 0.00011732
TORCHFORT::WANDB: model: alpha, step: 444, train_loss: -2.60871
TORCHFORT::WANDB: model: alpha, step: 444, train_lr: 0.0001
TORCHFORT::WANDB: model: critic_0, step: 445, train_loss: 0.0864264
TORCHFORT::WANDB: model: critic_0, step: 445, train_lr: 0.000117398
TORCHFORT::WANDB: model: actor, step: 445, train_loss: -0.15496
TORCHFORT::WANDB: model: actor, step: 445, train_lr: 0.000117398
TORCHFORT::WANDB: model: alpha, step: 445, train_loss: -2.69451
TORCHFORT::WANDB: model: alpha, step: 445, train_lr: 0.0001
TORCHFORT::WANDB: model: critic_0, step: 446, train_loss: 0.0923828
TORCHFORT::WANDB: model: critic_0, step: 446, train_lr: 0.000117476
TORCHFORT::WANDB: model: actor, step: 446, train_loss: -0.180826
TORCHFORT::WANDB: model: actor, step: 446, train_lr: 0.000117476
TORCHFORT::WANDB: model: alpha, step: 446, train_loss: -2.67465
TORCHFORT::WANDB: model: alpha, step: 446, train_lr: 0.0001
TORCHFORT::WANDB: model: critic_0, step: 447, train_loss: 0.101648
TORCHFORT::WANDB: model: critic_0, step: 447, train_lr: 0.000117554
TORCHFORT::WANDB: model: actor, step: 447, train_loss: -0.184242
TORCHFORT::WANDB: model: actor, step: 447, train_lr: 0.000117554
TORCHFORT::WANDB: model: alpha, step: 447, train_loss: -2.69922
TORCHFORT::WANDB: model: alpha, step: 447, train_lr: 0.0001
TORCHFORT::WANDB: model: critic_0, step: 448, train_loss: 0.147529
TORCHFORT::WANDB: model: critic_0, step: 448, train_lr: 0.000117632
TORCHFORT::WANDB: model: actor, step: 448, train_loss: -0.189728
TORCHFORT::WANDB: model: actor, step: 448, train_lr: 0.000117632
TORCHFORT::WANDB: model: alpha, step: 448, train_loss: -2.73323
TORCHFORT::WANDB: model: alpha, step: 448, train_lr: 0.0001
TORCHFORT::WANDB: model: critic_0, step: 449, train_loss: 0.189718
TORCHFORT::WANDB: model: critic_0, step: 449, train_lr: 0.00011771
TORCHFORT::WANDB: model: actor, step: 449, train_loss: -0.136308
TORCHFORT::WANDB: model: actor, step: 449, train_lr: 0.00011771
TORCHFORT::WANDB: model: alpha, step: 449, train_loss: -2.66287
TORCHFORT::WANDB: model: alpha, step: 449, train_lr: 0.0001
TORCHFORT::WANDB: model: critic_0, step: 450, train_loss: 0.121232
TORCHFORT::WANDB: model: critic_0, step: 450, train_lr: 0.000117789
TORCHFORT::WANDB: model: actor, step: 450, train_loss: -0.147498
TORCHFORT::WANDB: model: actor, step: 450, train_lr: 0.000117789
TORCHFORT::WANDB: model: alpha, step: 450, train_loss: -2.68143
TORCHFORT::WANDB: model: alpha, step: 450, train_lr: 0.0001
TORCHFORT::WANDB: model: critic_0, step: 451, train_loss: 0.104347
TORCHFORT::WANDB: model: critic_0, step: 451, train_lr: 0.000117868
TORCHFORT::WANDB: model: actor, step: 451, train_loss: -0.160064
TORCHFORT::WANDB: model: actor, step: 451, train_lr: 0.000117868
TORCHFORT::WANDB: model: alpha, step: 451, train_loss: -2.79838
TORCHFORT::WANDB: model: alpha, step: 451, train_lr: 0.0001
TORCHFORT::WANDB: model: critic_0, step: 452, train_loss: 0.135652
TORCHFORT::WANDB: model: critic_0, step: 452, train_lr: 0.000117947
TORCHFORT::WANDB: model: actor, step: 452, train_loss: -0.142445
TORCHFORT::WANDB: model: actor, step: 452, train_lr: 0.000117947
TORCHFORT::WANDB: model: alpha, step: 452, train_loss: -2.67994
TORCHFORT::WANDB: model: alpha, step: 452, train_lr: 0.0001
TORCHFORT::WANDB: model: critic_0, step: 453, train_loss: 0.0758099
TORCHFORT::WANDB: model: critic_0, step: 453, train_lr: 0.000118026
TORCHFORT::WANDB: model: actor, step: 453, train_loss: -0.144813
TORCHFORT::WANDB: model: actor, step: 453, train_lr: 0.000118026
TORCHFORT::WANDB: model: alpha, step: 453, train_loss: -2.69688
TORCHFORT::WANDB: model: alpha, step: 453, train_lr: 0.0001
TORCHFORT::WANDB: model: critic_0, step: 454, train_loss: 0.0850252
TORCHFORT::WANDB: model: critic_0, step: 454, train_lr: 0.000118105
TORCHFORT::WANDB: model: actor, step: 454, train_loss: -0.158369
TORCHFORT::WANDB: model: actor, step: 454, train_lr: 0.000118105
TORCHFORT::WANDB: model: alpha, step: 454, train_loss: -2.7012
TORCHFORT::WANDB: model: alpha, step: 454, train_lr: 0.0001
TORCHFORT::WANDB: model: critic_0, step: 455, train_loss: 0.140834
TORCHFORT::WANDB: model: critic_0, step: 455, train_lr: 0.000118185
TORCHFORT::WANDB: model: actor, step: 455, train_loss: -0.161269
TORCHFORT::WANDB: model: actor, step: 455, train_lr: 0.000118185
TORCHFORT::WANDB: model: alpha, step: 455, train_loss: -2.70144
TORCHFORT::WANDB: model: alpha, step: 455, train_lr: 0.0001
TORCHFORT::WANDB: model: critic_0, step: 456, train_loss: 0.135407
TORCHFORT::WANDB: model: critic_0, step: 456, train_lr: 0.000118264
TORCHFORT::WANDB: model: actor, step: 456, train_loss: -0.152219
TORCHFORT::WANDB: model: actor, step: 456, train_lr: 0.000118264
TORCHFORT::WANDB: model: alpha, step: 456, train_loss: -2.79625
TORCHFORT::WANDB: model: alpha, step: 456, train_lr: 0.0001
TORCHFORT::WANDB: model: critic_0, step: 457, train_loss: 0.088585
TORCHFORT::WANDB: model: critic_0, step: 457, train_lr: 0.000118344
TORCHFORT::WANDB: model: actor, step: 457, train_loss: -0.144004
TORCHFORT::WANDB: model: actor, step: 457, train_lr: 0.000118344
TORCHFORT::WANDB: model: alpha, step: 457, train_loss: -2.74952
TORCHFORT::WANDB: model: alpha, step: 457, train_lr: 0.0001
TORCHFORT::WANDB: model: critic_0, step: 458, train_loss: 0.0964522
TORCHFORT::WANDB: model: critic_0, step: 458, train_lr: 0.000118424
TORCHFORT::WANDB: model: actor, step: 458, train_loss: -0.170906
TORCHFORT::WANDB: model: actor, step: 458, train_lr: 0.000118424
TORCHFORT::WANDB: model: alpha, step: 458, train_loss: -2.76308
TORCHFORT::WANDB: model: alpha, step: 458, train_lr: 0.0001
TORCHFORT::WANDB: model: critic_0, step: 459, train_loss: 0.0854266
TORCHFORT::WANDB: model: critic_0, step: 459, train_lr: 0.000118504
TORCHFORT::WANDB: model: actor, step: 459, train_loss: -0.167429
TORCHFORT::WANDB: model: actor, step: 459, train_lr: 0.000118504
TORCHFORT::WANDB: model: alpha, step: 459, train_loss: -2.72905
TORCHFORT::WANDB: model: alpha, step: 459, train_lr: 0.0001
TORCHFORT::WANDB: model: critic_0, step: 460, train_loss: 0.150879
TORCHFORT::WANDB: model: critic_0, step: 460, train_lr: 0.000118585
TORCHFORT::WANDB: model: actor, step: 460, train_loss: -0.142722
TORCHFORT::WANDB: model: actor, step: 460, train_lr: 0.000118585
TORCHFORT::WANDB: model: alpha, step: 460, train_loss: -2.71978
TORCHFORT::WANDB: model: alpha, step: 460, train_lr: 0.0001
TORCHFORT::WANDB: model: critic_0, step: 461, train_loss: 0.102034
TORCHFORT::WANDB: model: critic_0, step: 461, train_lr: 0.000118665
TORCHFORT::WANDB: model: actor, step: 461, train_loss: -0.156172
TORCHFORT::WANDB: model: actor, step: 461, train_lr: 0.000118665
TORCHFORT::WANDB: model: alpha, step: 461, train_loss: -2.75765
TORCHFORT::WANDB: model: alpha, step: 461, train_lr: 0.0001
TORCHFORT::WANDB: model: critic_0, step: 462, train_loss: 0.0901756
TORCHFORT::WANDB: model: critic_0, step: 462, train_lr: 0.000118746
TORCHFORT::WANDB: model: actor, step: 462, train_loss: -0.145614
TORCHFORT::WANDB: model: actor, step: 462, train_lr: 0.000118746
TORCHFORT::WANDB: model: alpha, step: 462, train_loss: -2.76988
TORCHFORT::WANDB: model: alpha, step: 462, train_lr: 0.0001
TORCHFORT::WANDB: model: critic_0, step: 463, train_loss: 0.0408851
TORCHFORT::WANDB: model: critic_0, step: 463, train_lr: 0.000118827
TORCHFORT::WANDB: model: actor, step: 463, train_loss: -0.16775
TORCHFORT::WANDB: model: actor, step: 463, train_lr: 0.000118827
TORCHFORT::WANDB: model: alpha, step: 463, train_loss: -2.68906
TORCHFORT::WANDB: model: alpha, step: 463, train_lr: 0.0001
TORCHFORT::WANDB: model: critic_0, step: 464, train_loss: 0.0613703
TORCHFORT::WANDB: model: critic_0, step: 464, train_lr: 0.000118908
TORCHFORT::WANDB: model: actor, step: 464, train_loss: -0.153893
TORCHFORT::WANDB: model: actor, step: 464, train_lr: 0.000118908
TORCHFORT::WANDB: model: alpha, step: 464, train_loss: -2.718
TORCHFORT::WANDB: model: alpha, step: 464, train_lr: 0.0001
TORCHFORT::WANDB: model: critic_0, step: 465, train_loss: 0.225286
TORCHFORT::WANDB: model: critic_0, step: 465, train_lr: 0.000118989
TORCHFORT::WANDB: model: actor, step: 465, train_loss: -0.163171
TORCHFORT::WANDB: model: actor, step: 465, train_lr: 0.000118989
TORCHFORT::WANDB: model: alpha, step: 465, train_loss: -2.77689
TORCHFORT::WANDB: model: alpha, step: 465, train_lr: 0.0001
TORCHFORT::WANDB: model: critic_0, step: 466, train_loss: 0.0960528
TORCHFORT::WANDB: model: critic_0, step: 466, train_lr: 0.00011907
TORCHFORT::WANDB: model: actor, step: 466, train_loss: -0.169594
TORCHFORT::WANDB: model: actor, step: 466, train_lr: 0.00011907
TORCHFORT::WANDB: model: alpha, step: 466, train_loss: -2.62531
TORCHFORT::WANDB: model: alpha, step: 466, train_lr: 0.0001
TORCHFORT::WANDB: model: critic_0, step: 467, train_loss: 0.111303
TORCHFORT::WANDB: model: critic_0, step: 467, train_lr: 0.000119152
TORCHFORT::WANDB: model: actor, step: 467, train_loss: -0.162886
TORCHFORT::WANDB: model: actor, step: 467, train_lr: 0.000119152
TORCHFORT::WANDB: model: alpha, step: 467, train_loss: -2.72065
TORCHFORT::WANDB: model: alpha, step: 467, train_lr: 0.0001
TORCHFORT::WANDB: model: critic_0, step: 468, train_loss: 0.127686
TORCHFORT::WANDB: model: critic_0, step: 468, train_lr: 0.000119233
TORCHFORT::WANDB: model: actor, step: 468, train_loss: -0.159246
TORCHFORT::WANDB: model: actor, step: 468, train_lr: 0.000119233
TORCHFORT::WANDB: model: alpha, step: 468, train_loss: -2.7618
TORCHFORT::WANDB: model: alpha, step: 468, train_lr: 0.0001
TORCHFORT::WANDB: model: critic_0, step: 469, train_loss: 0.161674
TORCHFORT::WANDB: model: critic_0, step: 469, train_lr: 0.000119315
TORCHFORT::WANDB: model: actor, step: 469, train_loss: -0.161196
TORCHFORT::WANDB: model: actor, step: 469, train_lr: 0.000119315
TORCHFORT::WANDB: model: alpha, step: 469, train_loss: -2.74274
TORCHFORT::WANDB: model: alpha, step: 469, train_lr: 0.0001
TORCHFORT::WANDB: model: critic_0, step: 470, train_loss: 0.0859329
TORCHFORT::WANDB: model: critic_0, step: 470, train_lr: 0.000119397
TORCHFORT::WANDB: model: actor, step: 470, train_loss: -0.140095
TORCHFORT::WANDB: model: actor, step: 470, train_lr: 0.000119397
TORCHFORT::WANDB: model: alpha, step: 470, train_loss: -2.71757
TORCHFORT::WANDB: model: alpha, step: 470, train_lr: 0.0001
TORCHFORT::WANDB: model: critic_0, step: 471, train_loss: 0.158955
TORCHFORT::WANDB: model: critic_0, step: 471, train_lr: 0.00011948
TORCHFORT::WANDB: model: actor, step: 471, train_loss: -0.184016
TORCHFORT::WANDB: model: actor, step: 471, train_lr: 0.00011948
TORCHFORT::WANDB: model: alpha, step: 471, train_loss: -2.68842
TORCHFORT::WANDB: model: alpha, step: 471, train_lr: 0.0001
TORCHFORT::WANDB: model: critic_0, step: 472, train_loss: 0.0939493
TORCHFORT::WANDB: model: critic_0, step: 472, train_lr: 0.000119562
TORCHFORT::WANDB: model: actor, step: 472, train_loss: -0.167854
TORCHFORT::WANDB: model: actor, step: 472, train_lr: 0.000119562
TORCHFORT::WANDB: model: alpha, step: 472, train_loss: -2.74097
TORCHFORT::WANDB: model: alpha, step: 472, train_lr: 0.0001
TORCHFORT::WANDB: model: critic_0, step: 473, train_loss: 0.102645
TORCHFORT::WANDB: model: critic_0, step: 473, train_lr: 0.000119644
TORCHFORT::WANDB: model: actor, step: 473, train_loss: -0.152733
TORCHFORT::WANDB: model: actor, step: 473, train_lr: 0.000119644
TORCHFORT::WANDB: model: alpha, step: 473, train_loss: -2.65806
TORCHFORT::WANDB: model: alpha, step: 473, train_lr: 0.0001
TORCHFORT::WANDB: model: critic_0, step: 474, train_loss: 0.0943032
TORCHFORT::WANDB: model: critic_0, step: 474, train_lr: 0.000119727
TORCHFORT::WANDB: model: actor, step: 474, train_loss: -0.155652
TORCHFORT::WANDB: model: actor, step: 474, train_lr: 0.000119727
TORCHFORT::WANDB: model: alpha, step: 474, train_loss: -2.7476
TORCHFORT::WANDB: model: alpha, step: 474, train_lr: 0.0001
TORCHFORT::WANDB: model: critic_0, step: 475, train_loss: 0.0896954
TORCHFORT::WANDB: model: critic_0, step: 475, train_lr: 0.00011981
TORCHFORT::WANDB: model: actor, step: 475, train_loss: -0.165449
TORCHFORT::WANDB: model: actor, step: 475, train_lr: 0.00011981
TORCHFORT::WANDB: model: alpha, step: 475, train_loss: -2.65025
TORCHFORT::WANDB: model: alpha, step: 475, train_lr: 0.0001
TORCHFORT::WANDB: model: critic_0, step: 476, train_loss: 0.0943405
TORCHFORT::WANDB: model: critic_0, step: 476, train_lr: 0.000119893
TORCHFORT::WANDB: model: actor, step: 476, train_loss: -0.159594
TORCHFORT::WANDB: model: actor, step: 476, train_lr: 0.000119893
TORCHFORT::WANDB: model: alpha, step: 476, train_loss: -2.79759
TORCHFORT::WANDB: model: alpha, step: 476, train_lr: 0.0001
TORCHFORT::WANDB: model: critic_0, step: 477, train_loss: 0.100422
TORCHFORT::WANDB: model: critic_0, step: 477, train_lr: 0.000119976
TORCHFORT::WANDB: model: actor, step: 477, train_loss: -0.16006
TORCHFORT::WANDB: model: actor, step: 477, train_lr: 0.000119976
TORCHFORT::WANDB: model: alpha, step: 477, train_loss: -2.75741
TORCHFORT::WANDB: model: alpha, step: 477, train_lr: 0.0001
TORCHFORT::WANDB: model: critic_0, step: 478, train_loss: 0.107748
TORCHFORT::WANDB: model: critic_0, step: 478, train_lr: 0.00012006
TORCHFORT::WANDB: model: actor, step: 478, train_loss: -0.18861
TORCHFORT::WANDB: model: actor, step: 478, train_lr: 0.00012006
TORCHFORT::WANDB: model: alpha, step: 478, train_loss: -2.71888
TORCHFORT::WANDB: model: alpha, step: 478, train_lr: 0.0001
TORCHFORT::WANDB: model: critic_0, step: 479, train_loss: 0.121116
TORCHFORT::WANDB: model: critic_0, step: 479, train_lr: 0.000120143
TORCHFORT::WANDB: model: actor, step: 479, train_loss: -0.158364
TORCHFORT::WANDB: model: actor, step: 479, train_lr: 0.000120143
TORCHFORT::WANDB: model: alpha, step: 479, train_loss: -2.68819
TORCHFORT::WANDB: model: alpha, step: 479, train_lr: 0.0001
TORCHFORT::WANDB: model: critic_0, step: 480, train_loss: 0.130356
TORCHFORT::WANDB: model: critic_0, step: 480, train_lr: 0.000120227
TORCHFORT::WANDB: model: actor, step: 480, train_loss: -0.176968
TORCHFORT::WANDB: model: actor, step: 480, train_lr: 0.000120227
TORCHFORT::WANDB: model: alpha, step: 480, train_loss: -2.70409
TORCHFORT::WANDB: model: alpha, step: 480, train_lr: 0.0001
TORCHFORT::WANDB: model: critic_0, step: 481, train_loss: 0.0878057
TORCHFORT::WANDB: model: critic_0, step: 481, train_lr: 0.000120311
TORCHFORT::WANDB: model: actor, step: 481, train_loss: -0.155603
TORCHFORT::WANDB: model: actor, step: 481, train_lr: 0.000120311
TORCHFORT::WANDB: model: alpha, step: 481, train_loss: -2.72441
TORCHFORT::WANDB: model: alpha, step: 481, train_lr: 0.0001
TORCHFORT::WANDB: model: critic_0, step: 482, train_loss: 0.166995
TORCHFORT::WANDB: model: critic_0, step: 482, train_lr: 0.000120395
TORCHFORT::WANDB: model: actor, step: 482, train_loss: -0.172135
TORCHFORT::WANDB: model: actor, step: 482, train_lr: 0.000120395
TORCHFORT::WANDB: model: alpha, step: 482, train_loss: -2.72935
TORCHFORT::WANDB: model: alpha, step: 482, train_lr: 0.0001
TORCHFORT::WANDB: model: critic_0, step: 483, train_loss: 0.11899
TORCHFORT::WANDB: model: critic_0, step: 483, train_lr: 0.000120479
TORCHFORT::WANDB: model: actor, step: 483, train_loss: -0.185188
TORCHFORT::WANDB: model: actor, step: 483, train_lr: 0.000120479
TORCHFORT::WANDB: model: alpha, step: 483, train_loss: -2.6582
TORCHFORT::WANDB: model: alpha, step: 483, train_lr: 0.0001
TORCHFORT::WANDB: model: critic_0, step: 484, train_loss: 0.116071
TORCHFORT::WANDB: model: critic_0, step: 484, train_lr: 0.000120564
TORCHFORT::WANDB: model: actor, step: 484, train_loss: -0.176667
TORCHFORT::WANDB: model: actor, step: 484, train_lr: 0.000120564
TORCHFORT::WANDB: model: alpha, step: 484, train_loss: -2.70504
TORCHFORT::WANDB: model: alpha, step: 484, train_lr: 0.0001
TORCHFORT::WANDB: model: critic_0, step: 485, train_loss: 0.0791636
TORCHFORT::WANDB: model: critic_0, step: 485, train_lr: 0.000120648
TORCHFORT::WANDB: model: actor, step: 485, train_loss: -0.169738
TORCHFORT::WANDB: model: actor, step: 485, train_lr: 0.000120648
TORCHFORT::WANDB: model: alpha, step: 485, train_loss: -2.57791
TORCHFORT::WANDB: model: alpha, step: 485, train_lr: 0.0001
TORCHFORT::WANDB: model: critic_0, step: 486, train_loss: 0.119207
TORCHFORT::WANDB: model: critic_0, step: 486, train_lr: 0.000120733
TORCHFORT::WANDB: model: actor, step: 486, train_loss: -0.194486
TORCHFORT::WANDB: model: actor, step: 486, train_lr: 0.000120733
TORCHFORT::WANDB: model: alpha, step: 486, train_loss: -2.55675
TORCHFORT::WANDB: model: alpha, step: 486, train_lr: 0.0001
TORCHFORT::WANDB: model: critic_0, step: 487, train_loss: 0.130876
TORCHFORT::WANDB: model: critic_0, step: 487, train_lr: 0.000120818
TORCHFORT::WANDB: model: actor, step: 487, train_loss: -0.181969
TORCHFORT::WANDB: model: actor, step: 487, train_lr: 0.000120818
TORCHFORT::WANDB: model: alpha, step: 487, train_loss: -2.68406
TORCHFORT::WANDB: model: alpha, step: 487, train_lr: 0.0001
TORCHFORT::WANDB: model: critic_0, step: 488, train_loss: 0.134623
TORCHFORT::WANDB: model: critic_0, step: 488, train_lr: 0.000120903
TORCHFORT::WANDB: model: actor, step: 488, train_loss: -0.170506
TORCHFORT::WANDB: model: actor, step: 488, train_lr: 0.000120903
TORCHFORT::WANDB: model: alpha, step: 488, train_loss: -2.69818
TORCHFORT::WANDB: model: alpha, step: 488, train_lr: 0.0001
TORCHFORT::WANDB: model: critic_0, step: 489, train_loss: 0.0971851
TORCHFORT::WANDB: model: critic_0, step: 489, train_lr: 0.000120988
TORCHFORT::WANDB: model: actor, step: 489, train_loss: -0.190379
TORCHFORT::WANDB: model: actor, step: 489, train_lr: 0.000120988
TORCHFORT::WANDB: model: alpha, step: 489, train_loss: -2.74324
TORCHFORT::WANDB: model: alpha, step: 489, train_lr: 0.0001
TORCHFORT::WANDB: model: critic_0, step: 490, train_loss: 0.13469
TORCHFORT::WANDB: model: critic_0, step: 490, train_lr: 0.000121074
TORCHFORT::WANDB: model: actor, step: 490, train_loss: -0.172814
TORCHFORT::WANDB: model: actor, step: 490, train_lr: 0.000121074
TORCHFORT::WANDB: model: alpha, step: 490, train_loss: -2.68554
TORCHFORT::WANDB: model: alpha, step: 490, train_lr: 0.0001
TORCHFORT::WANDB: model: critic_0, step: 491, train_loss: 0.0839006
TORCHFORT::WANDB: model: critic_0, step: 491, train_lr: 0.000121159
TORCHFORT::WANDB: model: actor, step: 491, train_loss: -0.191025
TORCHFORT::WANDB: model: actor, step: 491, train_lr: 0.000121159
TORCHFORT::WANDB: model: alpha, step: 491, train_loss: -2.74314
TORCHFORT::WANDB: model: alpha, step: 491, train_lr: 0.0001
TORCHFORT::WANDB: model: critic_0, step: 492, train_loss: 0.082907
TORCHFORT::WANDB: model: critic_0, step: 492, train_lr: 0.000121245
TORCHFORT::WANDB: model: actor, step: 492, train_loss: -0.178159
TORCHFORT::WANDB: model: actor, step: 492, train_lr: 0.000121245
TORCHFORT::WANDB: model: alpha, step: 492, train_loss: -2.748
TORCHFORT::WANDB: model: alpha, step: 492, train_lr: 0.0001
TORCHFORT::WANDB: model: critic_0, step: 493, train_loss: 0.144343
TORCHFORT::WANDB: model: critic_0, step: 493, train_lr: 0.000121331
TORCHFORT::WANDB: model: actor, step: 493, train_loss: -0.169849
TORCHFORT::WANDB: model: actor, step: 493, train_lr: 0.000121331
TORCHFORT::WANDB: model: alpha, step: 493, train_loss: -2.77138
TORCHFORT::WANDB: model: alpha, step: 493, train_lr: 0.0001
TORCHFORT::WANDB: model: critic_0, step: 494, train_loss: 0.121731
TORCHFORT::WANDB: model: critic_0, step: 494, train_lr: 0.000121417
TORCHFORT::WANDB: model: actor, step: 494, train_loss: -0.178201
TORCHFORT::WANDB: model: actor, step: 494, train_lr: 0.000121417
TORCHFORT::WANDB: model: alpha, step: 494, train_loss: -2.69846
TORCHFORT::WANDB: model: alpha, step: 494, train_lr: 0.0001
TORCHFORT::WANDB: model: critic_0, step: 495, train_loss: 0.1198
TORCHFORT::WANDB: model: critic_0, step: 495, train_lr: 0.000121503
TORCHFORT::WANDB: model: actor, step: 495, train_loss: -0.166787
TORCHFORT::WANDB: model: actor, step: 495, train_lr: 0.000121503
TORCHFORT::WANDB: model: alpha, step: 495, train_loss: -2.74056
TORCHFORT::WANDB: model: alpha, step: 495, train_lr: 0.0001
TORCHFORT::WANDB: model: critic_0, step: 496, train_loss: 0.128773
TORCHFORT::WANDB: model: critic_0, step: 496, train_lr: 0.00012159
TORCHFORT::WANDB: model: actor, step: 496, train_loss: -0.187151
TORCHFORT::WANDB: model: actor, step: 496, train_lr: 0.00012159
TORCHFORT::WANDB: model: alpha, step: 496, train_loss: -2.73693
TORCHFORT::WANDB: model: alpha, step: 496, train_lr: 0.0001
TORCHFORT::WANDB: model: critic_0, step: 497, train_loss: 0.0892704
TORCHFORT::WANDB: model: critic_0, step: 497, train_lr: 0.000121676
TORCHFORT::WANDB: model: actor, step: 497, train_loss: -0.161059
TORCHFORT::WANDB: model: actor, step: 497, train_lr: 0.000121676
TORCHFORT::WANDB: model: alpha, step: 497, train_loss: -2.72138
TORCHFORT::WANDB: model: alpha, step: 497, train_lr: 0.0001
TORCHFORT::WANDB: model: critic_0, step: 498, train_loss: 0.0907747
TORCHFORT::WANDB: model: critic_0, step: 498, train_lr: 0.000121763
TORCHFORT::WANDB: model: actor, step: 498, train_loss: -0.160874
TORCHFORT::WANDB: model: actor, step: 498, train_lr: 0.000121763
TORCHFORT::WANDB: model: alpha, step: 498, train_loss: -2.83536
TORCHFORT::WANDB: model: alpha, step: 498, train_lr: 0.0001
TORCHFORT::WANDB: model: critic_0, step: 499, train_loss: 0.103594
TORCHFORT::WANDB: model: critic_0, step: 499, train_lr: 0.00012185
TORCHFORT::WANDB: model: actor, step: 499, train_loss: -0.168346
TORCHFORT::WANDB: model: actor, step: 499, train_lr: 0.00012185
TORCHFORT::WANDB: model: alpha, step: 499, train_loss: -2.77971
TORCHFORT::WANDB: model: alpha, step: 499, train_lr: 0.0001
TORCHFORT::WANDB: model: critic_0, step: 500, train_loss: 0.100342
TORCHFORT::WANDB: model: critic_0, step: 500, train_lr: 0.000121937
TORCHFORT::WANDB: model: actor, step: 500, train_loss: -0.181153
TORCHFORT::WANDB: model: actor, step: 500, train_lr: 0.000121937
TORCHFORT::WANDB: model: alpha, step: 500, train_loss: -2.72719
TORCHFORT::WANDB: model: alpha, step: 500, train_lr: 0.0001
TORCHFORT::WANDB: model: rlwm, step: 5, reward_sum: 1325.73
TORCHFORT::WANDB: model: rlwm, step: 5, policy_loss: -0.181153
TORCHFORT::WANDB: model: rlwm, step: 5, critic_loss: 0.100342
TORCHFORT::WANDB: model: critic_0, step: 501, train_loss: 0.126249
TORCHFORT::WANDB: model: critic_0, step: 501, train_lr: 0.000122025
TORCHFORT::WANDB: model: actor, step: 501, train_loss: -0.17331
TORCHFORT::WANDB: model: actor, step: 501, train_lr: 0.000122025
TORCHFORT::WANDB: model: alpha, step: 501, train_loss: -2.64259
TORCHFORT::WANDB: model: alpha, step: 501, train_lr: 0.0001
TORCHFORT::WANDB: model: critic_0, step: 502, train_loss: 0.124819
TORCHFORT::WANDB: model: critic_0, step: 502, train_lr: 0.000122112
TORCHFORT::WANDB: model: actor, step: 502, train_loss: -0.150689
TORCHFORT::WANDB: model: actor, step: 502, train_lr: 0.000122112
TORCHFORT::WANDB: model: alpha, step: 502, train_loss: -2.70702
TORCHFORT::WANDB: model: alpha, step: 502, train_lr: 0.0001
TORCHFORT::WANDB: model: critic_0, step: 503, train_loss: 0.106178
TORCHFORT::WANDB: model: critic_0, step: 503, train_lr: 0.0001222
TORCHFORT::WANDB: model: actor, step: 503, train_loss: -0.161523
TORCHFORT::WANDB: model: actor, step: 503, train_lr: 0.0001222
TORCHFORT::WANDB: model: alpha, step: 503, train_loss: -2.7329
TORCHFORT::WANDB: model: alpha, step: 503, train_lr: 0.0001
TORCHFORT::WANDB: model: critic_0, step: 504, train_loss: 0.102418
TORCHFORT::WANDB: model: critic_0, step: 504, train_lr: 0.000122287
TORCHFORT::WANDB: model: actor, step: 504, train_loss: -0.196086
TORCHFORT::WANDB: model: actor, step: 504, train_lr: 0.000122287
TORCHFORT::WANDB: model: alpha, step: 504, train_loss: -2.74474
TORCHFORT::WANDB: model: alpha, step: 504, train_lr: 0.0001
TORCHFORT::WANDB: model: critic_0, step: 505, train_loss: 0.0921648
TORCHFORT::WANDB: model: critic_0, step: 505, train_lr: 0.000122375
TORCHFORT::WANDB: model: actor, step: 505, train_loss: -0.17111
TORCHFORT::WANDB: model: actor, step: 505, train_lr: 0.000122375
TORCHFORT::WANDB: model: alpha, step: 505, train_loss: -2.72178
TORCHFORT::WANDB: model: alpha, step: 505, train_lr: 0.0001
TORCHFORT::WANDB: model: critic_0, step: 506, train_loss: 0.168163
TORCHFORT::WANDB: model: critic_0, step: 506, train_lr: 0.000122464
TORCHFORT::WANDB: model: actor, step: 506, train_loss: -0.172668
TORCHFORT::WANDB: model: actor, step: 506, train_lr: 0.000122464
TORCHFORT::WANDB: model: alpha, step: 506, train_loss: -2.72303
TORCHFORT::WANDB: model: alpha, step: 506, train_lr: 0.0001
TORCHFORT::WANDB: model: critic_0, step: 507, train_loss: 0.109125
TORCHFORT::WANDB: model: critic_0, step: 507, train_lr: 0.000122552
TORCHFORT::WANDB: model: actor, step: 507, train_loss: -0.155086
TORCHFORT::WANDB: model: actor, step: 507, train_lr: 0.000122552
TORCHFORT::WANDB: model: alpha, step: 507, train_loss: -2.69025
TORCHFORT::WANDB: model: alpha, step: 507, train_lr: 0.0001
TORCHFORT::WANDB: model: critic_0, step: 508, train_loss: 0.0874406
TORCHFORT::WANDB: model: critic_0, step: 508, train_lr: 0.00012264
TORCHFORT::WANDB: model: actor, step: 508, train_loss: -0.169434
TORCHFORT::WANDB: model: actor, step: 508, train_lr: 0.00012264
TORCHFORT::WANDB: model: alpha, step: 508, train_loss: -2.8065
TORCHFORT::WANDB: model: alpha, step: 508, train_lr: 0.0001
TORCHFORT::WANDB: model: critic_0, step: 509, train_loss: 0.0855452
TORCHFORT::WANDB: model: critic_0, step: 509, train_lr: 0.000122729
TORCHFORT::WANDB: model: actor, step: 509, train_loss: -0.169016
TORCHFORT::WANDB: model: actor, step: 509, train_lr: 0.000122729
TORCHFORT::WANDB: model: alpha, step: 509, train_loss: -2.80053
TORCHFORT::WANDB: model: alpha, step: 509, train_lr: 0.0001
TORCHFORT::WANDB: model: critic_0, step: 510, train_loss: 0.0500679
TORCHFORT::WANDB: model: critic_0, step: 510, train_lr: 0.000122818
TORCHFORT::WANDB: model: actor, step: 510, train_loss: -0.148261
TORCHFORT::WANDB: model: actor, step: 510, train_lr: 0.000122818
TORCHFORT::WANDB: model: alpha, step: 510, train_loss: -2.69931
TORCHFORT::WANDB: model: alpha, step: 510, train_lr: 0.0001
TORCHFORT::WANDB: model: critic_0, step: 511, train_loss: 0.0888788
TORCHFORT::WANDB: model: critic_0, step: 511, train_lr: 0.000122907
TORCHFORT::WANDB: model: actor, step: 511, train_loss: -0.16286
TORCHFORT::WANDB: model: actor, step: 511, train_lr: 0.000122907
TORCHFORT::WANDB: model: alpha, step: 511, train_loss: -2.63188
TORCHFORT::WANDB: model: alpha, step: 511, train_lr: 0.0001
TORCHFORT::WANDB: model: critic_0, step: 512, train_loss: 0.104611
TORCHFORT::WANDB: model: critic_0, step: 512, train_lr: 0.000122996
TORCHFORT::WANDB: model: actor, step: 512, train_loss: -0.15529
TORCHFORT::WANDB: model: actor, step: 512, train_lr: 0.000122996
TORCHFORT::WANDB: model: alpha, step: 512, train_loss: -2.75926
TORCHFORT::WANDB: model: alpha, step: 512, train_lr: 0.0001
TORCHFORT::WANDB: model: critic_0, step: 513, train_loss: 0.0717434
TORCHFORT::WANDB: model: critic_0, step: 513, train_lr: 0.000123085
TORCHFORT::WANDB: model: actor, step: 513, train_loss: -0.178543
TORCHFORT::WANDB: model: actor, step: 513, train_lr: 0.000123085
TORCHFORT::WANDB: model: alpha, step: 513, train_loss: -2.76325
TORCHFORT::WANDB: model: alpha, step: 513, train_lr: 0.0001
TORCHFORT::WANDB: model: critic_0, step: 514, train_loss: 0.10264
TORCHFORT::WANDB: model: critic_0, step: 514, train_lr: 0.000123175
TORCHFORT::WANDB: model: actor, step: 514, train_loss: -0.168486
TORCHFORT::WANDB: model: actor, step: 514, train_lr: 0.000123175
TORCHFORT::WANDB: model: alpha, step: 514, train_loss: -2.79908
TORCHFORT::WANDB: model: alpha, step: 514, train_lr: 0.0001
TORCHFORT::WANDB: model: critic_0, step: 515, train_loss: 0.106714
TORCHFORT::WANDB: model: critic_0, step: 515, train_lr: 0.000123264
TORCHFORT::WANDB: model: actor, step: 515, train_loss: -0.163663
TORCHFORT::WANDB: model: actor, step: 515, train_lr: 0.000123264
TORCHFORT::WANDB: model: alpha, step: 515, train_loss: -2.81587
TORCHFORT::WANDB: model: alpha, step: 515, train_lr: 0.0001
TORCHFORT::WANDB: model: critic_0, step: 516, train_loss: 0.0683593
TORCHFORT::WANDB: model: critic_0, step: 516, train_lr: 0.000123354
TORCHFORT::WANDB: model: actor, step: 516, train_loss: -0.173994
TORCHFORT::WANDB: model: actor, step: 516, train_lr: 0.000123354
TORCHFORT::WANDB: model: alpha, step: 516, train_loss: -2.66611
TORCHFORT::WANDB: model: alpha, step: 516, train_lr: 0.0001
TORCHFORT::WANDB: model: critic_0, step: 517, train_loss: 0.125367
TORCHFORT::WANDB: model: critic_0, step: 517, train_lr: 0.000123444
TORCHFORT::WANDB: model: actor, step: 517, train_loss: -0.158868
TORCHFORT::WANDB: model: actor, step: 517, train_lr: 0.000123444
TORCHFORT::WANDB: model: alpha, step: 517, train_loss: -2.74045
TORCHFORT::WANDB: model: alpha, step: 517, train_lr: 0.0001
TORCHFORT::WANDB: model: critic_0, step: 518, train_loss: 0.117752
TORCHFORT::WANDB: model: critic_0, step: 518, train_lr: 0.000123534
TORCHFORT::WANDB: model: actor, step: 518, train_loss: -0.1854
TORCHFORT::WANDB: model: actor, step: 518, train_lr: 0.000123534
TORCHFORT::WANDB: model: alpha, step: 518, train_loss: -2.77392
TORCHFORT::WANDB: model: alpha, step: 518, train_lr: 0.0001
TORCHFORT::WANDB: model: critic_0, step: 519, train_loss: 0.0904631
TORCHFORT::WANDB: model: critic_0, step: 519, train_lr: 0.000123625
TORCHFORT::WANDB: model: actor, step: 519, train_loss: -0.170926
TORCHFORT::WANDB: model: actor, step: 519, train_lr: 0.000123625
TORCHFORT::WANDB: model: alpha, step: 519, train_loss: -2.77722
TORCHFORT::WANDB: model: alpha, step: 519, train_lr: 0.0001
TORCHFORT::WANDB: model: critic_0, step: 520, train_loss: 0.0785097
TORCHFORT::WANDB: model: critic_0, step: 520, train_lr: 0.000123715
TORCHFORT::WANDB: model: actor, step: 520, train_loss: -0.172334
TORCHFORT::WANDB: model: actor, step: 520, train_lr: 0.000123715
TORCHFORT::WANDB: model: alpha, step: 520, train_loss: -2.78571
TORCHFORT::WANDB: model: alpha, step: 520, train_lr: 0.0001
TORCHFORT::WANDB: model: critic_0, step: 521, train_loss: 0.122998
TORCHFORT::WANDB: model: critic_0, step: 521, train_lr: 0.000123806
TORCHFORT::WANDB: model: actor, step: 521, train_loss: -0.158827
TORCHFORT::WANDB: model: actor, step: 521, train_lr: 0.000123806
TORCHFORT::WANDB: model: alpha, step: 521, train_loss: -2.78597
TORCHFORT::WANDB: model: alpha, step: 521, train_lr: 0.0001
TORCHFORT::WANDB: model: critic_0, step: 522, train_loss: 0.0808377
TORCHFORT::WANDB: model: critic_0, step: 522, train_lr: 0.000123897
TORCHFORT::WANDB: model: actor, step: 522, train_loss: -0.165185
TORCHFORT::WANDB: model: actor, step: 522, train_lr: 0.000123897
TORCHFORT::WANDB: model: alpha, step: 522, train_loss: -2.66263
TORCHFORT::WANDB: model: alpha, step: 522, train_lr: 0.0001
TORCHFORT::WANDB: model: critic_0, step: 523, train_loss: 0.159013
TORCHFORT::WANDB: model: critic_0, step: 523, train_lr: 0.000123988
TORCHFORT::WANDB: model: actor, step: 523, train_loss: -0.157784
TORCHFORT::WANDB: model: actor, step: 523, train_lr: 0.000123988
TORCHFORT::WANDB: model: alpha, step: 523, train_loss: -2.70374
TORCHFORT::WANDB: model: alpha, step: 523, train_lr: 0.0001
TORCHFORT::WANDB: model: critic_0, step: 524, train_loss: 0.110242
TORCHFORT::WANDB: model: critic_0, step: 524, train_lr: 0.000124079
TORCHFORT::WANDB: model: actor, step: 524, train_loss: -0.166033
TORCHFORT::WANDB: model: actor, step: 524, train_lr: 0.000124079
TORCHFORT::WANDB: model: alpha, step: 524, train_loss: -2.76745
TORCHFORT::WANDB: model: alpha, step: 524, train_lr: 0.0001
TORCHFORT::WANDB: model: critic_0, step: 525, train_loss: 0.129992
TORCHFORT::WANDB: model: critic_0, step: 525, train_lr: 0.00012417
TORCHFORT::WANDB: model: actor, step: 525, train_loss: -0.179979
TORCHFORT::WANDB: model: actor, step: 525, train_lr: 0.00012417
TORCHFORT::WANDB: model: alpha, step: 525, train_loss: -2.70927
TORCHFORT::WANDB: model: alpha, step: 525, train_lr: 0.0001
TORCHFORT::WANDB: model: critic_0, step: 526, train_loss: 0.139065
TORCHFORT::WANDB: model: critic_0, step: 526, train_lr: 0.000124262
TORCHFORT::WANDB: model: actor, step: 526, train_loss: -0.174379
TORCHFORT::WANDB: model: actor, step: 526, train_lr: 0.000124262
TORCHFORT::WANDB: model: alpha, step: 526, train_loss: -2.7268
TORCHFORT::WANDB: model: alpha, step: 526, train_lr: 0.0001
TORCHFORT::WANDB: model: critic_0, step: 527, train_loss: 0.103885
TORCHFORT::WANDB: model: critic_0, step: 527, train_lr: 0.000124353
TORCHFORT::WANDB: model: actor, step: 527, train_loss: -0.162439
TORCHFORT::WANDB: model: actor, step: 527, train_lr: 0.000124353
TORCHFORT::WANDB: model: alpha, step: 527, train_loss: -2.7385
TORCHFORT::WANDB: model: alpha, step: 527, train_lr: 0.0001
TORCHFORT::WANDB: model: critic_0, step: 528, train_loss: 0.0588624
TORCHFORT::WANDB: model: critic_0, step: 528, train_lr: 0.000124445
TORCHFORT::WANDB: model: actor, step: 528, train_loss: -0.175632
TORCHFORT::WANDB: model: actor, step: 528, train_lr: 0.000124445
TORCHFORT::WANDB: model: alpha, step: 528, train_loss: -2.67358
TORCHFORT::WANDB: model: alpha, step: 528, train_lr: 0.0001
TORCHFORT::WANDB: model: critic_0, step: 529, train_loss: 0.113305
TORCHFORT::WANDB: model: critic_0, step: 529, train_lr: 0.000124537
TORCHFORT::WANDB: model: actor, step: 529, train_loss: -0.159219
TORCHFORT::WANDB: model: actor, step: 529, train_lr: 0.000124537
TORCHFORT::WANDB: model: alpha, step: 529, train_loss: -2.66444
TORCHFORT::WANDB: model: alpha, step: 529, train_lr: 0.0001
TORCHFORT::WANDB: model: critic_0, step: 530, train_loss: 0.0742479
TORCHFORT::WANDB: model: critic_0, step: 530, train_lr: 0.000124629
TORCHFORT::WANDB: model: actor, step: 530, train_loss: -0.148676
TORCHFORT::WANDB: model: actor, step: 530, train_lr: 0.000124629
TORCHFORT::WANDB: model: alpha, step: 530, train_loss: -2.81777
TORCHFORT::WANDB: model: alpha, step: 530, train_lr: 0.0001
TORCHFORT::WANDB: model: critic_0, step: 531, train_loss: 0.149256
TORCHFORT::WANDB: model: critic_0, step: 531, train_lr: 0.000124722
TORCHFORT::WANDB: model: actor, step: 531, train_loss: -0.163836
TORCHFORT::WANDB: model: actor, step: 531, train_lr: 0.000124722
TORCHFORT::WANDB: model: alpha, step: 531, train_loss: -2.59914
TORCHFORT::WANDB: model: alpha, step: 531, train_lr: 0.0001
TORCHFORT::WANDB: model: critic_0, step: 532, train_loss: 0.0891339
TORCHFORT::WANDB: model: critic_0, step: 532, train_lr: 0.000124814
TORCHFORT::WANDB: model: actor, step: 532, train_loss: -0.168143
TORCHFORT::WANDB: model: actor, step: 532, train_lr: 0.000124814
TORCHFORT::WANDB: model: alpha, step: 532, train_loss: -2.79191
TORCHFORT::WANDB: model: alpha, step: 532, train_lr: 0.0001
TORCHFORT::WANDB: model: critic_0, step: 533, train_loss: 0.0903563
TORCHFORT::WANDB: model: critic_0, step: 533, train_lr: 0.000124907
TORCHFORT::WANDB: model: actor, step: 533, train_loss: -0.166065
TORCHFORT::WANDB: model: actor, step: 533, train_lr: 0.000124907
TORCHFORT::WANDB: model: alpha, step: 533, train_loss: -2.6798
TORCHFORT::WANDB: model: alpha, step: 533, train_lr: 0.0001
TORCHFORT::WANDB: model: critic_0, step: 534, train_loss: 0.0780613
TORCHFORT::WANDB: model: critic_0, step: 534, train_lr: 0.000125
TORCHFORT::WANDB: model: actor, step: 534, train_loss: -0.163643
TORCHFORT::WANDB: model: actor, step: 534, train_lr: 0.000125
TORCHFORT::WANDB: model: alpha, step: 534, train_loss: -2.8189
TORCHFORT::WANDB: model: alpha, step: 534, train_lr: 0.0001
TORCHFORT::WANDB: model: critic_0, step: 535, train_loss: 0.106214
TORCHFORT::WANDB: model: critic_0, step: 535, train_lr: 0.000125093
TORCHFORT::WANDB: model: actor, step: 535, train_loss: -0.184143
TORCHFORT::WANDB: model: actor, step: 535, train_lr: 0.000125093
TORCHFORT::WANDB: model: alpha, step: 535, train_loss: -2.72531
TORCHFORT::WANDB: model: alpha, step: 535, train_lr: 0.0001
TORCHFORT::WANDB: model: critic_0, step: 536, train_loss: 0.0635129
TORCHFORT::WANDB: model: critic_0, step: 536, train_lr: 0.000125186
TORCHFORT::WANDB: model: actor, step: 536, train_loss: -0.168363
TORCHFORT::WANDB: model: actor, step: 536, train_lr: 0.000125186
TORCHFORT::WANDB: model: alpha, step: 536, train_loss: -2.73995
TORCHFORT::WANDB: model: alpha, step: 536, train_lr: 0.0001
TORCHFORT::WANDB: model: critic_0, step: 537, train_loss: 0.107081
TORCHFORT::WANDB: model: critic_0, step: 537, train_lr: 0.000125279
TORCHFORT::WANDB: model: actor, step: 537, train_loss: -0.151024
TORCHFORT::WANDB: model: actor, step: 537, train_lr: 0.000125279
TORCHFORT::WANDB: model: alpha, step: 537, train_loss: -2.63066
TORCHFORT::WANDB: model: alpha, step: 537, train_lr: 0.0001
TORCHFORT::WANDB: model: critic_0, step: 538, train_loss: 0.0998376
TORCHFORT::WANDB: model: critic_0, step: 538, train_lr: 0.000125373
TORCHFORT::WANDB: model: actor, step: 538, train_loss: -0.148796
TORCHFORT::WANDB: model: actor, step: 538, train_lr: 0.000125373
TORCHFORT::WANDB: model: alpha, step: 538, train_loss: -2.74654
TORCHFORT::WANDB: model: alpha, step: 538, train_lr: 0.0001
TORCHFORT::WANDB: model: critic_0, step: 539, train_loss: 0.119118
TORCHFORT::WANDB: model: critic_0, step: 539, train_lr: 0.000125466
TORCHFORT::WANDB: model: actor, step: 539, train_loss: -0.166545
TORCHFORT::WANDB: model: actor, step: 539, train_lr: 0.000125466
TORCHFORT::WANDB: model: alpha, step: 539, train_loss: -2.76623
TORCHFORT::WANDB: model: alpha, step: 539, train_lr: 0.0001
TORCHFORT::WANDB: model: critic_0, step: 540, train_loss: 0.152978
TORCHFORT::WANDB: model: critic_0, step: 540, train_lr: 0.00012556
TORCHFORT::WANDB: model: actor, step: 540, train_loss: -0.1587
TORCHFORT::WANDB: model: actor, step: 540, train_lr: 0.00012556
TORCHFORT::WANDB: model: alpha, step: 540, train_loss: -2.75018
TORCHFORT::WANDB: model: alpha, step: 540, train_lr: 0.0001
TORCHFORT::WANDB: model: critic_0, step: 541, train_loss: 0.091963
TORCHFORT::WANDB: model: critic_0, step: 541, train_lr: 0.000125654
TORCHFORT::WANDB: model: actor, step: 541, train_loss: -0.118948
TORCHFORT::WANDB: model: actor, step: 541, train_lr: 0.000125654
TORCHFORT::WANDB: model: alpha, step: 541, train_loss: -2.71757
TORCHFORT::WANDB: model: alpha, step: 541, train_lr: 0.0001
TORCHFORT::WANDB: model: critic_0, step: 542, train_loss: 0.0926149
TORCHFORT::WANDB: model: critic_0, step: 542, train_lr: 0.000125748
TORCHFORT::WANDB: model: actor, step: 542, train_loss: -0.1379
TORCHFORT::WANDB: model: actor, step: 542, train_lr: 0.000125748
TORCHFORT::WANDB: model: alpha, step: 542, train_loss: -2.81172
TORCHFORT::WANDB: model: alpha, step: 542, train_lr: 0.0001
TORCHFORT::WANDB: model: critic_0, step: 543, train_loss: 0.13348
TORCHFORT::WANDB: model: critic_0, step: 543, train_lr: 0.000125843
TORCHFORT::WANDB: model: actor, step: 543, train_loss: -0.1916
TORCHFORT::WANDB: model: actor, step: 543, train_lr: 0.000125843
TORCHFORT::WANDB: model: alpha, step: 543, train_loss: -2.72415
TORCHFORT::WANDB: model: alpha, step: 543, train_lr: 0.0001
TORCHFORT::WANDB: model: critic_0, step: 544, train_loss: 0.0768382
TORCHFORT::WANDB: model: critic_0, step: 544, train_lr: 0.000125937
TORCHFORT::WANDB: model: actor, step: 544, train_loss: -0.165823
TORCHFORT::WANDB: model: actor, step: 544, train_lr: 0.000125937
TORCHFORT::WANDB: model: alpha, step: 544, train_loss: -2.78995
TORCHFORT::WANDB: model: alpha, step: 544, train_lr: 0.0001
TORCHFORT::WANDB: model: critic_0, step: 545, train_loss: 0.07404
TORCHFORT::WANDB: model: critic_0, step: 545, train_lr: 0.000126032
TORCHFORT::WANDB: model: actor, step: 545, train_loss: -0.170201
TORCHFORT::WANDB: model: actor, step: 545, train_lr: 0.000126032
TORCHFORT::WANDB: model: alpha, step: 545, train_loss: -2.64818
TORCHFORT::WANDB: model: alpha, step: 545, train_lr: 0.0001
TORCHFORT::WANDB: model: critic_0, step: 546, train_loss: 0.106389
TORCHFORT::WANDB: model: critic_0, step: 546, train_lr: 0.000126127
TORCHFORT::WANDB: model: actor, step: 546, train_loss: -0.171335
TORCHFORT::WANDB: model: actor, step: 546, train_lr: 0.000126127
TORCHFORT::WANDB: model: alpha, step: 546, train_loss: -2.65202
TORCHFORT::WANDB: model: alpha, step: 546, train_lr: 0.0001
TORCHFORT::WANDB: model: critic_0, step: 547, train_loss: 0.102299
TORCHFORT::WANDB: model: critic_0, step: 547, train_lr: 0.000126222
TORCHFORT::WANDB: model: actor, step: 547, train_loss: -0.140919
TORCHFORT::WANDB: model: actor, step: 547, train_lr: 0.000126222
TORCHFORT::WANDB: model: alpha, step: 547, train_loss: -2.71396
TORCHFORT::WANDB: model: alpha, step: 547, train_lr: 0.0001
TORCHFORT::WANDB: model: critic_0, step: 548, train_loss: 0.101903
TORCHFORT::WANDB: model: critic_0, step: 548, train_lr: 0.000126317
TORCHFORT::WANDB: model: actor, step: 548, train_loss: -0.16928
TORCHFORT::WANDB: model: actor, step: 548, train_lr: 0.000126317
TORCHFORT::WANDB: model: alpha, step: 548, train_loss: -2.74985
TORCHFORT::WANDB: model: alpha, step: 548, train_lr: 0.0001
TORCHFORT::WANDB: model: critic_0, step: 549, train_loss: 0.118415
TORCHFORT::WANDB: model: critic_0, step: 549, train_lr: 0.000126412
TORCHFORT::WANDB: model: actor, step: 549, train_loss: -0.156844
TORCHFORT::WANDB: model: actor, step: 549, train_lr: 0.000126412
TORCHFORT::WANDB: model: alpha, step: 549, train_loss: -2.76042
TORCHFORT::WANDB: model: alpha, step: 549, train_lr: 0.0001
TORCHFORT::WANDB: model: critic_0, step: 550, train_loss: 0.11158
TORCHFORT::WANDB: model: critic_0, step: 550, train_lr: 0.000126508
TORCHFORT::WANDB: model: actor, step: 550, train_loss: -0.164259
TORCHFORT::WANDB: model: actor, step: 550, train_lr: 0.000126508
TORCHFORT::WANDB: model: alpha, step: 550, train_loss: -2.75716
TORCHFORT::WANDB: model: alpha, step: 550, train_lr: 0.0001
TORCHFORT::WANDB: model: critic_0, step: 551, train_loss: 0.129476
TORCHFORT::WANDB: model: critic_0, step: 551, train_lr: 0.000126604
TORCHFORT::WANDB: model: actor, step: 551, train_loss: -0.180799
TORCHFORT::WANDB: model: actor, step: 551, train_lr: 0.000126604
TORCHFORT::WANDB: model: alpha, step: 551, train_loss: -2.70595
TORCHFORT::WANDB: model: alpha, step: 551, train_lr: 0.0001
TORCHFORT::WANDB: model: critic_0, step: 552, train_loss: 0.0929199
TORCHFORT::WANDB: model: critic_0, step: 552, train_lr: 0.0001267
TORCHFORT::WANDB: model: actor, step: 552, train_loss: -0.158308
TORCHFORT::WANDB: model: actor, step: 552, train_lr: 0.0001267
TORCHFORT::WANDB: model: alpha, step: 552, train_loss: -2.76451
TORCHFORT::WANDB: model: alpha, step: 552, train_lr: 0.0001
TORCHFORT::WANDB: model: critic_0, step: 553, train_loss: 0.0759647
TORCHFORT::WANDB: model: critic_0, step: 553, train_lr: 0.000126796
TORCHFORT::WANDB: model: actor, step: 553, train_loss: -0.157478
TORCHFORT::WANDB: model: actor, step: 553, train_lr: 0.000126796
TORCHFORT::WANDB: model: alpha, step: 553, train_loss: -2.71683
TORCHFORT::WANDB: model: alpha, step: 553, train_lr: 0.0001
TORCHFORT::WANDB: model: critic_0, step: 554, train_loss: 0.154565
TORCHFORT::WANDB: model: critic_0, step: 554, train_lr: 0.000126892
TORCHFORT::WANDB: model: actor, step: 554, train_loss: -0.197324
TORCHFORT::WANDB: model: actor, step: 554, train_lr: 0.000126892
TORCHFORT::WANDB: model: alpha, step: 554, train_loss: -2.63412
TORCHFORT::WANDB: model: alpha, step: 554, train_lr: 0.0001
TORCHFORT::WANDB: model: critic_0, step: 555, train_loss: 0.0799699
TORCHFORT::WANDB: model: critic_0, step: 555, train_lr: 0.000126988
TORCHFORT::WANDB: model: actor, step: 555, train_loss: -0.179849
TORCHFORT::WANDB: model: actor, step: 555, train_lr: 0.000126988
TORCHFORT::WANDB: model: alpha, step: 555, train_loss: -2.70018
TORCHFORT::WANDB: model: alpha, step: 555, train_lr: 0.0001
TORCHFORT::WANDB: model: critic_0, step: 556, train_loss: 0.123123
TORCHFORT::WANDB: model: critic_0, step: 556, train_lr: 0.000127085
TORCHFORT::WANDB: model: actor, step: 556, train_loss: -0.167176
TORCHFORT::WANDB: model: actor, step: 556, train_lr: 0.000127085
TORCHFORT::WANDB: model: alpha, step: 556, train_loss: -2.7579
TORCHFORT::WANDB: model: alpha, step: 556, train_lr: 0.0001
TORCHFORT::WANDB: model: critic_0, step: 557, train_loss: 0.0559185
TORCHFORT::WANDB: model: critic_0, step: 557, train_lr: 0.000127181
TORCHFORT::WANDB: model: actor, step: 557, train_loss: -0.168345
TORCHFORT::WANDB: model: actor, step: 557, train_lr: 0.000127181
TORCHFORT::WANDB: model: alpha, step: 557, train_loss: -2.80411
TORCHFORT::WANDB: model: alpha, step: 557, train_lr: 0.0001
TORCHFORT::WANDB: model: critic_0, step: 558, train_loss: 0.162805
TORCHFORT::WANDB: model: critic_0, step: 558, train_lr: 0.000127278
TORCHFORT::WANDB: model: actor, step: 558, train_loss: -0.180499
TORCHFORT::WANDB: model: actor, step: 558, train_lr: 0.000127278
TORCHFORT::WANDB: model: alpha, step: 558, train_loss: -2.7787
TORCHFORT::WANDB: model: alpha, step: 558, train_lr: 0.0001
TORCHFORT::WANDB: model: critic_0, step: 559, train_loss: 0.0604278
TORCHFORT::WANDB: model: critic_0, step: 559, train_lr: 0.000127375
TORCHFORT::WANDB: model: actor, step: 559, train_loss: -0.175572
TORCHFORT::WANDB: model: actor, step: 559, train_lr: 0.000127375
TORCHFORT::WANDB: model: alpha, step: 559, train_loss: -2.7672
TORCHFORT::WANDB: model: alpha, step: 559, train_lr: 0.0001
TORCHFORT::WANDB: model: critic_0, step: 560, train_loss: 0.0972055
TORCHFORT::WANDB: model: critic_0, step: 560, train_lr: 0.000127472
TORCHFORT::WANDB: model: actor, step: 560, train_loss: -0.187648
TORCHFORT::WANDB: model: actor, step: 560, train_lr: 0.000127472
TORCHFORT::WANDB: model: alpha, step: 560, train_loss: -2.76594
TORCHFORT::WANDB: model: alpha, step: 560, train_lr: 0.0001
TORCHFORT::WANDB: model: critic_0, step: 561, train_loss: 0.16496
TORCHFORT::WANDB: model: critic_0, step: 561, train_lr: 0.00012757
TORCHFORT::WANDB: model: actor, step: 561, train_loss: -0.19336
TORCHFORT::WANDB: model: actor, step: 561, train_lr: 0.00012757
TORCHFORT::WANDB: model: alpha, step: 561, train_loss: -2.71694
TORCHFORT::WANDB: model: alpha, step: 561, train_lr: 0.0001
TORCHFORT::WANDB: model: critic_0, step: 562, train_loss: 0.0773095
TORCHFORT::WANDB: model: critic_0, step: 562, train_lr: 0.000127667
TORCHFORT::WANDB: model: actor, step: 562, train_loss: -0.177467
TORCHFORT::WANDB: model: actor, step: 562, train_lr: 0.000127667
TORCHFORT::WANDB: model: alpha, step: 562, train_loss: -2.82052
TORCHFORT::WANDB: model: alpha, step: 562, train_lr: 0.0001
TORCHFORT::WANDB: model: critic_0, step: 563, train_loss: 0.0890354
TORCHFORT::WANDB: model: critic_0, step: 563, train_lr: 0.000127765
TORCHFORT::WANDB: model: actor, step: 563, train_loss: -0.167174
TORCHFORT::WANDB: model: actor, step: 563, train_lr: 0.000127765
TORCHFORT::WANDB: model: alpha, step: 563, train_loss: -2.73501
TORCHFORT::WANDB: model: alpha, step: 563, train_lr: 0.0001
TORCHFORT::WANDB: model: critic_0, step: 564, train_loss: 0.113
TORCHFORT::WANDB: model: critic_0, step: 564, train_lr: 0.000127863
TORCHFORT::WANDB: model: actor, step: 564, train_loss: -0.153073
TORCHFORT::WANDB: model: actor, step: 564, train_lr: 0.000127863
TORCHFORT::WANDB: model: alpha, step: 564, train_loss: -2.77474
TORCHFORT::WANDB: model: alpha, step: 564, train_lr: 0.0001
TORCHFORT::WANDB: model: critic_0, step: 565, train_loss: 0.074137
TORCHFORT::WANDB: model: critic_0, step: 565, train_lr: 0.000127961
TORCHFORT::WANDB: model: actor, step: 565, train_loss: -0.165902
TORCHFORT::WANDB: model: actor, step: 565, train_lr: 0.000127961
TORCHFORT::WANDB: model: alpha, step: 565, train_loss: -2.66985
TORCHFORT::WANDB: model: alpha, step: 565, train_lr: 0.0001
TORCHFORT::WANDB: model: critic_0, step: 566, train_loss: 0.0741086
TORCHFORT::WANDB: model: critic_0, step: 566, train_lr: 0.000128059
TORCHFORT::WANDB: model: actor, step: 566, train_loss: -0.194446
TORCHFORT::WANDB: model: actor, step: 566, train_lr: 0.000128059
TORCHFORT::WANDB: model: alpha, step: 566, train_loss: -2.64881
TORCHFORT::WANDB: model: alpha, step: 566, train_lr: 0.0001
TORCHFORT::WANDB: model: critic_0, step: 567, train_loss: 0.114219
TORCHFORT::WANDB: model: critic_0, step: 567, train_lr: 0.000128157
TORCHFORT::WANDB: model: actor, step: 567, train_loss: -0.176409
TORCHFORT::WANDB: model: actor, step: 567, train_lr: 0.000128157
TORCHFORT::WANDB: model: alpha, step: 567, train_loss: -2.61688
TORCHFORT::WANDB: model: alpha, step: 567, train_lr: 0.0001
TORCHFORT::WANDB: model: critic_0, step: 568, train_loss: 0.101197
TORCHFORT::WANDB: model: critic_0, step: 568, train_lr: 0.000128256
TORCHFORT::WANDB: model: actor, step: 568, train_loss: -0.173279
TORCHFORT::WANDB: model: actor, step: 568, train_lr: 0.000128256
TORCHFORT::WANDB: model: alpha, step: 568, train_loss: -2.66779
TORCHFORT::WANDB: model: alpha, step: 568, train_lr: 0.0001
TORCHFORT::WANDB: model: critic_0, step: 569, train_loss: 0.095644
TORCHFORT::WANDB: model: critic_0, step: 569, train_lr: 0.000128355
TORCHFORT::WANDB: model: actor, step: 569, train_loss: -0.189759
TORCHFORT::WANDB: model: actor, step: 569, train_lr: 0.000128355
TORCHFORT::WANDB: model: alpha, step: 569, train_loss: -2.74112
TORCHFORT::WANDB: model: alpha, step: 569, train_lr: 0.0001
TORCHFORT::WANDB: model: critic_0, step: 570, train_loss: 0.0719976
TORCHFORT::WANDB: model: critic_0, step: 570, train_lr: 0.000128454
TORCHFORT::WANDB: model: actor, step: 570, train_loss: -0.173296
TORCHFORT::WANDB: model: actor, step: 570, train_lr: 0.000128454
TORCHFORT::WANDB: model: alpha, step: 570, train_loss: -2.83232
TORCHFORT::WANDB: model: alpha, step: 570, train_lr: 0.0001
TORCHFORT::WANDB: model: critic_0, step: 571, train_loss: 0.105132
TORCHFORT::WANDB: model: critic_0, step: 571, train_lr: 0.000128553
TORCHFORT::WANDB: model: actor, step: 571, train_loss: -0.19556
TORCHFORT::WANDB: model: actor, step: 571, train_lr: 0.000128553
TORCHFORT::WANDB: model: alpha, step: 571, train_loss: -2.63598
TORCHFORT::WANDB: model: alpha, step: 571, train_lr: 0.0001
TORCHFORT::WANDB: model: critic_0, step: 572, train_loss: 0.107826
TORCHFORT::WANDB: model: critic_0, step: 572, train_lr: 0.000128652
TORCHFORT::WANDB: model: actor, step: 572, train_loss: -0.177044
TORCHFORT::WANDB: model: actor, step: 572, train_lr: 0.000128652
TORCHFORT::WANDB: model: alpha, step: 572, train_loss: -2.64382
TORCHFORT::WANDB: model: alpha, step: 572, train_lr: 0.0001
TORCHFORT::WANDB: model: critic_0, step: 573, train_loss: 0.0923145
TORCHFORT::WANDB: model: critic_0, step: 573, train_lr: 0.000128751
TORCHFORT::WANDB: model: actor, step: 573, train_loss: -0.180742
TORCHFORT::WANDB: model: actor, step: 573, train_lr: 0.000128751
TORCHFORT::WANDB: model: alpha, step: 573, train_loss: -2.70654
TORCHFORT::WANDB: model: alpha, step: 573, train_lr: 0.0001
TORCHFORT::WANDB: model: critic_0, step: 574, train_loss: 0.100257
TORCHFORT::WANDB: model: critic_0, step: 574, train_lr: 0.000128851
TORCHFORT::WANDB: model: actor, step: 574, train_loss: -0.181139
TORCHFORT::WANDB: model: actor, step: 574, train_lr: 0.000128851
TORCHFORT::WANDB: model: alpha, step: 574, train_loss: -2.73688
TORCHFORT::WANDB: model: alpha, step: 574, train_lr: 0.0001
TORCHFORT::WANDB: model: critic_0, step: 575, train_loss: 0.0726546
TORCHFORT::WANDB: model: critic_0, step: 575, train_lr: 0.00012895
TORCHFORT::WANDB: model: actor, step: 575, train_loss: -0.157684
TORCHFORT::WANDB: model: actor, step: 575, train_lr: 0.00012895
TORCHFORT::WANDB: model: alpha, step: 575, train_loss: -2.73358
TORCHFORT::WANDB: model: alpha, step: 575, train_lr: 0.0001
TORCHFORT::WANDB: model: critic_0, step: 576, train_loss: 0.116279
TORCHFORT::WANDB: model: critic_0, step: 576, train_lr: 0.00012905
TORCHFORT::WANDB: model: actor, step: 576, train_loss: -0.159923
TORCHFORT::WANDB: model: actor, step: 576, train_lr: 0.00012905
TORCHFORT::WANDB: model: alpha, step: 576, train_loss: -2.72496
TORCHFORT::WANDB: model: alpha, step: 576, train_lr: 0.0001
TORCHFORT::WANDB: model: critic_0, step: 577, train_loss: 0.0679462
TORCHFORT::WANDB: model: critic_0, step: 577, train_lr: 0.00012915
TORCHFORT::WANDB: model: actor, step: 577, train_loss: -0.184894
TORCHFORT::WANDB: model: actor, step: 577, train_lr: 0.00012915
TORCHFORT::WANDB: model: alpha, step: 577, train_loss: -2.71812
TORCHFORT::WANDB: model: alpha, step: 577, train_lr: 0.0001
TORCHFORT::WANDB: model: critic_0, step: 578, train_loss: 0.0649194
TORCHFORT::WANDB: model: critic_0, step: 578, train_lr: 0.00012925
TORCHFORT::WANDB: model: actor, step: 578, train_loss: -0.200641
TORCHFORT::WANDB: model: actor, step: 578, train_lr: 0.00012925
TORCHFORT::WANDB: model: alpha, step: 578, train_loss: -2.74912
TORCHFORT::WANDB: model: alpha, step: 578, train_lr: 0.0001
TORCHFORT::WANDB: model: critic_0, step: 579, train_loss: 0.124476
TORCHFORT::WANDB: model: critic_0, step: 579, train_lr: 0.000129351
TORCHFORT::WANDB: model: actor, step: 579, train_loss: -0.165757
TORCHFORT::WANDB: model: actor, step: 579, train_lr: 0.000129351
TORCHFORT::WANDB: model: alpha, step: 579, train_loss: -2.60727
TORCHFORT::WANDB: model: alpha, step: 579, train_lr: 0.0001
TORCHFORT::WANDB: model: critic_0, step: 580, train_loss: 0.112256
TORCHFORT::WANDB: model: critic_0, step: 580, train_lr: 0.000129451
TORCHFORT::WANDB: model: actor, step: 580, train_loss: -0.176311
TORCHFORT::WANDB: model: actor, step: 580, train_lr: 0.000129451
TORCHFORT::WANDB: model: alpha, step: 580, train_loss: -2.76065
TORCHFORT::WANDB: model: alpha, step: 580, train_lr: 0.0001
TORCHFORT::WANDB: model: critic_0, step: 581, train_loss: 0.0645504
TORCHFORT::WANDB: model: critic_0, step: 581, train_lr: 0.000129552
TORCHFORT::WANDB: model: actor, step: 581, train_loss: -0.157098
TORCHFORT::WANDB: model: actor, step: 581, train_lr: 0.000129552
TORCHFORT::WANDB: model: alpha, step: 581, train_loss: -2.76732
TORCHFORT::WANDB: model: alpha, step: 581, train_lr: 0.0001
TORCHFORT::WANDB: model: critic_0, step: 582, train_loss: 0.0992701
TORCHFORT::WANDB: model: critic_0, step: 582, train_lr: 0.000129653
TORCHFORT::WANDB: model: actor, step: 582, train_loss: -0.169897
TORCHFORT::WANDB: model: actor, step: 582, train_lr: 0.000129653
TORCHFORT::WANDB: model: alpha, step: 582, train_loss: -2.78755
TORCHFORT::WANDB: model: alpha, step: 582, train_lr: 0.0001
TORCHFORT::WANDB: model: critic_0, step: 583, train_loss: 0.1226
TORCHFORT::WANDB: model: critic_0, step: 583, train_lr: 0.000129754
TORCHFORT::WANDB: model: actor, step: 583, train_loss: -0.182137
TORCHFORT::WANDB: model: actor, step: 583, train_lr: 0.000129754
TORCHFORT::WANDB: model: alpha, step: 583, train_loss: -2.69811
TORCHFORT::WANDB: model: alpha, step: 583, train_lr: 0.0001
TORCHFORT::WANDB: model: critic_0, step: 584, train_loss: 0.0891931
TORCHFORT::WANDB: model: critic_0, step: 584, train_lr: 0.000129855
TORCHFORT::WANDB: model: actor, step: 584, train_loss: -0.167721
TORCHFORT::WANDB: model: actor, step: 584, train_lr: 0.000129855
TORCHFORT::WANDB: model: alpha, step: 584, train_loss: -2.70838
TORCHFORT::WANDB: model: alpha, step: 584, train_lr: 0.0001
TORCHFORT::WANDB: model: critic_0, step: 585, train_loss: 0.0704084
TORCHFORT::WANDB: model: critic_0, step: 585, train_lr: 0.000129956
TORCHFORT::WANDB: model: actor, step: 585, train_loss: -0.155707
TORCHFORT::WANDB: model: actor, step: 585, train_lr: 0.000129956
TORCHFORT::WANDB: model: alpha, step: 585, train_loss: -2.73185
TORCHFORT::WANDB: model: alpha, step: 585, train_lr: 0.0001
TORCHFORT::WANDB: model: critic_0, step: 586, train_loss: 0.144942
TORCHFORT::WANDB: model: critic_0, step: 586, train_lr: 0.000130058
TORCHFORT::WANDB: model: actor, step: 586, train_loss: -0.179008
TORCHFORT::WANDB: model: actor, step: 586, train_lr: 0.000130058
TORCHFORT::WANDB: model: alpha, step: 586, train_loss: -2.75122
TORCHFORT::WANDB: model: alpha, step: 586, train_lr: 0.0001
TORCHFORT::WANDB: model: critic_0, step: 587, train_loss: 0.084515
TORCHFORT::WANDB: model: critic_0, step: 587, train_lr: 0.00013016
TORCHFORT::WANDB: model: actor, step: 587, train_loss: -0.162637
TORCHFORT::WANDB: model: actor, step: 587, train_lr: 0.00013016
TORCHFORT::WANDB: model: alpha, step: 587, train_loss: -2.70952
TORCHFORT::WANDB: model: alpha, step: 587, train_lr: 0.0001
TORCHFORT::WANDB: model: critic_0, step: 588, train_loss: 0.0830079
TORCHFORT::WANDB: model: critic_0, step: 588, train_lr: 0.000130261
TORCHFORT::WANDB: model: actor, step: 588, train_loss: -0.182061
TORCHFORT::WANDB: model: actor, step: 588, train_lr: 0.000130261
TORCHFORT::WANDB: model: alpha, step: 588, train_loss: -2.74847
TORCHFORT::WANDB: model: alpha, step: 588, train_lr: 0.0001
TORCHFORT::WANDB: model: critic_0, step: 589, train_loss: 0.0777576
TORCHFORT::WANDB: model: critic_0, step: 589, train_lr: 0.000130363
TORCHFORT::WANDB: model: actor, step: 589, train_loss: -0.160105
TORCHFORT::WANDB: model: actor, step: 589, train_lr: 0.000130363
TORCHFORT::WANDB: model: alpha, step: 589, train_loss: -2.6812
TORCHFORT::WANDB: model: alpha, step: 589, train_lr: 0.0001
TORCHFORT::WANDB: model: critic_0, step: 590, train_loss: 0.125717
TORCHFORT::WANDB: model: critic_0, step: 590, train_lr: 0.000130466
TORCHFORT::WANDB: model: actor, step: 590, train_loss: -0.133167
TORCHFORT::WANDB: model: actor, step: 590, train_lr: 0.000130466
TORCHFORT::WANDB: model: alpha, step: 590, train_loss: -2.78289
TORCHFORT::WANDB: model: alpha, step: 590, train_lr: 0.0001
TORCHFORT::WANDB: model: critic_0, step: 591, train_loss: 0.158203
TORCHFORT::WANDB: model: critic_0, step: 591, train_lr: 0.000130568
TORCHFORT::WANDB: model: actor, step: 591, train_loss: -0.168036
TORCHFORT::WANDB: model: actor, step: 591, train_lr: 0.000130568
TORCHFORT::WANDB: model: alpha, step: 591, train_loss: -2.74632
TORCHFORT::WANDB: model: alpha, step: 591, train_lr: 0.0001
TORCHFORT::WANDB: model: critic_0, step: 592, train_loss: 0.0976915
TORCHFORT::WANDB: model: critic_0, step: 592, train_lr: 0.000130671
TORCHFORT::WANDB: model: actor, step: 592, train_loss: -0.176167
TORCHFORT::WANDB: model: actor, step: 592, train_lr: 0.000130671
TORCHFORT::WANDB: model: alpha, step: 592, train_loss: -2.74527
TORCHFORT::WANDB: model: alpha, step: 592, train_lr: 0.0001
TORCHFORT::WANDB: model: critic_0, step: 593, train_loss: 0.101109
TORCHFORT::WANDB: model: critic_0, step: 593, train_lr: 0.000130773
TORCHFORT::WANDB: model: actor, step: 593, train_loss: -0.163101
TORCHFORT::WANDB: model: actor, step: 593, train_lr: 0.000130773
TORCHFORT::WANDB: model: alpha, step: 593, train_loss: -2.7429
TORCHFORT::WANDB: model: alpha, step: 593, train_lr: 0.0001
TORCHFORT::WANDB: model: critic_0, step: 594, train_loss: 0.113568
TORCHFORT::WANDB: model: critic_0, step: 594, train_lr: 0.000130876
TORCHFORT::WANDB: model: actor, step: 594, train_loss: -0.150207
TORCHFORT::WANDB: model: actor, step: 594, train_lr: 0.000130876
TORCHFORT::WANDB: model: alpha, step: 594, train_loss: -2.87039
TORCHFORT::WANDB: model: alpha, step: 594, train_lr: 0.0001
TORCHFORT::WANDB: model: critic_0, step: 595, train_loss: 0.128058
TORCHFORT::WANDB: model: critic_0, step: 595, train_lr: 0.000130979
TORCHFORT::WANDB: model: actor, step: 595, train_loss: -0.162274
TORCHFORT::WANDB: model: actor, step: 595, train_lr: 0.000130979
TORCHFORT::WANDB: model: alpha, step: 595, train_loss: -2.72317
TORCHFORT::WANDB: model: alpha, step: 595, train_lr: 0.0001
TORCHFORT::WANDB: model: critic_0, step: 596, train_loss: 0.0937003
TORCHFORT::WANDB: model: critic_0, step: 596, train_lr: 0.000131082
TORCHFORT::WANDB: model: actor, step: 596, train_loss: -0.144999
TORCHFORT::WANDB: model: actor, step: 596, train_lr: 0.000131082
TORCHFORT::WANDB: model: alpha, step: 596, train_loss: -2.81053
TORCHFORT::WANDB: model: alpha, step: 596, train_lr: 0.0001
TORCHFORT::WANDB: model: critic_0, step: 597, train_loss: 0.0973436
TORCHFORT::WANDB: model: critic_0, step: 597, train_lr: 0.000131186
TORCHFORT::WANDB: model: actor, step: 597, train_loss: -0.158879
TORCHFORT::WANDB: model: actor, step: 597, train_lr: 0.000131186
TORCHFORT::WANDB: model: alpha, step: 597, train_loss: -2.7138
TORCHFORT::WANDB: model: alpha, step: 597, train_lr: 0.0001
TORCHFORT::WANDB: model: critic_0, step: 598, train_loss: 0.0676794
TORCHFORT::WANDB: model: critic_0, step: 598, train_lr: 0.000131289
TORCHFORT::WANDB: model: actor, step: 598, train_loss: -0.143621
TORCHFORT::WANDB: model: actor, step: 598, train_lr: 0.000131289
TORCHFORT::WANDB: model: alpha, step: 598, train_loss: -2.76951
TORCHFORT::WANDB: model: alpha, step: 598, train_lr: 0.0001
TORCHFORT::WANDB: model: critic_0, step: 599, train_loss: 0.112417
TORCHFORT::WANDB: model: critic_0, step: 599, train_lr: 0.000131393
TORCHFORT::WANDB: model: actor, step: 599, train_loss: -0.147035
TORCHFORT::WANDB: model: actor, step: 599, train_lr: 0.000131393
TORCHFORT::WANDB: model: alpha, step: 599, train_loss: -2.81384
TORCHFORT::WANDB: model: alpha, step: 599, train_lr: 0.0001
TORCHFORT::WANDB: model: critic_0, step: 600, train_loss: 0.105187
TORCHFORT::WANDB: model: critic_0, step: 600, train_lr: 0.000131497
TORCHFORT::WANDB: model: actor, step: 600, train_loss: -0.182169
TORCHFORT::WANDB: model: actor, step: 600, train_lr: 0.000131497
TORCHFORT::WANDB: model: alpha, step: 600, train_loss: -2.77449
TORCHFORT::WANDB: model: alpha, step: 600, train_lr: 0.0001
TORCHFORT::WANDB: model: rlwm, step: 6, reward_sum: 1321.11
TORCHFORT::WANDB: model: rlwm, step: 6, policy_loss: -0.182169
TORCHFORT::WANDB: model: rlwm, step: 6, critic_loss: 0.105187
TORCHFORT::WANDB: model: critic_0, step: 601, train_loss: 0.120641
TORCHFORT::WANDB: model: critic_0, step: 601, train_lr: 0.000131601
TORCHFORT::WANDB: model: actor, step: 601, train_loss: -0.153136
TORCHFORT::WANDB: model: actor, step: 601, train_lr: 0.000131601
TORCHFORT::WANDB: model: alpha, step: 601, train_loss: -2.70013
TORCHFORT::WANDB: model: alpha, step: 601, train_lr: 0.0001
TORCHFORT::WANDB: model: critic_0, step: 602, train_loss: 0.0658995
TORCHFORT::WANDB: model: critic_0, step: 602, train_lr: 0.000131705
TORCHFORT::WANDB: model: actor, step: 602, train_loss: -0.178099
TORCHFORT::WANDB: model: actor, step: 602, train_lr: 0.000131705
TORCHFORT::WANDB: model: alpha, step: 602, train_loss: -2.7602
TORCHFORT::WANDB: model: alpha, step: 602, train_lr: 0.0001
TORCHFORT::WANDB: model: critic_0, step: 603, train_loss: 0.109139
TORCHFORT::WANDB: model: critic_0, step: 603, train_lr: 0.000131809
TORCHFORT::WANDB: model: actor, step: 603, train_loss: -0.1549
TORCHFORT::WANDB: model: actor, step: 603, train_lr: 0.000131809
TORCHFORT::WANDB: model: alpha, step: 603, train_loss: -2.74611
TORCHFORT::WANDB: model: alpha, step: 603, train_lr: 0.0001
TORCHFORT::WANDB: model: critic_0, step: 604, train_loss: 0.0941059
TORCHFORT::WANDB: model: critic_0, step: 604, train_lr: 0.000131914
TORCHFORT::WANDB: model: actor, step: 604, train_loss: -0.159012
TORCHFORT::WANDB: model: actor, step: 604, train_lr: 0.000131914
TORCHFORT::WANDB: model: alpha, step: 604, train_loss: -2.73981
TORCHFORT::WANDB: model: alpha, step: 604, train_lr: 0.0001
TORCHFORT::WANDB: model: critic_0, step: 605, train_loss: 0.0984936
TORCHFORT::WANDB: model: critic_0, step: 605, train_lr: 0.000132018
TORCHFORT::WANDB: model: actor, step: 605, train_loss: -0.175632
TORCHFORT::WANDB: model: actor, step: 605, train_lr: 0.000132018
TORCHFORT::WANDB: model: alpha, step: 605, train_loss: -2.76645
TORCHFORT::WANDB: model: alpha, step: 605, train_lr: 0.0001
TORCHFORT::WANDB: model: critic_0, step: 606, train_loss: 0.0724203
TORCHFORT::WANDB: model: critic_0, step: 606, train_lr: 0.000132123
TORCHFORT::WANDB: model: actor, step: 606, train_loss: -0.168009
TORCHFORT::WANDB: model: actor, step: 606, train_lr: 0.000132123
TORCHFORT::WANDB: model: alpha, step: 606, train_loss: -2.77094
TORCHFORT::WANDB: model: alpha, step: 606, train_lr: 0.0001
TORCHFORT::WANDB: model: critic_0, step: 607, train_loss: 0.104236
TORCHFORT::WANDB: model: critic_0, step: 607, train_lr: 0.000132228
TORCHFORT::WANDB: model: actor, step: 607, train_loss: -0.183207
TORCHFORT::WANDB: model: actor, step: 607, train_lr: 0.000132228
TORCHFORT::WANDB: model: alpha, step: 607, train_loss: -2.75566
TORCHFORT::WANDB: model: alpha, step: 607, train_lr: 0.0001
TORCHFORT::WANDB: model: critic_0, step: 608, train_loss: 0.0775807
TORCHFORT::WANDB: model: critic_0, step: 608, train_lr: 0.000132333
TORCHFORT::WANDB: model: actor, step: 608, train_loss: -0.164037
TORCHFORT::WANDB: model: actor, step: 608, train_lr: 0.000132333
TORCHFORT::WANDB: model: alpha, step: 608, train_loss: -2.79145
TORCHFORT::WANDB: model: alpha, step: 608, train_lr: 0.0001
TORCHFORT::WANDB: model: critic_0, step: 609, train_loss: 0.127528
TORCHFORT::WANDB: model: critic_0, step: 609, train_lr: 0.000132439
TORCHFORT::WANDB: model: actor, step: 609, train_loss: -0.164106
TORCHFORT::WANDB: model: actor, step: 609, train_lr: 0.000132439
TORCHFORT::WANDB: model: alpha, step: 609, train_loss: -2.78288
TORCHFORT::WANDB: model: alpha, step: 609, train_lr: 0.0001
TORCHFORT::WANDB: model: critic_0, step: 610, train_loss: 0.116569
TORCHFORT::WANDB: model: critic_0, step: 610, train_lr: 0.000132544
TORCHFORT::WANDB: model: actor, step: 610, train_loss: -0.17029
TORCHFORT::WANDB: model: actor, step: 610, train_lr: 0.000132544
TORCHFORT::WANDB: model: alpha, step: 610, train_loss: -2.76547
TORCHFORT::WANDB: model: alpha, step: 610, train_lr: 0.0001
TORCHFORT::WANDB: model: critic_0, step: 611, train_loss: 0.0903711
TORCHFORT::WANDB: model: critic_0, step: 611, train_lr: 0.00013265
TORCHFORT::WANDB: model: actor, step: 611, train_loss: -0.177829
TORCHFORT::WANDB: model: actor, step: 611, train_lr: 0.00013265
TORCHFORT::WANDB: model: alpha, step: 611, train_loss: -2.75812
TORCHFORT::WANDB: model: alpha, step: 611, train_lr: 0.0001
TORCHFORT::WANDB: model: critic_0, step: 612, train_loss: 0.0976083
TORCHFORT::WANDB: model: critic_0, step: 612, train_lr: 0.000132755
TORCHFORT::WANDB: model: actor, step: 612, train_loss: -0.1868
TORCHFORT::WANDB: model: actor, step: 612, train_lr: 0.000132755
TORCHFORT::WANDB: model: alpha, step: 612, train_loss: -2.79603
TORCHFORT::WANDB: model: alpha, step: 612, train_lr: 0.0001
TORCHFORT::WANDB: model: critic_0, step: 613, train_loss: 0.102059
TORCHFORT::WANDB: model: critic_0, step: 613, train_lr: 0.000132861
TORCHFORT::WANDB: model: actor, step: 613, train_loss: -0.156116
TORCHFORT::WANDB: model: actor, step: 613, train_lr: 0.000132861
TORCHFORT::WANDB: model: alpha, step: 613, train_loss: -2.76638
TORCHFORT::WANDB: model: alpha, step: 613, train_lr: 0.0001
TORCHFORT::WANDB: model: critic_0, step: 614, train_loss: 0.0712258
TORCHFORT::WANDB: model: critic_0, step: 614, train_lr: 0.000132968
TORCHFORT::WANDB: model: actor, step: 614, train_loss: -0.151009
TORCHFORT::WANDB: model: actor, step: 614, train_lr: 0.000132968
TORCHFORT::WANDB: model: alpha, step: 614, train_loss: -2.79363
TORCHFORT::WANDB: model: alpha, step: 614, train_lr: 0.0001
TORCHFORT::WANDB: model: critic_0, step: 615, train_loss: 0.0994964
TORCHFORT::WANDB: model: critic_0, step: 615, train_lr: 0.000133074
TORCHFORT::WANDB: model: actor, step: 615, train_loss: -0.151374
TORCHFORT::WANDB: model: actor, step: 615, train_lr: 0.000133074
TORCHFORT::WANDB: model: alpha, step: 615, train_loss: -2.73468
TORCHFORT::WANDB: model: alpha, step: 615, train_lr: 0.0001
TORCHFORT::WANDB: model: critic_0, step: 616, train_loss: 0.0766775
TORCHFORT::WANDB: model: critic_0, step: 616, train_lr: 0.00013318
TORCHFORT::WANDB: model: actor, step: 616, train_loss: -0.182619
TORCHFORT::WANDB: model: actor, step: 616, train_lr: 0.00013318
TORCHFORT::WANDB: model: alpha, step: 616, train_loss: -2.87195
TORCHFORT::WANDB: model: alpha, step: 616, train_lr: 0.0001
TORCHFORT::WANDB: model: critic_0, step: 617, train_loss: 0.128872
TORCHFORT::WANDB: model: critic_0, step: 617, train_lr: 0.000133287
TORCHFORT::WANDB: model: actor, step: 617, train_loss: -0.165051
TORCHFORT::WANDB: model: actor, step: 617, train_lr: 0.000133287
TORCHFORT::WANDB: model: alpha, step: 617, train_loss: -2.69495
TORCHFORT::WANDB: model: alpha, step: 617, train_lr: 0.0001
TORCHFORT::WANDB: model: critic_0, step: 618, train_loss: 0.0863265
TORCHFORT::WANDB: model: critic_0, step: 618, train_lr: 0.000133394
TORCHFORT::WANDB: model: actor, step: 618, train_loss: -0.153971
TORCHFORT::WANDB: model: actor, step: 618, train_lr: 0.000133394
TORCHFORT::WANDB: model: alpha, step: 618, train_loss: -2.81693
TORCHFORT::WANDB: model: alpha, step: 618, train_lr: 0.0001
TORCHFORT::WANDB: model: critic_0, step: 619, train_loss: 0.0810094
TORCHFORT::WANDB: model: critic_0, step: 619, train_lr: 0.000133501
TORCHFORT::WANDB: model: actor, step: 619, train_loss: -0.149444
TORCHFORT::WANDB: model: actor, step: 619, train_lr: 0.000133501
TORCHFORT::WANDB: model: alpha, step: 619, train_loss: -2.74464
TORCHFORT::WANDB: model: alpha, step: 619, train_lr: 0.0001
TORCHFORT::WANDB: model: critic_0, step: 620, train_loss: 0.076152
TORCHFORT::WANDB: model: critic_0, step: 620, train_lr: 0.000133608
TORCHFORT::WANDB: model: actor, step: 620, train_loss: -0.167178
TORCHFORT::WANDB: model: actor, step: 620, train_lr: 0.000133608
TORCHFORT::WANDB: model: alpha, step: 620, train_loss: -2.58355
TORCHFORT::WANDB: model: alpha, step: 620, train_lr: 0.0001
TORCHFORT::WANDB: model: critic_0, step: 621, train_loss: 0.0756293
TORCHFORT::WANDB: model: critic_0, step: 621, train_lr: 0.000133715
TORCHFORT::WANDB: model: actor, step: 621, train_loss: -0.175633
TORCHFORT::WANDB: model: actor, step: 621, train_lr: 0.000133715
TORCHFORT::WANDB: model: alpha, step: 621, train_loss: -2.70378
TORCHFORT::WANDB: model: alpha, step: 621, train_lr: 0.0001
TORCHFORT::WANDB: model: critic_0, step: 622, train_loss: 0.108934
TORCHFORT::WANDB: model: critic_0, step: 622, train_lr: 0.000133823
TORCHFORT::WANDB: model: actor, step: 622, train_loss: -0.175293
TORCHFORT::WANDB: model: actor, step: 622, train_lr: 0.000133823
TORCHFORT::WANDB: model: alpha, step: 622, train_loss: -2.75113
TORCHFORT::WANDB: model: alpha, step: 622, train_lr: 0.0001
TORCHFORT::WANDB: model: critic_0, step: 623, train_loss: 0.0836499
TORCHFORT::WANDB: model: critic_0, step: 623, train_lr: 0.00013393
TORCHFORT::WANDB: model: actor, step: 623, train_loss: -0.161039
TORCHFORT::WANDB: model: actor, step: 623, train_lr: 0.00013393
TORCHFORT::WANDB: model: alpha, step: 623, train_loss: -2.63423
TORCHFORT::WANDB: model: alpha, step: 623, train_lr: 0.0001
TORCHFORT::WANDB: model: critic_0, step: 624, train_loss: 0.137859
TORCHFORT::WANDB: model: critic_0, step: 624, train_lr: 0.000134038
TORCHFORT::WANDB: model: actor, step: 624, train_loss: -0.163396
TORCHFORT::WANDB: model: actor, step: 624, train_lr: 0.000134038
TORCHFORT::WANDB: model: alpha, step: 624, train_loss: -2.77563
TORCHFORT::WANDB: model: alpha, step: 624, train_lr: 0.0001
TORCHFORT::WANDB: model: critic_0, step: 625, train_loss: 0.11989
TORCHFORT::WANDB: model: critic_0, step: 625, train_lr: 0.000134146
TORCHFORT::WANDB: model: actor, step: 625, train_loss: -0.136339
TORCHFORT::WANDB: model: actor, step: 625, train_lr: 0.000134146
TORCHFORT::WANDB: model: alpha, step: 625, train_loss: -2.72583
TORCHFORT::WANDB: model: alpha, step: 625, train_lr: 0.0001
TORCHFORT::WANDB: model: critic_0, step: 626, train_loss: 0.0724411
TORCHFORT::WANDB: model: critic_0, step: 626, train_lr: 0.000134254
TORCHFORT::WANDB: model: actor, step: 626, train_loss: -0.150903
TORCHFORT::WANDB: model: actor, step: 626, train_lr: 0.000134254
TORCHFORT::WANDB: model: alpha, step: 626, train_loss: -2.68814
TORCHFORT::WANDB: model: alpha, step: 626, train_lr: 0.0001
TORCHFORT::WANDB: model: critic_0, step: 627, train_loss: 0.0713985
TORCHFORT::WANDB: model: critic_0, step: 627, train_lr: 0.000134362
TORCHFORT::WANDB: model: actor, step: 627, train_loss: -0.16501
TORCHFORT::WANDB: model: actor, step: 627, train_lr: 0.000134362
TORCHFORT::WANDB: model: alpha, step: 627, train_loss: -2.66502
TORCHFORT::WANDB: model: alpha, step: 627, train_lr: 0.0001
TORCHFORT::WANDB: model: critic_0, step: 628, train_loss: 0.0610068
TORCHFORT::WANDB: model: critic_0, step: 628, train_lr: 0.000134471
TORCHFORT::WANDB: model: actor, step: 628, train_loss: -0.167254
TORCHFORT::WANDB: model: actor, step: 628, train_lr: 0.000134471
TORCHFORT::WANDB: model: alpha, step: 628, train_loss: -2.85934
TORCHFORT::WANDB: model: alpha, step: 628, train_lr: 0.0001
TORCHFORT::WANDB: model: critic_0, step: 629, train_loss: 0.0729109
TORCHFORT::WANDB: model: critic_0, step: 629, train_lr: 0.00013458
TORCHFORT::WANDB: model: actor, step: 629, train_loss: -0.174411
TORCHFORT::WANDB: model: actor, step: 629, train_lr: 0.00013458
TORCHFORT::WANDB: model: alpha, step: 629, train_loss: -2.67909
TORCHFORT::WANDB: model: alpha, step: 629, train_lr: 0.0001
TORCHFORT::WANDB: model: critic_0, step: 630, train_loss: 0.140544
TORCHFORT::WANDB: model: critic_0, step: 630, train_lr: 0.000134688
TORCHFORT::WANDB: model: actor, step: 630, train_loss: -0.158659
TORCHFORT::WANDB: model: actor, step: 630, train_lr: 0.000134688
TORCHFORT::WANDB: model: alpha, step: 630, train_loss: -2.72255
TORCHFORT::WANDB: model: alpha, step: 630, train_lr: 0.0001
TORCHFORT::WANDB: model: critic_0, step: 631, train_loss: 0.0666847
TORCHFORT::WANDB: model: critic_0, step: 631, train_lr: 0.000134797
TORCHFORT::WANDB: model: actor, step: 631, train_loss: -0.158238
TORCHFORT::WANDB: model: actor, step: 631, train_lr: 0.000134797
TORCHFORT::WANDB: model: alpha, step: 631, train_loss: -2.82367
TORCHFORT::WANDB: model: alpha, step: 631, train_lr: 0.0001
TORCHFORT::WANDB: model: critic_0, step: 632, train_loss: 0.0942543
TORCHFORT::WANDB: model: critic_0, step: 632, train_lr: 0.000134906
TORCHFORT::WANDB: model: actor, step: 632, train_loss: -0.144578
TORCHFORT::WANDB: model: actor, step: 632, train_lr: 0.000134906
TORCHFORT::WANDB: model: alpha, step: 632, train_loss: -2.72773
TORCHFORT::WANDB: model: alpha, step: 632, train_lr: 0.0001
TORCHFORT::WANDB: model: critic_0, step: 633, train_loss: 0.110213
TORCHFORT::WANDB: model: critic_0, step: 633, train_lr: 0.000135016
TORCHFORT::WANDB: model: actor, step: 633, train_loss: -0.150471
TORCHFORT::WANDB: model: actor, step: 633, train_lr: 0.000135016
TORCHFORT::WANDB: model: alpha, step: 633, train_loss: -2.7635
TORCHFORT::WANDB: model: alpha, step: 633, train_lr: 0.0001
TORCHFORT::WANDB: model: critic_0, step: 634, train_loss: 0.0795106
TORCHFORT::WANDB: model: critic_0, step: 634, train_lr: 0.000135125
TORCHFORT::WANDB: model: actor, step: 634, train_loss: -0.141132
TORCHFORT::WANDB: model: actor, step: 634, train_lr: 0.000135125
TORCHFORT::WANDB: model: alpha, step: 634, train_loss: -2.76367
TORCHFORT::WANDB: model: alpha, step: 634, train_lr: 0.0001
TORCHFORT::WANDB: model: critic_0, step: 635, train_loss: 0.0666718
TORCHFORT::WANDB: model: critic_0, step: 635, train_lr: 0.000135235
TORCHFORT::WANDB: model: actor, step: 635, train_loss: -0.171113
TORCHFORT::WANDB: model: actor, step: 635, train_lr: 0.000135235
TORCHFORT::WANDB: model: alpha, step: 635, train_loss: -2.66197
TORCHFORT::WANDB: model: alpha, step: 635, train_lr: 0.0001
TORCHFORT::WANDB: model: critic_0, step: 636, train_loss: 0.0762079
TORCHFORT::WANDB: model: critic_0, step: 636, train_lr: 0.000135344
TORCHFORT::WANDB: model: actor, step: 636, train_loss: -0.151898
TORCHFORT::WANDB: model: actor, step: 636, train_lr: 0.000135344
TORCHFORT::WANDB: model: alpha, step: 636, train_loss: -2.73706
TORCHFORT::WANDB: model: alpha, step: 636, train_lr: 0.0001
TORCHFORT::WANDB: model: critic_0, step: 637, train_loss: 0.081788
TORCHFORT::WANDB: model: critic_0, step: 637, train_lr: 0.000135454
TORCHFORT::WANDB: model: actor, step: 637, train_loss: -0.168038
TORCHFORT::WANDB: model: actor, step: 637, train_lr: 0.000135454
TORCHFORT::WANDB: model: alpha, step: 637, train_loss: -2.64112
TORCHFORT::WANDB: model: alpha, step: 637, train_lr: 0.0001
TORCHFORT::WANDB: model: critic_0, step: 638, train_loss: 0.116158
TORCHFORT::WANDB: model: critic_0, step: 638, train_lr: 0.000135564
TORCHFORT::WANDB: model: actor, step: 638, train_loss: -0.155249
TORCHFORT::WANDB: model: actor, step: 638, train_lr: 0.000135564
TORCHFORT::WANDB: model: alpha, step: 638, train_loss: -2.7162
TORCHFORT::WANDB: model: alpha, step: 638, train_lr: 0.0001
TORCHFORT::WANDB: model: critic_0, step: 639, train_loss: 0.103803
TORCHFORT::WANDB: model: critic_0, step: 639, train_lr: 0.000135675
TORCHFORT::WANDB: model: actor, step: 639, train_loss: -0.170683
TORCHFORT::WANDB: model: actor, step: 639, train_lr: 0.000135675
TORCHFORT::WANDB: model: alpha, step: 639, train_loss: -2.71766
TORCHFORT::WANDB: model: alpha, step: 639, train_lr: 0.0001
TORCHFORT::WANDB: model: critic_0, step: 640, train_loss: 0.131792
TORCHFORT::WANDB: model: critic_0, step: 640, train_lr: 0.000135785
TORCHFORT::WANDB: model: actor, step: 640, train_loss: -0.159474
TORCHFORT::WANDB: model: actor, step: 640, train_lr: 0.000135785
TORCHFORT::WANDB: model: alpha, step: 640, train_loss: -2.83033
TORCHFORT::WANDB: model: alpha, step: 640, train_lr: 0.0001
TORCHFORT::WANDB: model: critic_0, step: 641, train_loss: 0.0678303
TORCHFORT::WANDB: model: critic_0, step: 641, train_lr: 0.000135896
TORCHFORT::WANDB: model: actor, step: 641, train_loss: -0.176431
TORCHFORT::WANDB: model: actor, step: 641, train_lr: 0.000135896
TORCHFORT::WANDB: model: alpha, step: 641, train_loss: -2.74903
TORCHFORT::WANDB: model: alpha, step: 641, train_lr: 0.0001
TORCHFORT::WANDB: model: critic_0, step: 642, train_loss: 0.136669
TORCHFORT::WANDB: model: critic_0, step: 642, train_lr: 0.000136006
TORCHFORT::WANDB: model: actor, step: 642, train_loss: -0.175361
TORCHFORT::WANDB: model: actor, step: 642, train_lr: 0.000136006
TORCHFORT::WANDB: model: alpha, step: 642, train_loss: -2.72008
TORCHFORT::WANDB: model: alpha, step: 642, train_lr: 0.0001
TORCHFORT::WANDB: model: critic_0, step: 643, train_loss: 0.0817425
TORCHFORT::WANDB: model: critic_0, step: 643, train_lr: 0.000136117
TORCHFORT::WANDB: model: actor, step: 643, train_loss: -0.162187
TORCHFORT::WANDB: model: actor, step: 643, train_lr: 0.000136117
TORCHFORT::WANDB: model: alpha, step: 643, train_loss: -2.80389
TORCHFORT::WANDB: model: alpha, step: 643, train_lr: 0.0001
TORCHFORT::WANDB: model: critic_0, step: 644, train_loss: 0.0885418
TORCHFORT::WANDB: model: critic_0, step: 644, train_lr: 0.000136228
TORCHFORT::WANDB: model: actor, step: 644, train_loss: -0.159309
TORCHFORT::WANDB: model: actor, step: 644, train_lr: 0.000136228
TORCHFORT::WANDB: model: alpha, step: 644, train_loss: -2.72648
TORCHFORT::WANDB: model: alpha, step: 644, train_lr: 0.0001
TORCHFORT::WANDB: model: critic_0, step: 645, train_loss: 0.0958655
TORCHFORT::WANDB: model: critic_0, step: 645, train_lr: 0.00013634
TORCHFORT::WANDB: model: actor, step: 645, train_loss: -0.16653
TORCHFORT::WANDB: model: actor, step: 645, train_lr: 0.00013634
TORCHFORT::WANDB: model: alpha, step: 645, train_loss: -2.64689
TORCHFORT::WANDB: model: alpha, step: 645, train_lr: 0.0001
TORCHFORT::WANDB: model: critic_0, step: 646, train_loss: 0.0903165
TORCHFORT::WANDB: model: critic_0, step: 646, train_lr: 0.000136451
TORCHFORT::WANDB: model: actor, step: 646, train_loss: -0.176934
TORCHFORT::WANDB: model: actor, step: 646, train_lr: 0.000136451
TORCHFORT::WANDB: model: alpha, step: 646, train_loss: -2.81512
TORCHFORT::WANDB: model: alpha, step: 646, train_lr: 0.0001
TORCHFORT::WANDB: model: critic_0, step: 647, train_loss: 0.0767119
TORCHFORT::WANDB: model: critic_0, step: 647, train_lr: 0.000136563
TORCHFORT::WANDB: model: actor, step: 647, train_loss: -0.1529
TORCHFORT::WANDB: model: actor, step: 647, train_lr: 0.000136563
TORCHFORT::WANDB: model: alpha, step: 647, train_loss: -2.78136
TORCHFORT::WANDB: model: alpha, step: 647, train_lr: 0.0001
TORCHFORT::WANDB: model: critic_0, step: 648, train_loss: 0.0711165
TORCHFORT::WANDB: model: critic_0, step: 648, train_lr: 0.000136674
TORCHFORT::WANDB: model: actor, step: 648, train_loss: -0.173453
TORCHFORT::WANDB: model: actor, step: 648, train_lr: 0.000136674
TORCHFORT::WANDB: model: alpha, step: 648, train_loss: -2.74125
TORCHFORT::WANDB: model: alpha, step: 648, train_lr: 0.0001
TORCHFORT::WANDB: model: critic_0, step: 649, train_loss: 0.118106
TORCHFORT::WANDB: model: critic_0, step: 649, train_lr: 0.000136786
TORCHFORT::WANDB: model: actor, step: 649, train_loss: -0.162047
TORCHFORT::WANDB: model: actor, step: 649, train_lr: 0.000136786
TORCHFORT::WANDB: model: alpha, step: 649, train_loss: -2.82631
TORCHFORT::WANDB: model: alpha, step: 649, train_lr: 0.0001
TORCHFORT::WANDB: model: critic_0, step: 650, train_loss: 0.0979624
TORCHFORT::WANDB: model: critic_0, step: 650, train_lr: 0.000136898
TORCHFORT::WANDB: model: actor, step: 650, train_loss: -0.157573
TORCHFORT::WANDB: model: actor, step: 650, train_lr: 0.000136898
TORCHFORT::WANDB: model: alpha, step: 650, train_loss: -2.84428
TORCHFORT::WANDB: model: alpha, step: 650, train_lr: 0.0001
TORCHFORT::WANDB: model: critic_0, step: 651, train_loss: 0.0862198
TORCHFORT::WANDB: model: critic_0, step: 651, train_lr: 0.00013701
TORCHFORT::WANDB: model: actor, step: 651, train_loss: -0.16261
TORCHFORT::WANDB: model: actor, step: 651, train_lr: 0.00013701
TORCHFORT::WANDB: model: alpha, step: 651, train_loss: -2.70762
TORCHFORT::WANDB: model: alpha, step: 651, train_lr: 0.0001
TORCHFORT::WANDB: model: critic_0, step: 652, train_loss: 0.0775146
TORCHFORT::WANDB: model: critic_0, step: 652, train_lr: 0.000137123
TORCHFORT::WANDB: model: actor, step: 652, train_loss: -0.178013
TORCHFORT::WANDB: model: actor, step: 652, train_lr: 0.000137123
TORCHFORT::WANDB: model: alpha, step: 652, train_loss: -2.71969
TORCHFORT::WANDB: model: alpha, step: 652, train_lr: 0.0001
TORCHFORT::WANDB: model: critic_0, step: 653, train_loss: 0.0825788
TORCHFORT::WANDB: model: critic_0, step: 653, train_lr: 0.000137235
TORCHFORT::WANDB: model: actor, step: 653, train_loss: -0.179296
TORCHFORT::WANDB: model: actor, step: 653, train_lr: 0.000137235
TORCHFORT::WANDB: model: alpha, step: 653, train_loss: -2.68825
TORCHFORT::WANDB: model: alpha, step: 653, train_lr: 0.0001
TORCHFORT::WANDB: model: critic_0, step: 654, train_loss: 0.111644
TORCHFORT::WANDB: model: critic_0, step: 654, train_lr: 0.000137348
TORCHFORT::WANDB: model: actor, step: 654, train_loss: -0.153213
TORCHFORT::WANDB: model: actor, step: 654, train_lr: 0.000137348
TORCHFORT::WANDB: model: alpha, step: 654, train_loss: -2.79067
TORCHFORT::WANDB: model: alpha, step: 654, train_lr: 0.0001
TORCHFORT::WANDB: model: critic_0, step: 655, train_loss: 0.0925924
TORCHFORT::WANDB: model: critic_0, step: 655, train_lr: 0.000137461
TORCHFORT::WANDB: model: actor, step: 655, train_loss: -0.174012
TORCHFORT::WANDB: model: actor, step: 655, train_lr: 0.000137461
TORCHFORT::WANDB: model: alpha, step: 655, train_loss: -2.75539
TORCHFORT::WANDB: model: alpha, step: 655, train_lr: 0.0001
TORCHFORT::WANDB: model: critic_0, step: 656, train_loss: 0.156776
TORCHFORT::WANDB: model: critic_0, step: 656, train_lr: 0.000137574
TORCHFORT::WANDB: model: actor, step: 656, train_loss: -0.179874
TORCHFORT::WANDB: model: actor, step: 656, train_lr: 0.000137574
TORCHFORT::WANDB: model: alpha, step: 656, train_loss: -2.81387
TORCHFORT::WANDB: model: alpha, step: 656, train_lr: 0.0001
TORCHFORT::WANDB: model: critic_0, step: 657, train_loss: 0.0783758
TORCHFORT::WANDB: model: critic_0, step: 657, train_lr: 0.000137687
TORCHFORT::WANDB: model: actor, step: 657, train_loss: -0.179982
TORCHFORT::WANDB: model: actor, step: 657, train_lr: 0.000137687
TORCHFORT::WANDB: model: alpha, step: 657, train_loss: -2.75247
TORCHFORT::WANDB: model: alpha, step: 657, train_lr: 0.0001
TORCHFORT::WANDB: model: critic_0, step: 658, train_loss: 0.0953224
TORCHFORT::WANDB: model: critic_0, step: 658, train_lr: 0.0001378
TORCHFORT::WANDB: model: actor, step: 658, train_loss: -0.175757
TORCHFORT::WANDB: model: actor, step: 658, train_lr: 0.0001378
TORCHFORT::WANDB: model: alpha, step: 658, train_loss: -2.80557
TORCHFORT::WANDB: model: alpha, step: 658, train_lr: 0.0001
TORCHFORT::WANDB: model: critic_0, step: 659, train_loss: 0.0774702
TORCHFORT::WANDB: model: critic_0, step: 659, train_lr: 0.000137914
TORCHFORT::WANDB: model: actor, step: 659, train_loss: -0.18458
TORCHFORT::WANDB: model: actor, step: 659, train_lr: 0.000137914
TORCHFORT::WANDB: model: alpha, step: 659, train_loss: -2.78909
TORCHFORT::WANDB: model: alpha, step: 659, train_lr: 0.0001
TORCHFORT::WANDB: model: critic_0, step: 660, train_loss: 0.0821701
TORCHFORT::WANDB: model: critic_0, step: 660, train_lr: 0.000138028
TORCHFORT::WANDB: model: actor, step: 660, train_loss: -0.176844
TORCHFORT::WANDB: model: actor, step: 660, train_lr: 0.000138028
TORCHFORT::WANDB: model: alpha, step: 660, train_loss: -2.79132
TORCHFORT::WANDB: model: alpha, step: 660, train_lr: 0.0001
TORCHFORT::WANDB: model: critic_0, step: 661, train_loss: 0.0997165
TORCHFORT::WANDB: model: critic_0, step: 661, train_lr: 0.000138141
TORCHFORT::WANDB: model: actor, step: 661, train_loss: -0.159885
TORCHFORT::WANDB: model: actor, step: 661, train_lr: 0.000138141
TORCHFORT::WANDB: model: alpha, step: 661, train_loss: -2.7672
TORCHFORT::WANDB: model: alpha, step: 661, train_lr: 0.0001
TORCHFORT::WANDB: model: critic_0, step: 662, train_loss: 0.133281
TORCHFORT::WANDB: model: critic_0, step: 662, train_lr: 0.000138255
TORCHFORT::WANDB: model: actor, step: 662, train_loss: -0.159308
TORCHFORT::WANDB: model: actor, step: 662, train_lr: 0.000138255
TORCHFORT::WANDB: model: alpha, step: 662, train_loss: -2.68652
TORCHFORT::WANDB: model: alpha, step: 662, train_lr: 0.0001
TORCHFORT::WANDB: model: critic_0, step: 663, train_loss: 0.118912
TORCHFORT::WANDB: model: critic_0, step: 663, train_lr: 0.00013837
TORCHFORT::WANDB: model: actor, step: 663, train_loss: -0.167032
TORCHFORT::WANDB: model: actor, step: 663, train_lr: 0.00013837
TORCHFORT::WANDB: model: alpha, step: 663, train_loss: -2.78014
TORCHFORT::WANDB: model: alpha, step: 663, train_lr: 0.0001
TORCHFORT::WANDB: model: critic_0, step: 664, train_loss: 0.131333
TORCHFORT::WANDB: model: critic_0, step: 664, train_lr: 0.000138484
TORCHFORT::WANDB: model: actor, step: 664, train_loss: -0.169045
TORCHFORT::WANDB: model: actor, step: 664, train_lr: 0.000138484
TORCHFORT::WANDB: model: alpha, step: 664, train_loss: -2.74047
TORCHFORT::WANDB: model: alpha, step: 664, train_lr: 0.0001
TORCHFORT::WANDB: model: critic_0, step: 665, train_loss: 0.101163
TORCHFORT::WANDB: model: critic_0, step: 665, train_lr: 0.000138598
TORCHFORT::WANDB: model: actor, step: 665, train_loss: -0.171839
TORCHFORT::WANDB: model: actor, step: 665, train_lr: 0.000138598
TORCHFORT::WANDB: model: alpha, step: 665, train_loss: -2.81969
TORCHFORT::WANDB: model: alpha, step: 665, train_lr: 0.0001
TORCHFORT::WANDB: model: critic_0, step: 666, train_loss: 0.0979539
TORCHFORT::WANDB: model: critic_0, step: 666, train_lr: 0.000138713
TORCHFORT::WANDB: model: actor, step: 666, train_loss: -0.149092
TORCHFORT::WANDB: model: actor, step: 666, train_lr: 0.000138713
TORCHFORT::WANDB: model: alpha, step: 666, train_loss: -2.77038
TORCHFORT::WANDB: model: alpha, step: 666, train_lr: 0.0001
TORCHFORT::WANDB: model: critic_0, step: 667, train_loss: 0.10869
TORCHFORT::WANDB: model: critic_0, step: 667, train_lr: 0.000138828
TORCHFORT::WANDB: model: actor, step: 667, train_loss: -0.160129
TORCHFORT::WANDB: model: actor, step: 667, train_lr: 0.000138828
TORCHFORT::WANDB: model: alpha, step: 667, train_loss: -2.8118
TORCHFORT::WANDB: model: alpha, step: 667, train_lr: 0.0001
TORCHFORT::WANDB: model: critic_0, step: 668, train_loss: 0.0570811
TORCHFORT::WANDB: model: critic_0, step: 668, train_lr: 0.000138943
TORCHFORT::WANDB: model: actor, step: 668, train_loss: -0.151257
TORCHFORT::WANDB: model: actor, step: 668, train_lr: 0.000138943
TORCHFORT::WANDB: model: alpha, step: 668, train_loss: -2.75738
TORCHFORT::WANDB: model: alpha, step: 668, train_lr: 0.0001
TORCHFORT::WANDB: model: critic_0, step: 669, train_loss: 0.0884447
TORCHFORT::WANDB: model: critic_0, step: 669, train_lr: 0.000139058
TORCHFORT::WANDB: model: actor, step: 669, train_loss: -0.150435
TORCHFORT::WANDB: model: actor, step: 669, train_lr: 0.000139058
TORCHFORT::WANDB: model: alpha, step: 669, train_loss: -2.72178
TORCHFORT::WANDB: model: alpha, step: 669, train_lr: 0.0001
TORCHFORT::WANDB: model: critic_0, step: 670, train_loss: 0.07526
TORCHFORT::WANDB: model: critic_0, step: 670, train_lr: 0.000139173
TORCHFORT::WANDB: model: actor, step: 670, train_loss: -0.156166
TORCHFORT::WANDB: model: actor, step: 670, train_lr: 0.000139173
TORCHFORT::WANDB: model: alpha, step: 670, train_loss: -2.69891
TORCHFORT::WANDB: model: alpha, step: 670, train_lr: 0.0001
TORCHFORT::WANDB: model: critic_0, step: 671, train_loss: 0.0849522
TORCHFORT::WANDB: model: critic_0, step: 671, train_lr: 0.000139289
TORCHFORT::WANDB: model: actor, step: 671, train_loss: -0.155885
TORCHFORT::WANDB: model: actor, step: 671, train_lr: 0.000139289
TORCHFORT::WANDB: model: alpha, step: 671, train_loss: -2.71665
TORCHFORT::WANDB: model: alpha, step: 671, train_lr: 0.0001
TORCHFORT::WANDB: model: critic_0, step: 672, train_loss: 0.136895
TORCHFORT::WANDB: model: critic_0, step: 672, train_lr: 0.000139404
TORCHFORT::WANDB: model: actor, step: 672, train_loss: -0.151054
TORCHFORT::WANDB: model: actor, step: 672, train_lr: 0.000139404
TORCHFORT::WANDB: model: alpha, step: 672, train_loss: -2.73119
TORCHFORT::WANDB: model: alpha, step: 672, train_lr: 0.0001
TORCHFORT::WANDB: model: critic_0, step: 673, train_loss: 0.0880467
TORCHFORT::WANDB: model: critic_0, step: 673, train_lr: 0.00013952
TORCHFORT::WANDB: model: actor, step: 673, train_loss: -0.145618
TORCHFORT::WANDB: model: actor, step: 673, train_lr: 0.00013952
TORCHFORT::WANDB: model: alpha, step: 673, train_loss: -2.73272
TORCHFORT::WANDB: model: alpha, step: 673, train_lr: 0.0001
TORCHFORT::WANDB: model: critic_0, step: 674, train_loss: 0.138078
TORCHFORT::WANDB: model: critic_0, step: 674, train_lr: 0.000139636
TORCHFORT::WANDB: model: actor, step: 674, train_loss: -0.159248
TORCHFORT::WANDB: model: actor, step: 674, train_lr: 0.000139636
TORCHFORT::WANDB: model: alpha, step: 674, train_loss: -2.77179
TORCHFORT::WANDB: model: alpha, step: 674, train_lr: 0.0001
TORCHFORT::WANDB: model: critic_0, step: 675, train_loss: 0.0971201
TORCHFORT::WANDB: model: critic_0, step: 675, train_lr: 0.000139752
TORCHFORT::WANDB: model: actor, step: 675, train_loss: -0.133466
TORCHFORT::WANDB: model: actor, step: 675, train_lr: 0.000139752
TORCHFORT::WANDB: model: alpha, step: 675, train_loss: -2.78391
TORCHFORT::WANDB: model: alpha, step: 675, train_lr: 0.0001
TORCHFORT::WANDB: model: critic_0, step: 676, train_loss: 0.142712
TORCHFORT::WANDB: model: critic_0, step: 676, train_lr: 0.000139869
TORCHFORT::WANDB: model: actor, step: 676, train_loss: -0.165123
TORCHFORT::WANDB: model: actor, step: 676, train_lr: 0.000139869
TORCHFORT::WANDB: model: alpha, step: 676, train_loss: -2.67113
TORCHFORT::WANDB: model: alpha, step: 676, train_lr: 0.0001
TORCHFORT::WANDB: model: critic_0, step: 677, train_loss: 0.131765
TORCHFORT::WANDB: model: critic_0, step: 677, train_lr: 0.000139985
TORCHFORT::WANDB: model: actor, step: 677, train_loss: -0.14135
TORCHFORT::WANDB: model: actor, step: 677, train_lr: 0.000139985
TORCHFORT::WANDB: model: alpha, step: 677, train_loss: -2.77976
TORCHFORT::WANDB: model: alpha, step: 677, train_lr: 0.0001
TORCHFORT::WANDB: model: critic_0, step: 678, train_loss: 0.0850294
TORCHFORT::WANDB: model: critic_0, step: 678, train_lr: 0.000140102
TORCHFORT::WANDB: model: actor, step: 678, train_loss: -0.145579
TORCHFORT::WANDB: model: actor, step: 678, train_lr: 0.000140102
TORCHFORT::WANDB: model: alpha, step: 678, train_loss: -2.73954
TORCHFORT::WANDB: model: alpha, step: 678, train_lr: 0.0001
TORCHFORT::WANDB: model: critic_0, step: 679, train_loss: 0.100646
TORCHFORT::WANDB: model: critic_0, step: 679, train_lr: 0.000140218
TORCHFORT::WANDB: model: actor, step: 679, train_loss: -0.170899
TORCHFORT::WANDB: model: actor, step: 679, train_lr: 0.000140218
TORCHFORT::WANDB: model: alpha, step: 679, train_loss: -2.75037
TORCHFORT::WANDB: model: alpha, step: 679, train_lr: 0.0001
TORCHFORT::WANDB: model: critic_0, step: 680, train_loss: 0.11378
TORCHFORT::WANDB: model: critic_0, step: 680, train_lr: 0.000140335
TORCHFORT::WANDB: model: actor, step: 680, train_loss: -0.158147
TORCHFORT::WANDB: model: actor, step: 680, train_lr: 0.000140335
TORCHFORT::WANDB: model: alpha, step: 680, train_loss: -2.79111
TORCHFORT::WANDB: model: alpha, step: 680, train_lr: 0.0001
TORCHFORT::WANDB: model: critic_0, step: 681, train_loss: 0.128957
TORCHFORT::WANDB: model: critic_0, step: 681, train_lr: 0.000140452
TORCHFORT::WANDB: model: actor, step: 681, train_loss: -0.159203
TORCHFORT::WANDB: model: actor, step: 681, train_lr: 0.000140452
TORCHFORT::WANDB: model: alpha, step: 681, train_loss: -2.75979
TORCHFORT::WANDB: model: alpha, step: 681, train_lr: 0.0001
TORCHFORT::WANDB: model: critic_0, step: 682, train_loss: 0.133956
TORCHFORT::WANDB: model: critic_0, step: 682, train_lr: 0.00014057
TORCHFORT::WANDB: model: actor, step: 682, train_loss: -0.147289
TORCHFORT::WANDB: model: actor, step: 682, train_lr: 0.00014057
TORCHFORT::WANDB: model: alpha, step: 682, train_loss: -2.7794
TORCHFORT::WANDB: model: alpha, step: 682, train_lr: 0.0001
TORCHFORT::WANDB: model: critic_0, step: 683, train_loss: 0.119909
TORCHFORT::WANDB: model: critic_0, step: 683, train_lr: 0.000140687
TORCHFORT::WANDB: model: actor, step: 683, train_loss: -0.147008
TORCHFORT::WANDB: model: actor, step: 683, train_lr: 0.000140687
TORCHFORT::WANDB: model: alpha, step: 683, train_loss: -2.74807
TORCHFORT::WANDB: model: alpha, step: 683, train_lr: 0.0001
TORCHFORT::WANDB: model: critic_0, step: 684, train_loss: 0.0985038
TORCHFORT::WANDB: model: critic_0, step: 684, train_lr: 0.000140805
TORCHFORT::WANDB: model: actor, step: 684, train_loss: -0.155162
TORCHFORT::WANDB: model: actor, step: 684, train_lr: 0.000140805
TORCHFORT::WANDB: model: alpha, step: 684, train_loss: -2.68456
TORCHFORT::WANDB: model: alpha, step: 684, train_lr: 0.0001
TORCHFORT::WANDB: model: critic_0, step: 685, train_loss: 0.0464752
TORCHFORT::WANDB: model: critic_0, step: 685, train_lr: 0.000140922
TORCHFORT::WANDB: model: actor, step: 685, train_loss: -0.163273
TORCHFORT::WANDB: model: actor, step: 685, train_lr: 0.000140922
TORCHFORT::WANDB: model: alpha, step: 685, train_loss: -2.82498
TORCHFORT::WANDB: model: alpha, step: 685, train_lr: 0.0001
TORCHFORT::WANDB: model: critic_0, step: 686, train_loss: 0.135871
TORCHFORT::WANDB: model: critic_0, step: 686, train_lr: 0.00014104
TORCHFORT::WANDB: model: actor, step: 686, train_loss: -0.151356
TORCHFORT::WANDB: model: actor, step: 686, train_lr: 0.00014104
TORCHFORT::WANDB: model: alpha, step: 686, train_loss: -2.80858
TORCHFORT::WANDB: model: alpha, step: 686, train_lr: 0.0001
TORCHFORT::WANDB: model: critic_0, step: 687, train_loss: 0.0812109
TORCHFORT::WANDB: model: critic_0, step: 687, train_lr: 0.000141158
TORCHFORT::WANDB: model: actor, step: 687, train_loss: -0.158598
TORCHFORT::WANDB: model: actor, step: 687, train_lr: 0.000141158
TORCHFORT::WANDB: model: alpha, step: 687, train_loss: -2.78341
TORCHFORT::WANDB: model: alpha, step: 687, train_lr: 0.0001
TORCHFORT::WANDB: model: critic_0, step: 688, train_loss: 0.0674686
TORCHFORT::WANDB: model: critic_0, step: 688, train_lr: 0.000141276
TORCHFORT::WANDB: model: actor, step: 688, train_loss: -0.151342
TORCHFORT::WANDB: model: actor, step: 688, train_lr: 0.000141276
TORCHFORT::WANDB: model: alpha, step: 688, train_loss: -2.73151
TORCHFORT::WANDB: model: alpha, step: 688, train_lr: 0.0001
TORCHFORT::WANDB: model: critic_0, step: 689, train_loss: 0.06556
TORCHFORT::WANDB: model: critic_0, step: 689, train_lr: 0.000141395
TORCHFORT::WANDB: model: actor, step: 689, train_loss: -0.156474
TORCHFORT::WANDB: model: actor, step: 689, train_lr: 0.000141395
TORCHFORT::WANDB: model: alpha, step: 689, train_loss: -2.75581
TORCHFORT::WANDB: model: alpha, step: 689, train_lr: 0.0001
TORCHFORT::WANDB: model: critic_0, step: 690, train_loss: 0.0734187
TORCHFORT::WANDB: model: critic_0, step: 690, train_lr: 0.000141513
TORCHFORT::WANDB: model: actor, step: 690, train_loss: -0.162798
TORCHFORT::WANDB: model: actor, step: 690, train_lr: 0.000141513
TORCHFORT::WANDB: model: alpha, step: 690, train_loss: -2.79172
TORCHFORT::WANDB: model: alpha, step: 690, train_lr: 0.0001
TORCHFORT::WANDB: model: critic_0, step: 691, train_loss: 0.0932131
TORCHFORT::WANDB: model: critic_0, step: 691, train_lr: 0.000141632
TORCHFORT::WANDB: model: actor, step: 691, train_loss: -0.161032
TORCHFORT::WANDB: model: actor, step: 691, train_lr: 0.000141632
TORCHFORT::WANDB: model: alpha, step: 691, train_loss: -2.80605
TORCHFORT::WANDB: model: alpha, step: 691, train_lr: 0.0001
TORCHFORT::WANDB: model: critic_0, step: 692, train_loss: 0.105492
TORCHFORT::WANDB: model: critic_0, step: 692, train_lr: 0.000141751
TORCHFORT::WANDB: model: actor, step: 692, train_loss: -0.170882
TORCHFORT::WANDB: model: actor, step: 692, train_lr: 0.000141751
TORCHFORT::WANDB: model: alpha, step: 692, train_loss: -2.83185
TORCHFORT::WANDB: model: alpha, step: 692, train_lr: 0.0001
TORCHFORT::WANDB: model: critic_0, step: 693, train_loss: 0.108829
TORCHFORT::WANDB: model: critic_0, step: 693, train_lr: 0.00014187
TORCHFORT::WANDB: model: actor, step: 693, train_loss: -0.157474
TORCHFORT::WANDB: model: actor, step: 693, train_lr: 0.00014187
TORCHFORT::WANDB: model: alpha, step: 693, train_loss: -2.77645
TORCHFORT::WANDB: model: alpha, step: 693, train_lr: 0.0001
TORCHFORT::WANDB: model: critic_0, step: 694, train_loss: 0.0637224
TORCHFORT::WANDB: model: critic_0, step: 694, train_lr: 0.000141989
TORCHFORT::WANDB: model: actor, step: 694, train_loss: -0.159826
TORCHFORT::WANDB: model: actor, step: 694, train_lr: 0.000141989
TORCHFORT::WANDB: model: alpha, step: 694, train_loss: -2.74514
TORCHFORT::WANDB: model: alpha, step: 694, train_lr: 0.0001
TORCHFORT::WANDB: model: critic_0, step: 695, train_loss: 0.0809889
TORCHFORT::WANDB: model: critic_0, step: 695, train_lr: 0.000142108
TORCHFORT::WANDB: model: actor, step: 695, train_loss: -0.150992
TORCHFORT::WANDB: model: actor, step: 695, train_lr: 0.000142108
TORCHFORT::WANDB: model: alpha, step: 695, train_loss: -2.76393
TORCHFORT::WANDB: model: alpha, step: 695, train_lr: 0.0001
TORCHFORT::WANDB: model: critic_0, step: 696, train_loss: 0.0551982
TORCHFORT::WANDB: model: critic_0, step: 696, train_lr: 0.000142228
TORCHFORT::WANDB: model: actor, step: 696, train_loss: -0.165048
TORCHFORT::WANDB: model: actor, step: 696, train_lr: 0.000142228
TORCHFORT::WANDB: model: alpha, step: 696, train_loss: -2.82888
TORCHFORT::WANDB: model: alpha, step: 696, train_lr: 0.0001
TORCHFORT::WANDB: model: critic_0, step: 697, train_loss: 0.066875
TORCHFORT::WANDB: model: critic_0, step: 697, train_lr: 0.000142348
TORCHFORT::WANDB: model: actor, step: 697, train_loss: -0.170807
TORCHFORT::WANDB: model: actor, step: 697, train_lr: 0.000142348
TORCHFORT::WANDB: model: alpha, step: 697, train_loss: -2.75615
TORCHFORT::WANDB: model: alpha, step: 697, train_lr: 0.0001
TORCHFORT::WANDB: model: critic_0, step: 698, train_loss: 0.107608
TORCHFORT::WANDB: model: critic_0, step: 698, train_lr: 0.000142467
TORCHFORT::WANDB: model: actor, step: 698, train_loss: -0.171065
TORCHFORT::WANDB: model: actor, step: 698, train_lr: 0.000142467
TORCHFORT::WANDB: model: alpha, step: 698, train_loss: -2.7303
TORCHFORT::WANDB: model: alpha, step: 698, train_lr: 0.0001
TORCHFORT::WANDB: model: critic_0, step: 699, train_loss: 0.124261
TORCHFORT::WANDB: model: critic_0, step: 699, train_lr: 0.000142587
TORCHFORT::WANDB: model: actor, step: 699, train_loss: -0.160915
TORCHFORT::WANDB: model: actor, step: 699, train_lr: 0.000142587
TORCHFORT::WANDB: model: alpha, step: 699, train_loss: -2.71098
TORCHFORT::WANDB: model: alpha, step: 699, train_lr: 0.0001
TORCHFORT::WANDB: model: critic_0, step: 700, train_loss: 0.0878075
TORCHFORT::WANDB: model: critic_0, step: 700, train_lr: 0.000142708
TORCHFORT::WANDB: model: actor, step: 700, train_loss: -0.170152
TORCHFORT::WANDB: model: actor, step: 700, train_lr: 0.000142708
TORCHFORT::WANDB: model: alpha, step: 700, train_loss: -2.62794
TORCHFORT::WANDB: model: alpha, step: 700, train_lr: 0.0001
TORCHFORT::WANDB: model: rlwm, step: 7, reward_sum: 1251.95
TORCHFORT::WANDB: model: rlwm, step: 7, policy_loss: -0.170152
TORCHFORT::WANDB: model: rlwm, step: 7, critic_loss: 0.0878075
TORCHFORT::WANDB: model: critic_0, step: 701, train_loss: 0.10714
TORCHFORT::WANDB: model: critic_0, step: 701, train_lr: 0.000142828
TORCHFORT::WANDB: model: actor, step: 701, train_loss: -0.141198
TORCHFORT::WANDB: model: actor, step: 701, train_lr: 0.000142828
TORCHFORT::WANDB: model: alpha, step: 701, train_loss: -2.83154
TORCHFORT::WANDB: model: alpha, step: 701, train_lr: 0.0001
TORCHFORT::WANDB: model: critic_0, step: 702, train_loss: 0.0914958
TORCHFORT::WANDB: model: critic_0, step: 702, train_lr: 0.000142948
TORCHFORT::WANDB: model: actor, step: 702, train_loss: -0.158422
TORCHFORT::WANDB: model: actor, step: 702, train_lr: 0.000142948
TORCHFORT::WANDB: model: alpha, step: 702, train_loss: -2.72302
TORCHFORT::WANDB: model: alpha, step: 702, train_lr: 0.0001
TORCHFORT::WANDB: model: critic_0, step: 703, train_loss: 0.0834651
TORCHFORT::WANDB: model: critic_0, step: 703, train_lr: 0.000143069
TORCHFORT::WANDB: model: actor, step: 703, train_loss: -0.148589
TORCHFORT::WANDB: model: actor, step: 703, train_lr: 0.000143069
TORCHFORT::WANDB: model: alpha, step: 703, train_loss: -2.68305
TORCHFORT::WANDB: model: alpha, step: 703, train_lr: 0.0001
TORCHFORT::WANDB: model: critic_0, step: 704, train_loss: 0.132806
TORCHFORT::WANDB: model: critic_0, step: 704, train_lr: 0.00014319
TORCHFORT::WANDB: model: actor, step: 704, train_loss: -0.179764
TORCHFORT::WANDB: model: actor, step: 704, train_lr: 0.00014319
TORCHFORT::WANDB: model: alpha, step: 704, train_loss: -2.75102
TORCHFORT::WANDB: model: alpha, step: 704, train_lr: 0.0001
TORCHFORT::WANDB: model: critic_0, step: 705, train_loss: 0.09518
TORCHFORT::WANDB: model: critic_0, step: 705, train_lr: 0.000143311
TORCHFORT::WANDB: model: actor, step: 705, train_loss: -0.169819
TORCHFORT::WANDB: model: actor, step: 705, train_lr: 0.000143311
TORCHFORT::WANDB: model: alpha, step: 705, train_loss: -2.69628
TORCHFORT::WANDB: model: alpha, step: 705, train_lr: 0.0001
TORCHFORT::WANDB: model: critic_0, step: 706, train_loss: 0.110189
TORCHFORT::WANDB: model: critic_0, step: 706, train_lr: 0.000143432
TORCHFORT::WANDB: model: actor, step: 706, train_loss: -0.151811
TORCHFORT::WANDB: model: actor, step: 706, train_lr: 0.000143432
TORCHFORT::WANDB: model: alpha, step: 706, train_loss: -2.71706
TORCHFORT::WANDB: model: alpha, step: 706, train_lr: 0.0001
TORCHFORT::WANDB: model: critic_0, step: 707, train_loss: 0.112502
TORCHFORT::WANDB: model: critic_0, step: 707, train_lr: 0.000143553
TORCHFORT::WANDB: model: actor, step: 707, train_loss: -0.168681
TORCHFORT::WANDB: model: actor, step: 707, train_lr: 0.000143553
TORCHFORT::WANDB: model: alpha, step: 707, train_loss: -2.82596
TORCHFORT::WANDB: model: alpha, step: 707, train_lr: 0.0001
TORCHFORT::WANDB: model: critic_0, step: 708, train_loss: 0.0812907
TORCHFORT::WANDB: model: critic_0, step: 708, train_lr: 0.000143674
TORCHFORT::WANDB: model: actor, step: 708, train_loss: -0.15465
TORCHFORT::WANDB: model: actor, step: 708, train_lr: 0.000143674
TORCHFORT::WANDB: model: alpha, step: 708, train_loss: -2.81279
TORCHFORT::WANDB: model: alpha, step: 708, train_lr: 0.0001
TORCHFORT::WANDB: model: critic_0, step: 709, train_loss: 0.0739829
TORCHFORT::WANDB: model: critic_0, step: 709, train_lr: 0.000143796
TORCHFORT::WANDB: model: actor, step: 709, train_loss: -0.150904
TORCHFORT::WANDB: model: actor, step: 709, train_lr: 0.000143796
TORCHFORT::WANDB: model: alpha, step: 709, train_loss: -2.7666
TORCHFORT::WANDB: model: alpha, step: 709, train_lr: 0.0001
TORCHFORT::WANDB: model: critic_0, step: 710, train_loss: 0.108897
TORCHFORT::WANDB: model: critic_0, step: 710, train_lr: 0.000143918
TORCHFORT::WANDB: model: actor, step: 710, train_loss: -0.176085
TORCHFORT::WANDB: model: actor, step: 710, train_lr: 0.000143918
TORCHFORT::WANDB: model: alpha, step: 710, train_loss: -2.74059
TORCHFORT::WANDB: model: alpha, step: 710, train_lr: 0.0001
TORCHFORT::WANDB: model: critic_0, step: 711, train_loss: 0.118714
TORCHFORT::WANDB: model: critic_0, step: 711, train_lr: 0.00014404
TORCHFORT::WANDB: model: actor, step: 711, train_loss: -0.151997
TORCHFORT::WANDB: model: actor, step: 711, train_lr: 0.00014404
TORCHFORT::WANDB: model: alpha, step: 711, train_loss: -2.7746
TORCHFORT::WANDB: model: alpha, step: 711, train_lr: 0.0001
TORCHFORT::WANDB: model: critic_0, step: 712, train_loss: 0.0738828
TORCHFORT::WANDB: model: critic_0, step: 712, train_lr: 0.000144162
TORCHFORT::WANDB: model: actor, step: 712, train_loss: -0.186997
TORCHFORT::WANDB: model: actor, step: 712, train_lr: 0.000144162
TORCHFORT::WANDB: model: alpha, step: 712, train_loss: -2.82596
TORCHFORT::WANDB: model: alpha, step: 712, train_lr: 0.0001
TORCHFORT::WANDB: model: critic_0, step: 713, train_loss: 0.0816316
TORCHFORT::WANDB: model: critic_0, step: 713, train_lr: 0.000144284
TORCHFORT::WANDB: model: actor, step: 713, train_loss: -0.155217
TORCHFORT::WANDB: model: actor, step: 713, train_lr: 0.000144284
TORCHFORT::WANDB: model: alpha, step: 713, train_loss: -2.75037
TORCHFORT::WANDB: model: alpha, step: 713, train_lr: 0.0001
TORCHFORT::WANDB: model: critic_0, step: 714, train_loss: 0.118819
TORCHFORT::WANDB: model: critic_0, step: 714, train_lr: 0.000144406
TORCHFORT::WANDB: model: actor, step: 714, train_loss: -0.167518
TORCHFORT::WANDB: model: actor, step: 714, train_lr: 0.000144406
TORCHFORT::WANDB: model: alpha, step: 714, train_loss: -2.71112
TORCHFORT::WANDB: model: alpha, step: 714, train_lr: 0.0001
TORCHFORT::WANDB: model: critic_0, step: 715, train_loss: 0.111385
TORCHFORT::WANDB: model: critic_0, step: 715, train_lr: 0.000144529
TORCHFORT::WANDB: model: actor, step: 715, train_loss: -0.160527
TORCHFORT::WANDB: model: actor, step: 715, train_lr: 0.000144529
TORCHFORT::WANDB: model: alpha, step: 715, train_loss: -2.79124
TORCHFORT::WANDB: model: alpha, step: 715, train_lr: 0.0001
TORCHFORT::WANDB: model: critic_0, step: 716, train_loss: 0.0672715
TORCHFORT::WANDB: model: critic_0, step: 716, train_lr: 0.000144652
TORCHFORT::WANDB: model: actor, step: 716, train_loss: -0.167775
TORCHFORT::WANDB: model: actor, step: 716, train_lr: 0.000144652
TORCHFORT::WANDB: model: alpha, step: 716, train_loss: -2.70374
TORCHFORT::WANDB: model: alpha, step: 716, train_lr: 0.0001
TORCHFORT::WANDB: model: critic_0, step: 717, train_loss: 0.152419
TORCHFORT::WANDB: model: critic_0, step: 717, train_lr: 0.000144775
TORCHFORT::WANDB: model: actor, step: 717, train_loss: -0.177718
TORCHFORT::WANDB: model: actor, step: 717, train_lr: 0.000144775
TORCHFORT::WANDB: model: alpha, step: 717, train_loss: -2.74445
TORCHFORT::WANDB: model: alpha, step: 717, train_lr: 0.0001
TORCHFORT::WANDB: model: critic_0, step: 718, train_loss: 0.0686547
TORCHFORT::WANDB: model: critic_0, step: 718, train_lr: 0.000144898
TORCHFORT::WANDB: model: actor, step: 718, train_loss: -0.150928
TORCHFORT::WANDB: model: actor, step: 718, train_lr: 0.000144898
TORCHFORT::WANDB: model: alpha, step: 718, train_loss: -2.79985
TORCHFORT::WANDB: model: alpha, step: 718, train_lr: 0.0001
TORCHFORT::WANDB: model: critic_0, step: 719, train_loss: 0.080265
TORCHFORT::WANDB: model: critic_0, step: 719, train_lr: 0.000145021
TORCHFORT::WANDB: model: actor, step: 719, train_loss: -0.147901
TORCHFORT::WANDB: model: actor, step: 719, train_lr: 0.000145021
TORCHFORT::WANDB: model: alpha, step: 719, train_loss: -2.69125
TORCHFORT::WANDB: model: alpha, step: 719, train_lr: 0.0001
TORCHFORT::WANDB: model: critic_0, step: 720, train_loss: 0.0709723
TORCHFORT::WANDB: model: critic_0, step: 720, train_lr: 0.000145144
TORCHFORT::WANDB: model: actor, step: 720, train_loss: -0.148452
TORCHFORT::WANDB: model: actor, step: 720, train_lr: 0.000145144
TORCHFORT::WANDB: model: alpha, step: 720, train_loss: -2.78419
TORCHFORT::WANDB: model: alpha, step: 720, train_lr: 0.0001
TORCHFORT::WANDB: model: critic_0, step: 721, train_loss: 0.0838063
TORCHFORT::WANDB: model: critic_0, step: 721, train_lr: 0.000145268
TORCHFORT::WANDB: model: actor, step: 721, train_loss: -0.148181
TORCHFORT::WANDB: model: actor, step: 721, train_lr: 0.000145268
TORCHFORT::WANDB: model: alpha, step: 721, train_loss: -2.78399
TORCHFORT::WANDB: model: alpha, step: 721, train_lr: 0.0001
TORCHFORT::WANDB: model: critic_0, step: 722, train_loss: 0.154048
TORCHFORT::WANDB: model: critic_0, step: 722, train_lr: 0.000145391
TORCHFORT::WANDB: model: actor, step: 722, train_loss: -0.153268
TORCHFORT::WANDB: model: actor, step: 722, train_lr: 0.000145391
TORCHFORT::WANDB: model: alpha, step: 722, train_loss: -2.80943
TORCHFORT::WANDB: model: alpha, step: 722, train_lr: 0.0001
TORCHFORT::WANDB: model: critic_0, step: 723, train_loss: 0.11165
TORCHFORT::WANDB: model: critic_0, step: 723, train_lr: 0.000145515
TORCHFORT::WANDB: model: actor, step: 723, train_loss: -0.143473
TORCHFORT::WANDB: model: actor, step: 723, train_lr: 0.000145515
TORCHFORT::WANDB: model: alpha, step: 723, train_loss: -2.79311
TORCHFORT::WANDB: model: alpha, step: 723, train_lr: 0.0001
TORCHFORT::WANDB: model: critic_0, step: 724, train_loss: 0.145728
TORCHFORT::WANDB: model: critic_0, step: 724, train_lr: 0.000145639
TORCHFORT::WANDB: model: actor, step: 724, train_loss: -0.143919
TORCHFORT::WANDB: model: actor, step: 724, train_lr: 0.000145639
TORCHFORT::WANDB: model: alpha, step: 724, train_loss: -2.81637
TORCHFORT::WANDB: model: alpha, step: 724, train_lr: 0.0001
TORCHFORT::WANDB: model: critic_0, step: 725, train_loss: 0.140563
TORCHFORT::WANDB: model: critic_0, step: 725, train_lr: 0.000145763
TORCHFORT::WANDB: model: actor, step: 725, train_loss: -0.154388
TORCHFORT::WANDB: model: actor, step: 725, train_lr: 0.000145763
TORCHFORT::WANDB: model: alpha, step: 725, train_loss: -2.81778
TORCHFORT::WANDB: model: alpha, step: 725, train_lr: 0.0001
TORCHFORT::WANDB: model: critic_0, step: 726, train_loss: 0.108927
TORCHFORT::WANDB: model: critic_0, step: 726, train_lr: 0.000145888
TORCHFORT::WANDB: model: actor, step: 726, train_loss: -0.152877
TORCHFORT::WANDB: model: actor, step: 726, train_lr: 0.000145888
TORCHFORT::WANDB: model: alpha, step: 726, train_loss: -2.78778
TORCHFORT::WANDB: model: alpha, step: 726, train_lr: 0.0001
TORCHFORT::WANDB: model: critic_0, step: 727, train_loss: 0.0877789
TORCHFORT::WANDB: model: critic_0, step: 727, train_lr: 0.000146012
TORCHFORT::WANDB: model: actor, step: 727, train_loss: -0.168231
TORCHFORT::WANDB: model: actor, step: 727, train_lr: 0.000146012
TORCHFORT::WANDB: model: alpha, step: 727, train_loss: -2.76726
TORCHFORT::WANDB: model: alpha, step: 727, train_lr: 0.0001
TORCHFORT::WANDB: model: critic_0, step: 728, train_loss: 0.107615
TORCHFORT::WANDB: model: critic_0, step: 728, train_lr: 0.000146137
TORCHFORT::WANDB: model: actor, step: 728, train_loss: -0.157647
TORCHFORT::WANDB: model: actor, step: 728, train_lr: 0.000146137
TORCHFORT::WANDB: model: alpha, step: 728, train_loss: -2.7702
TORCHFORT::WANDB: model: alpha, step: 728, train_lr: 0.0001
TORCHFORT::WANDB: model: critic_0, step: 729, train_loss: 0.115445
TORCHFORT::WANDB: model: critic_0, step: 729, train_lr: 0.000146261
TORCHFORT::WANDB: model: actor, step: 729, train_loss: -0.177183
TORCHFORT::WANDB: model: actor, step: 729, train_lr: 0.000146261
TORCHFORT::WANDB: model: alpha, step: 729, train_loss: -2.78331
TORCHFORT::WANDB: model: alpha, step: 729, train_lr: 0.0001
TORCHFORT::WANDB: model: critic_0, step: 730, train_loss: 0.0777635
TORCHFORT::WANDB: model: critic_0, step: 730, train_lr: 0.000146386
TORCHFORT::WANDB: model: actor, step: 730, train_loss: -0.165348
TORCHFORT::WANDB: model: actor, step: 730, train_lr: 0.000146386
TORCHFORT::WANDB: model: alpha, step: 730, train_loss: -2.8484
TORCHFORT::WANDB: model: alpha, step: 730, train_lr: 0.0001
TORCHFORT::WANDB: model: critic_0, step: 731, train_loss: 0.11153
TORCHFORT::WANDB: model: critic_0, step: 731, train_lr: 0.000146512
TORCHFORT::WANDB: model: actor, step: 731, train_loss: -0.170851
TORCHFORT::WANDB: model: actor, step: 731, train_lr: 0.000146512
TORCHFORT::WANDB: model: alpha, step: 731, train_loss: -2.77733
TORCHFORT::WANDB: model: alpha, step: 731, train_lr: 0.0001
TORCHFORT::WANDB: model: critic_0, step: 732, train_loss: 0.0812322
TORCHFORT::WANDB: model: critic_0, step: 732, train_lr: 0.000146637
TORCHFORT::WANDB: model: actor, step: 732, train_loss: -0.174823
TORCHFORT::WANDB: model: actor, step: 732, train_lr: 0.000146637
TORCHFORT::WANDB: model: alpha, step: 732, train_loss: -2.76553
TORCHFORT::WANDB: model: alpha, step: 732, train_lr: 0.0001
TORCHFORT::WANDB: model: critic_0, step: 733, train_loss: 0.110117
TORCHFORT::WANDB: model: critic_0, step: 733, train_lr: 0.000146762
TORCHFORT::WANDB: model: actor, step: 733, train_loss: -0.182455
TORCHFORT::WANDB: model: actor, step: 733, train_lr: 0.000146762
TORCHFORT::WANDB: model: alpha, step: 733, train_loss: -2.76202
TORCHFORT::WANDB: model: alpha, step: 733, train_lr: 0.0001
TORCHFORT::WANDB: model: critic_0, step: 734, train_loss: 0.126573
TORCHFORT::WANDB: model: critic_0, step: 734, train_lr: 0.000146888
TORCHFORT::WANDB: model: actor, step: 734, train_loss: -0.169218
TORCHFORT::WANDB: model: actor, step: 734, train_lr: 0.000146888
TORCHFORT::WANDB: model: alpha, step: 734, train_loss: -2.87325
TORCHFORT::WANDB: model: alpha, step: 734, train_lr: 0.0001
TORCHFORT::WANDB: model: critic_0, step: 735, train_loss: 0.100485
TORCHFORT::WANDB: model: critic_0, step: 735, train_lr: 0.000147014
TORCHFORT::WANDB: model: actor, step: 735, train_loss: -0.181028
TORCHFORT::WANDB: model: actor, step: 735, train_lr: 0.000147014
TORCHFORT::WANDB: model: alpha, step: 735, train_loss: -2.76778
TORCHFORT::WANDB: model: alpha, step: 735, train_lr: 0.0001
TORCHFORT::WANDB: model: critic_0, step: 736, train_loss: 0.138167
TORCHFORT::WANDB: model: critic_0, step: 736, train_lr: 0.000147139
TORCHFORT::WANDB: model: actor, step: 736, train_loss: -0.173931
TORCHFORT::WANDB: model: actor, step: 736, train_lr: 0.000147139
TORCHFORT::WANDB: model: alpha, step: 736, train_loss: -2.86035
TORCHFORT::WANDB: model: alpha, step: 736, train_lr: 0.0001
TORCHFORT::WANDB: model: critic_0, step: 737, train_loss: 0.090061
TORCHFORT::WANDB: model: critic_0, step: 737, train_lr: 0.000147266
TORCHFORT::WANDB: model: actor, step: 737, train_loss: -0.193073
TORCHFORT::WANDB: model: actor, step: 737, train_lr: 0.000147266
TORCHFORT::WANDB: model: alpha, step: 737, train_loss: -2.5811
TORCHFORT::WANDB: model: alpha, step: 737, train_lr: 0.0001
TORCHFORT::WANDB: model: critic_0, step: 738, train_loss: 0.149541
TORCHFORT::WANDB: model: critic_0, step: 738, train_lr: 0.000147392
TORCHFORT::WANDB: model: actor, step: 738, train_loss: -0.183278
TORCHFORT::WANDB: model: actor, step: 738, train_lr: 0.000147392
TORCHFORT::WANDB: model: alpha, step: 738, train_loss: -2.69177
TORCHFORT::WANDB: model: alpha, step: 738, train_lr: 0.0001
TORCHFORT::WANDB: model: critic_0, step: 739, train_loss: 0.104828
TORCHFORT::WANDB: model: critic_0, step: 739, train_lr: 0.000147518
TORCHFORT::WANDB: model: actor, step: 739, train_loss: -0.190556
TORCHFORT::WANDB: model: actor, step: 739, train_lr: 0.000147518
TORCHFORT::WANDB: model: alpha, step: 739, train_loss: -2.82051
TORCHFORT::WANDB: model: alpha, step: 739, train_lr: 0.0001
TORCHFORT::WANDB: model: critic_0, step: 740, train_loss: 0.120793
TORCHFORT::WANDB: model: critic_0, step: 740, train_lr: 0.000147645
TORCHFORT::WANDB: model: actor, step: 740, train_loss: -0.182262
TORCHFORT::WANDB: model: actor, step: 740, train_lr: 0.000147645
TORCHFORT::WANDB: model: alpha, step: 740, train_loss: -2.77001
TORCHFORT::WANDB: model: alpha, step: 740, train_lr: 0.0001
TORCHFORT::WANDB: model: critic_0, step: 741, train_loss: 0.0809998
TORCHFORT::WANDB: model: critic_0, step: 741, train_lr: 0.000147771
TORCHFORT::WANDB: model: actor, step: 741, train_loss: -0.187301
TORCHFORT::WANDB: model: actor, step: 741, train_lr: 0.000147771
TORCHFORT::WANDB: model: alpha, step: 741, train_loss: -2.79895
TORCHFORT::WANDB: model: alpha, step: 741, train_lr: 0.0001
TORCHFORT::WANDB: model: critic_0, step: 742, train_loss: 0.135483
TORCHFORT::WANDB: model: critic_0, step: 742, train_lr: 0.000147898
TORCHFORT::WANDB: model: actor, step: 742, train_loss: -0.202759
TORCHFORT::WANDB: model: actor, step: 742, train_lr: 0.000147898
TORCHFORT::WANDB: model: alpha, step: 742, train_loss: -2.68724
TORCHFORT::WANDB: model: alpha, step: 742, train_lr: 0.0001
TORCHFORT::WANDB: model: critic_0, step: 743, train_loss: 0.110512
TORCHFORT::WANDB: model: critic_0, step: 743, train_lr: 0.000148025
TORCHFORT::WANDB: model: actor, step: 743, train_loss: -0.184394
TORCHFORT::WANDB: model: actor, step: 743, train_lr: 0.000148025
TORCHFORT::WANDB: model: alpha, step: 743, train_loss: -2.74
TORCHFORT::WANDB: model: alpha, step: 743, train_lr: 0.0001
TORCHFORT::WANDB: model: critic_0, step: 744, train_loss: 0.082703
TORCHFORT::WANDB: model: critic_0, step: 744, train_lr: 0.000148152
TORCHFORT::WANDB: model: actor, step: 744, train_loss: -0.181642
TORCHFORT::WANDB: model: actor, step: 744, train_lr: 0.000148152
TORCHFORT::WANDB: model: alpha, step: 744, train_loss: -2.766
TORCHFORT::WANDB: model: alpha, step: 744, train_lr: 0.0001
TORCHFORT::WANDB: model: critic_0, step: 745, train_loss: 0.0963025
TORCHFORT::WANDB: model: critic_0, step: 745, train_lr: 0.00014828
TORCHFORT::WANDB: model: actor, step: 745, train_loss: -0.192736
TORCHFORT::WANDB: model: actor, step: 745, train_lr: 0.00014828
TORCHFORT::WANDB: model: alpha, step: 745, train_loss: -2.84748
TORCHFORT::WANDB: model: alpha, step: 745, train_lr: 0.0001
TORCHFORT::WANDB: model: critic_0, step: 746, train_loss: 0.107975
TORCHFORT::WANDB: model: critic_0, step: 746, train_lr: 0.000148407
TORCHFORT::WANDB: model: actor, step: 746, train_loss: -0.201716
TORCHFORT::WANDB: model: actor, step: 746, train_lr: 0.000148407
TORCHFORT::WANDB: model: alpha, step: 746, train_loss: -2.72116
TORCHFORT::WANDB: model: alpha, step: 746, train_lr: 0.0001
TORCHFORT::WANDB: model: critic_0, step: 747, train_loss: 0.176472
TORCHFORT::WANDB: model: critic_0, step: 747, train_lr: 0.000148535
TORCHFORT::WANDB: model: actor, step: 747, train_loss: -0.184991
TORCHFORT::WANDB: model: actor, step: 747, train_lr: 0.000148535
TORCHFORT::WANDB: model: alpha, step: 747, train_loss: -2.75479
TORCHFORT::WANDB: model: alpha, step: 747, train_lr: 0.0001
TORCHFORT::WANDB: model: critic_0, step: 748, train_loss: 0.0883245
TORCHFORT::WANDB: model: critic_0, step: 748, train_lr: 0.000148663
TORCHFORT::WANDB: model: actor, step: 748, train_loss: -0.180978
TORCHFORT::WANDB: model: actor, step: 748, train_lr: 0.000148663
TORCHFORT::WANDB: model: alpha, step: 748, train_loss: -2.74152
TORCHFORT::WANDB: model: alpha, step: 748, train_lr: 0.0001
TORCHFORT::WANDB: model: critic_0, step: 749, train_loss: 0.0788023
TORCHFORT::WANDB: model: critic_0, step: 749, train_lr: 0.000148791
TORCHFORT::WANDB: model: actor, step: 749, train_loss: -0.174311
TORCHFORT::WANDB: model: actor, step: 749, train_lr: 0.000148791
TORCHFORT::WANDB: model: alpha, step: 749, train_loss: -2.70374
TORCHFORT::WANDB: model: alpha, step: 749, train_lr: 0.0001
TORCHFORT::WANDB: model: critic_0, step: 750, train_loss: 0.105973
TORCHFORT::WANDB: model: critic_0, step: 750, train_lr: 0.000148919
TORCHFORT::WANDB: model: actor, step: 750, train_loss: -0.182025
TORCHFORT::WANDB: model: actor, step: 750, train_lr: 0.000148919
TORCHFORT::WANDB: model: alpha, step: 750, train_loss: -2.65433
TORCHFORT::WANDB: model: alpha, step: 750, train_lr: 0.0001
TORCHFORT::WANDB: model: critic_0, step: 751, train_loss: 0.0857638
TORCHFORT::WANDB: model: critic_0, step: 751, train_lr: 0.000149047
TORCHFORT::WANDB: model: actor, step: 751, train_loss: -0.185196
TORCHFORT::WANDB: model: actor, step: 751, train_lr: 0.000149047
TORCHFORT::WANDB: model: alpha, step: 751, train_loss: -2.74746
TORCHFORT::WANDB: model: alpha, step: 751, train_lr: 0.0001
TORCHFORT::WANDB: model: critic_0, step: 752, train_loss: 0.120163
TORCHFORT::WANDB: model: critic_0, step: 752, train_lr: 0.000149176
TORCHFORT::WANDB: model: actor, step: 752, train_loss: -0.16807
TORCHFORT::WANDB: model: actor, step: 752, train_lr: 0.000149176
TORCHFORT::WANDB: model: alpha, step: 752, train_loss: -2.76939
TORCHFORT::WANDB: model: alpha, step: 752, train_lr: 0.0001
TORCHFORT::WANDB: model: critic_0, step: 753, train_loss: 0.0882355
TORCHFORT::WANDB: model: critic_0, step: 753, train_lr: 0.000149304
TORCHFORT::WANDB: model: actor, step: 753, train_loss: -0.19908
TORCHFORT::WANDB: model: actor, step: 753, train_lr: 0.000149304
TORCHFORT::WANDB: model: alpha, step: 753, train_loss: -2.74134
TORCHFORT::WANDB: model: alpha, step: 753, train_lr: 0.0001
TORCHFORT::WANDB: model: critic_0, step: 754, train_loss: 0.057762
TORCHFORT::WANDB: model: critic_0, step: 754, train_lr: 0.000149433
TORCHFORT::WANDB: model: actor, step: 754, train_loss: -0.151937
TORCHFORT::WANDB: model: actor, step: 754, train_lr: 0.000149433
TORCHFORT::WANDB: model: alpha, step: 754, train_loss: -2.81896
TORCHFORT::WANDB: model: alpha, step: 754, train_lr: 0.0001
TORCHFORT::WANDB: model: critic_0, step: 755, train_loss: 0.0929191
TORCHFORT::WANDB: model: critic_0, step: 755, train_lr: 0.000149562
TORCHFORT::WANDB: model: actor, step: 755, train_loss: -0.163127
TORCHFORT::WANDB: model: actor, step: 755, train_lr: 0.000149562
TORCHFORT::WANDB: model: alpha, step: 755, train_loss: -2.75935
TORCHFORT::WANDB: model: alpha, step: 755, train_lr: 0.0001
TORCHFORT::WANDB: model: critic_0, step: 756, train_loss: 0.129063
TORCHFORT::WANDB: model: critic_0, step: 756, train_lr: 0.000149691
TORCHFORT::WANDB: model: actor, step: 756, train_loss: -0.185846
TORCHFORT::WANDB: model: actor, step: 756, train_lr: 0.000149691
TORCHFORT::WANDB: model: alpha, step: 756, train_loss: -2.66836
TORCHFORT::WANDB: model: alpha, step: 756, train_lr: 0.0001
TORCHFORT::WANDB: model: critic_0, step: 757, train_loss: 0.105205
TORCHFORT::WANDB: model: critic_0, step: 757, train_lr: 0.00014982
TORCHFORT::WANDB: model: actor, step: 757, train_loss: -0.166505
TORCHFORT::WANDB: model: actor, step: 757, train_lr: 0.00014982
TORCHFORT::WANDB: model: alpha, step: 757, train_loss: -2.73408
TORCHFORT::WANDB: model: alpha, step: 757, train_lr: 0.0001
TORCHFORT::WANDB: model: critic_0, step: 758, train_loss: 0.107847
TORCHFORT::WANDB: model: critic_0, step: 758, train_lr: 0.000149949
TORCHFORT::WANDB: model: actor, step: 758, train_loss: -0.149395
TORCHFORT::WANDB: model: actor, step: 758, train_lr: 0.000149949
TORCHFORT::WANDB: model: alpha, step: 758, train_loss: -2.63213
TORCHFORT::WANDB: model: alpha, step: 758, train_lr: 0.0001
TORCHFORT::WANDB: model: critic_0, step: 759, train_loss: 0.0769138
TORCHFORT::WANDB: model: critic_0, step: 759, train_lr: 0.000150079
TORCHFORT::WANDB: model: actor, step: 759, train_loss: -0.162941
TORCHFORT::WANDB: model: actor, step: 759, train_lr: 0.000150079
TORCHFORT::WANDB: model: alpha, step: 759, train_loss: -2.83205
TORCHFORT::WANDB: model: alpha, step: 759, train_lr: 0.0001
TORCHFORT::WANDB: model: critic_0, step: 760, train_loss: 0.0734883
TORCHFORT::WANDB: model: critic_0, step: 760, train_lr: 0.000150209
TORCHFORT::WANDB: model: actor, step: 760, train_loss: -0.159372
TORCHFORT::WANDB: model: actor, step: 760, train_lr: 0.000150209
TORCHFORT::WANDB: model: alpha, step: 760, train_loss: -2.72598
TORCHFORT::WANDB: model: alpha, step: 760, train_lr: 0.0001
TORCHFORT::WANDB: model: critic_0, step: 761, train_loss: 0.0742691
TORCHFORT::WANDB: model: critic_0, step: 761, train_lr: 0.000150339
TORCHFORT::WANDB: model: actor, step: 761, train_loss: -0.146901
TORCHFORT::WANDB: model: actor, step: 761, train_lr: 0.000150339
TORCHFORT::WANDB: model: alpha, step: 761, train_loss: -2.72468
TORCHFORT::WANDB: model: alpha, step: 761, train_lr: 0.0001
TORCHFORT::WANDB: model: critic_0, step: 762, train_loss: 0.0585774
TORCHFORT::WANDB: model: critic_0, step: 762, train_lr: 0.000150469
TORCHFORT::WANDB: model: actor, step: 762, train_loss: -0.160233
TORCHFORT::WANDB: model: actor, step: 762, train_lr: 0.000150469
TORCHFORT::WANDB: model: alpha, step: 762, train_loss: -2.73446
TORCHFORT::WANDB: model: alpha, step: 762, train_lr: 0.0001
TORCHFORT::WANDB: model: critic_0, step: 763, train_loss: 0.201064
TORCHFORT::WANDB: model: critic_0, step: 763, train_lr: 0.000150599
TORCHFORT::WANDB: model: actor, step: 763, train_loss: -0.144216
TORCHFORT::WANDB: model: actor, step: 763, train_lr: 0.000150599
TORCHFORT::WANDB: model: alpha, step: 763, train_loss: -2.67299
TORCHFORT::WANDB: model: alpha, step: 763, train_lr: 0.0001
TORCHFORT::WANDB: model: critic_0, step: 764, train_loss: 0.0854997
TORCHFORT::WANDB: model: critic_0, step: 764, train_lr: 0.000150729
TORCHFORT::WANDB: model: actor, step: 764, train_loss: -0.145668
TORCHFORT::WANDB: model: actor, step: 764, train_lr: 0.000150729
TORCHFORT::WANDB: model: alpha, step: 764, train_loss: -2.68996
TORCHFORT::WANDB: model: alpha, step: 764, train_lr: 0.0001
TORCHFORT::WANDB: model: critic_0, step: 765, train_loss: 0.0992365
TORCHFORT::WANDB: model: critic_0, step: 765, train_lr: 0.00015086
TORCHFORT::WANDB: model: actor, step: 765, train_loss: -0.157782
TORCHFORT::WANDB: model: actor, step: 765, train_lr: 0.00015086
TORCHFORT::WANDB: model: alpha, step: 765, train_loss: -2.71098
TORCHFORT::WANDB: model: alpha, step: 765, train_lr: 0.0001
TORCHFORT::WANDB: model: critic_0, step: 766, train_loss: 0.0992489
TORCHFORT::WANDB: model: critic_0, step: 766, train_lr: 0.00015099
TORCHFORT::WANDB: model: actor, step: 766, train_loss: -0.150378
TORCHFORT::WANDB: model: actor, step: 766, train_lr: 0.00015099
TORCHFORT::WANDB: model: alpha, step: 766, train_loss: -2.71417
TORCHFORT::WANDB: model: alpha, step: 766, train_lr: 0.0001
TORCHFORT::WANDB: model: critic_0, step: 767, train_loss: 0.0843255
TORCHFORT::WANDB: model: critic_0, step: 767, train_lr: 0.000151121
TORCHFORT::WANDB: model: actor, step: 767, train_loss: -0.160393
TORCHFORT::WANDB: model: actor, step: 767, train_lr: 0.000151121
TORCHFORT::WANDB: model: alpha, step: 767, train_loss: -2.7689
TORCHFORT::WANDB: model: alpha, step: 767, train_lr: 0.0001
TORCHFORT::WANDB: model: critic_0, step: 768, train_loss: 0.0690549
TORCHFORT::WANDB: model: critic_0, step: 768, train_lr: 0.000151252
TORCHFORT::WANDB: model: actor, step: 768, train_loss: -0.157744
TORCHFORT::WANDB: model: actor, step: 768, train_lr: 0.000151252
TORCHFORT::WANDB: model: alpha, step: 768, train_loss: -2.75141
TORCHFORT::WANDB: model: alpha, step: 768, train_lr: 0.0001
TORCHFORT::WANDB: model: critic_0, step: 769, train_loss: 0.102168
TORCHFORT::WANDB: model: critic_0, step: 769, train_lr: 0.000151383
TORCHFORT::WANDB: model: actor, step: 769, train_loss: -0.152376
TORCHFORT::WANDB: model: actor, step: 769, train_lr: 0.000151383
TORCHFORT::WANDB: model: alpha, step: 769, train_loss: -2.82005
TORCHFORT::WANDB: model: alpha, step: 769, train_lr: 0.0001
TORCHFORT::WANDB: model: critic_0, step: 770, train_loss: 0.143985
TORCHFORT::WANDB: model: critic_0, step: 770, train_lr: 0.000151514
TORCHFORT::WANDB: model: actor, step: 770, train_loss: -0.140156
TORCHFORT::WANDB: model: actor, step: 770, train_lr: 0.000151514
TORCHFORT::WANDB: model: alpha, step: 770, train_loss: -2.62064
TORCHFORT::WANDB: model: alpha, step: 770, train_lr: 0.0001
TORCHFORT::WANDB: model: critic_0, step: 771, train_loss: 0.125051
TORCHFORT::WANDB: model: critic_0, step: 771, train_lr: 0.000151646
TORCHFORT::WANDB: model: actor, step: 771, train_loss: -0.158152
TORCHFORT::WANDB: model: actor, step: 771, train_lr: 0.000151646
TORCHFORT::WANDB: model: alpha, step: 771, train_loss: -2.67039
TORCHFORT::WANDB: model: alpha, step: 771, train_lr: 0.0001
TORCHFORT::WANDB: model: critic_0, step: 772, train_loss: 0.0942626
TORCHFORT::WANDB: model: critic_0, step: 772, train_lr: 0.000151778
TORCHFORT::WANDB: model: actor, step: 772, train_loss: -0.132524
TORCHFORT::WANDB: model: actor, step: 772, train_lr: 0.000151778
TORCHFORT::WANDB: model: alpha, step: 772, train_loss: -2.77949
TORCHFORT::WANDB: model: alpha, step: 772, train_lr: 0.0001
TORCHFORT::WANDB: model: critic_0, step: 773, train_loss: 0.0858453
TORCHFORT::WANDB: model: critic_0, step: 773, train_lr: 0.000151909
TORCHFORT::WANDB: model: actor, step: 773, train_loss: -0.139987
TORCHFORT::WANDB: model: actor, step: 773, train_lr: 0.000151909
TORCHFORT::WANDB: model: alpha, step: 773, train_loss: -2.70336
TORCHFORT::WANDB: model: alpha, step: 773, train_lr: 0.0001
TORCHFORT::WANDB: model: critic_0, step: 774, train_loss: 0.0844288
TORCHFORT::WANDB: model: critic_0, step: 774, train_lr: 0.000152041
TORCHFORT::WANDB: model: actor, step: 774, train_loss: -0.16518
TORCHFORT::WANDB: model: actor, step: 774, train_lr: 0.000152041
TORCHFORT::WANDB: model: alpha, step: 774, train_loss: -2.72306
TORCHFORT::WANDB: model: alpha, step: 774, train_lr: 0.0001
TORCHFORT::WANDB: model: critic_0, step: 775, train_loss: 0.0840059
TORCHFORT::WANDB: model: critic_0, step: 775, train_lr: 0.000152173
TORCHFORT::WANDB: model: actor, step: 775, train_loss: -0.166968
TORCHFORT::WANDB: model: actor, step: 775, train_lr: 0.000152173
TORCHFORT::WANDB: model: alpha, step: 775, train_loss: -2.82661
TORCHFORT::WANDB: model: alpha, step: 775, train_lr: 0.0001
TORCHFORT::WANDB: model: critic_0, step: 776, train_loss: 0.0665677
TORCHFORT::WANDB: model: critic_0, step: 776, train_lr: 0.000152305
TORCHFORT::WANDB: model: actor, step: 776, train_loss: -0.171048
TORCHFORT::WANDB: model: actor, step: 776, train_lr: 0.000152305
TORCHFORT::WANDB: model: alpha, step: 776, train_loss: -2.7349
TORCHFORT::WANDB: model: alpha, step: 776, train_lr: 0.0001
TORCHFORT::WANDB: model: critic_0, step: 777, train_loss: 0.0898781
TORCHFORT::WANDB: model: critic_0, step: 777, train_lr: 0.000152438
TORCHFORT::WANDB: model: actor, step: 777, train_loss: -0.167522
TORCHFORT::WANDB: model: actor, step: 777, train_lr: 0.000152438
TORCHFORT::WANDB: model: alpha, step: 777, train_loss: -2.69784
TORCHFORT::WANDB: model: alpha, step: 777, train_lr: 0.0001
TORCHFORT::WANDB: model: critic_0, step: 778, train_loss: 0.142648
TORCHFORT::WANDB: model: critic_0, step: 778, train_lr: 0.00015257
TORCHFORT::WANDB: model: actor, step: 778, train_loss: -0.176655
TORCHFORT::WANDB: model: actor, step: 778, train_lr: 0.00015257
TORCHFORT::WANDB: model: alpha, step: 778, train_loss: -2.80409
TORCHFORT::WANDB: model: alpha, step: 778, train_lr: 0.0001
TORCHFORT::WANDB: model: critic_0, step: 779, train_loss: 0.0909734
TORCHFORT::WANDB: model: critic_0, step: 779, train_lr: 0.000152703
TORCHFORT::WANDB: model: actor, step: 779, train_loss: -0.176068
TORCHFORT::WANDB: model: actor, step: 779, train_lr: 0.000152703
TORCHFORT::WANDB: model: alpha, step: 779, train_loss: -2.81782
TORCHFORT::WANDB: model: alpha, step: 779, train_lr: 0.0001
TORCHFORT::WANDB: model: critic_0, step: 780, train_loss: 0.161968
TORCHFORT::WANDB: model: critic_0, step: 780, train_lr: 0.000152836
TORCHFORT::WANDB: model: actor, step: 780, train_loss: -0.186859
TORCHFORT::WANDB: model: actor, step: 780, train_lr: 0.000152836
TORCHFORT::WANDB: model: alpha, step: 780, train_loss: -2.7635
TORCHFORT::WANDB: model: alpha, step: 780, train_lr: 0.0001
TORCHFORT::WANDB: model: critic_0, step: 781, train_loss: 0.14247
TORCHFORT::WANDB: model: critic_0, step: 781, train_lr: 0.000152969
TORCHFORT::WANDB: model: actor, step: 781, train_loss: -0.175542
TORCHFORT::WANDB: model: actor, step: 781, train_lr: 0.000152969
TORCHFORT::WANDB: model: alpha, step: 781, train_loss: -2.75084
TORCHFORT::WANDB: model: alpha, step: 781, train_lr: 0.0001
TORCHFORT::WANDB: model: critic_0, step: 782, train_loss: 0.125176
TORCHFORT::WANDB: model: critic_0, step: 782, train_lr: 0.000153102
TORCHFORT::WANDB: model: actor, step: 782, train_loss: -0.18055
TORCHFORT::WANDB: model: actor, step: 782, train_lr: 0.000153102
TORCHFORT::WANDB: model: alpha, step: 782, train_loss: -2.78235
TORCHFORT::WANDB: model: alpha, step: 782, train_lr: 0.0001
TORCHFORT::WANDB: model: critic_0, step: 783, train_loss: 0.0806692
TORCHFORT::WANDB: model: critic_0, step: 783, train_lr: 0.000153235
TORCHFORT::WANDB: model: actor, step: 783, train_loss: -0.163654
TORCHFORT::WANDB: model: actor, step: 783, train_lr: 0.000153235
TORCHFORT::WANDB: model: alpha, step: 783, train_loss: -2.6803
TORCHFORT::WANDB: model: alpha, step: 783, train_lr: 0.0001
TORCHFORT::WANDB: model: critic_0, step: 784, train_loss: 0.0583244
TORCHFORT::WANDB: model: critic_0, step: 784, train_lr: 0.000153369
TORCHFORT::WANDB: model: actor, step: 784, train_loss: -0.15722
TORCHFORT::WANDB: model: actor, step: 784, train_lr: 0.000153369
TORCHFORT::WANDB: model: alpha, step: 784, train_loss: -2.74635
TORCHFORT::WANDB: model: alpha, step: 784, train_lr: 0.0001
TORCHFORT::WANDB: model: critic_0, step: 785, train_loss: 0.0840164
TORCHFORT::WANDB: model: critic_0, step: 785, train_lr: 0.000153503
TORCHFORT::WANDB: model: actor, step: 785, train_loss: -0.166831
TORCHFORT::WANDB: model: actor, step: 785, train_lr: 0.000153503
TORCHFORT::WANDB: model: alpha, step: 785, train_loss: -2.81731
TORCHFORT::WANDB: model: alpha, step: 785, train_lr: 0.0001
TORCHFORT::WANDB: model: critic_0, step: 786, train_loss: 0.101733
TORCHFORT::WANDB: model: critic_0, step: 786, train_lr: 0.000153636
TORCHFORT::WANDB: model: actor, step: 786, train_loss: -0.182798
TORCHFORT::WANDB: model: actor, step: 786, train_lr: 0.000153636
TORCHFORT::WANDB: model: alpha, step: 786, train_loss: -2.7845
TORCHFORT::WANDB: model: alpha, step: 786, train_lr: 0.0001
TORCHFORT::WANDB: model: critic_0, step: 787, train_loss: 0.146264
TORCHFORT::WANDB: model: critic_0, step: 787, train_lr: 0.00015377
TORCHFORT::WANDB: model: actor, step: 787, train_loss: -0.170288
TORCHFORT::WANDB: model: actor, step: 787, train_lr: 0.00015377
TORCHFORT::WANDB: model: alpha, step: 787, train_loss: -2.7795
TORCHFORT::WANDB: model: alpha, step: 787, train_lr: 0.0001
TORCHFORT::WANDB: model: critic_0, step: 788, train_loss: 0.082125
TORCHFORT::WANDB: model: critic_0, step: 788, train_lr: 0.000153904
TORCHFORT::WANDB: model: actor, step: 788, train_loss: -0.174687
TORCHFORT::WANDB: model: actor, step: 788, train_lr: 0.000153904
TORCHFORT::WANDB: model: alpha, step: 788, train_loss: -2.83417
TORCHFORT::WANDB: model: alpha, step: 788, train_lr: 0.0001
TORCHFORT::WANDB: model: critic_0, step: 789, train_loss: 0.0705647
TORCHFORT::WANDB: model: critic_0, step: 789, train_lr: 0.000154039
TORCHFORT::WANDB: model: actor, step: 789, train_loss: -0.154564
TORCHFORT::WANDB: model: actor, step: 789, train_lr: 0.000154039
TORCHFORT::WANDB: model: alpha, step: 789, train_loss: -2.78714
TORCHFORT::WANDB: model: alpha, step: 789, train_lr: 0.0001
TORCHFORT::WANDB: model: critic_0, step: 790, train_loss: 0.108634
TORCHFORT::WANDB: model: critic_0, step: 790, train_lr: 0.000154173
TORCHFORT::WANDB: model: actor, step: 790, train_loss: -0.163275
TORCHFORT::WANDB: model: actor, step: 790, train_lr: 0.000154173
TORCHFORT::WANDB: model: alpha, step: 790, train_loss: -2.71254
TORCHFORT::WANDB: model: alpha, step: 790, train_lr: 0.0001
TORCHFORT::WANDB: model: critic_0, step: 791, train_loss: 0.0828399
TORCHFORT::WANDB: model: critic_0, step: 791, train_lr: 0.000154308
TORCHFORT::WANDB: model: actor, step: 791, train_loss: -0.153596
TORCHFORT::WANDB: model: actor, step: 791, train_lr: 0.000154308
TORCHFORT::WANDB: model: alpha, step: 791, train_loss: -2.7855
TORCHFORT::WANDB: model: alpha, step: 791, train_lr: 0.0001
TORCHFORT::WANDB: model: critic_0, step: 792, train_loss: 0.0649369
TORCHFORT::WANDB: model: critic_0, step: 792, train_lr: 0.000154442
TORCHFORT::WANDB: model: actor, step: 792, train_loss: -0.16329
TORCHFORT::WANDB: model: actor, step: 792, train_lr: 0.000154442
TORCHFORT::WANDB: model: alpha, step: 792, train_loss: -2.79511
TORCHFORT::WANDB: model: alpha, step: 792, train_lr: 0.0001
TORCHFORT::WANDB: model: critic_0, step: 793, train_loss: 0.153631
TORCHFORT::WANDB: model: critic_0, step: 793, train_lr: 0.000154577
TORCHFORT::WANDB: model: actor, step: 793, train_loss: -0.169096
TORCHFORT::WANDB: model: actor, step: 793, train_lr: 0.000154577
TORCHFORT::WANDB: model: alpha, step: 793, train_loss: -2.81635
TORCHFORT::WANDB: model: alpha, step: 793, train_lr: 0.0001
TORCHFORT::WANDB: model: critic_0, step: 794, train_loss: 0.117087
TORCHFORT::WANDB: model: critic_0, step: 794, train_lr: 0.000154712
TORCHFORT::WANDB: model: actor, step: 794, train_loss: -0.162129
TORCHFORT::WANDB: model: actor, step: 794, train_lr: 0.000154712
TORCHFORT::WANDB: model: alpha, step: 794, train_loss: -2.82134
TORCHFORT::WANDB: model: alpha, step: 794, train_lr: 0.0001
TORCHFORT::WANDB: model: critic_0, step: 795, train_loss: 0.119918
TORCHFORT::WANDB: model: critic_0, step: 795, train_lr: 0.000154848
TORCHFORT::WANDB: model: actor, step: 795, train_loss: -0.169712
TORCHFORT::WANDB: model: actor, step: 795, train_lr: 0.000154848
TORCHFORT::WANDB: model: alpha, step: 795, train_loss: -2.65686
TORCHFORT::WANDB: model: alpha, step: 795, train_lr: 0.0001
TORCHFORT::WANDB: model: critic_0, step: 796, train_loss: 0.101188
TORCHFORT::WANDB: model: critic_0, step: 796, train_lr: 0.000154983
TORCHFORT::WANDB: model: actor, step: 796, train_loss: -0.181623
TORCHFORT::WANDB: model: actor, step: 796, train_lr: 0.000154983
TORCHFORT::WANDB: model: alpha, step: 796, train_loss: -2.75347
TORCHFORT::WANDB: model: alpha, step: 796, train_lr: 0.0001
TORCHFORT::WANDB: model: critic_0, step: 797, train_loss: 0.184869
TORCHFORT::WANDB: model: critic_0, step: 797, train_lr: 0.000155118
TORCHFORT::WANDB: model: actor, step: 797, train_loss: -0.149352
TORCHFORT::WANDB: model: actor, step: 797, train_lr: 0.000155118
TORCHFORT::WANDB: model: alpha, step: 797, train_loss: -2.76774
TORCHFORT::WANDB: model: alpha, step: 797, train_lr: 0.0001
TORCHFORT::WANDB: model: critic_0, step: 798, train_loss: 0.052964
TORCHFORT::WANDB: model: critic_0, step: 798, train_lr: 0.000155254
TORCHFORT::WANDB: model: actor, step: 798, train_loss: -0.161769
TORCHFORT::WANDB: model: actor, step: 798, train_lr: 0.000155254
TORCHFORT::WANDB: model: alpha, step: 798, train_loss: -2.71672
TORCHFORT::WANDB: model: alpha, step: 798, train_lr: 0.0001
TORCHFORT::WANDB: model: critic_0, step: 799, train_loss: 0.157463
TORCHFORT::WANDB: model: critic_0, step: 799, train_lr: 0.00015539
TORCHFORT::WANDB: model: actor, step: 799, train_loss: -0.179387
TORCHFORT::WANDB: model: actor, step: 799, train_lr: 0.00015539
TORCHFORT::WANDB: model: alpha, step: 799, train_loss: -2.71953
TORCHFORT::WANDB: model: alpha, step: 799, train_lr: 0.0001
TORCHFORT::WANDB: model: critic_0, step: 800, train_loss: 0.0689048
TORCHFORT::WANDB: model: critic_0, step: 800, train_lr: 0.000155526
TORCHFORT::WANDB: model: actor, step: 800, train_loss: -0.154469
TORCHFORT::WANDB: model: actor, step: 800, train_lr: 0.000155526
TORCHFORT::WANDB: model: alpha, step: 800, train_loss: -2.71882
TORCHFORT::WANDB: model: alpha, step: 800, train_lr: 0.0001
TORCHFORT::WANDB: model: rlwm, step: 8, reward_sum: 1351.76
TORCHFORT::WANDB: model: rlwm, step: 8, policy_loss: -0.154469
TORCHFORT::WANDB: model: rlwm, step: 8, critic_loss: 0.0689048
TORCHFORT::WANDB: model: critic_0, step: 801, train_loss: 0.0572237
TORCHFORT::WANDB: model: critic_0, step: 801, train_lr: 0.000155662
TORCHFORT::WANDB: model: actor, step: 801, train_loss: -0.165448
TORCHFORT::WANDB: model: actor, step: 801, train_lr: 0.000155662
TORCHFORT::WANDB: model: alpha, step: 801, train_loss: -2.74858
TORCHFORT::WANDB: model: alpha, step: 801, train_lr: 0.0001
TORCHFORT::WANDB: model: critic_0, step: 802, train_loss: 0.120576
TORCHFORT::WANDB: model: critic_0, step: 802, train_lr: 0.000155798
TORCHFORT::WANDB: model: actor, step: 802, train_loss: -0.150101
TORCHFORT::WANDB: model: actor, step: 802, train_lr: 0.000155798
TORCHFORT::WANDB: model: alpha, step: 802, train_loss: -2.763
TORCHFORT::WANDB: model: alpha, step: 802, train_lr: 0.0001
TORCHFORT::WANDB: model: critic_0, step: 803, train_loss: 0.123993
TORCHFORT::WANDB: model: critic_0, step: 803, train_lr: 0.000155935
TORCHFORT::WANDB: model: actor, step: 803, train_loss: -0.169759
TORCHFORT::WANDB: model: actor, step: 803, train_lr: 0.000155935
TORCHFORT::WANDB: model: alpha, step: 803, train_loss: -2.81885
TORCHFORT::WANDB: model: alpha, step: 803, train_lr: 0.0001
TORCHFORT::WANDB: model: critic_0, step: 804, train_loss: 0.123802
TORCHFORT::WANDB: model: critic_0, step: 804, train_lr: 0.000156071
TORCHFORT::WANDB: model: actor, step: 804, train_loss: -0.167163
TORCHFORT::WANDB: model: actor, step: 804, train_lr: 0.000156071
TORCHFORT::WANDB: model: alpha, step: 804, train_loss: -2.77174
TORCHFORT::WANDB: model: alpha, step: 804, train_lr: 0.0001
TORCHFORT::WANDB: model: critic_0, step: 805, train_loss: 0.0734067
TORCHFORT::WANDB: model: critic_0, step: 805, train_lr: 0.000156208
TORCHFORT::WANDB: model: actor, step: 805, train_loss: -0.160831
TORCHFORT::WANDB: model: actor, step: 805, train_lr: 0.000156208
TORCHFORT::WANDB: model: alpha, step: 805, train_loss: -2.73306
TORCHFORT::WANDB: model: alpha, step: 805, train_lr: 0.0001
TORCHFORT::WANDB: model: critic_0, step: 806, train_loss: 0.0786531
TORCHFORT::WANDB: model: critic_0, step: 806, train_lr: 0.000156345
TORCHFORT::WANDB: model: actor, step: 806, train_loss: -0.180419
TORCHFORT::WANDB: model: actor, step: 806, train_lr: 0.000156345
TORCHFORT::WANDB: model: alpha, step: 806, train_loss: -2.79431
TORCHFORT::WANDB: model: alpha, step: 806, train_lr: 0.0001
TORCHFORT::WANDB: model: critic_0, step: 807, train_loss: 0.0768858
TORCHFORT::WANDB: model: critic_0, step: 807, train_lr: 0.000156482
TORCHFORT::WANDB: model: actor, step: 807, train_loss: -0.154588
TORCHFORT::WANDB: model: actor, step: 807, train_lr: 0.000156482
TORCHFORT::WANDB: model: alpha, step: 807, train_loss: -2.6824
TORCHFORT::WANDB: model: alpha, step: 807, train_lr: 0.0001
TORCHFORT::WANDB: model: critic_0, step: 808, train_loss: 0.132317
TORCHFORT::WANDB: model: critic_0, step: 808, train_lr: 0.000156619
TORCHFORT::WANDB: model: actor, step: 808, train_loss: -0.160754
TORCHFORT::WANDB: model: actor, step: 808, train_lr: 0.000156619
TORCHFORT::WANDB: model: alpha, step: 808, train_loss: -2.78141
TORCHFORT::WANDB: model: alpha, step: 808, train_lr: 0.0001
TORCHFORT::WANDB: model: critic_0, step: 809, train_loss: 0.0583301
TORCHFORT::WANDB: model: critic_0, step: 809, train_lr: 0.000156757
TORCHFORT::WANDB: model: actor, step: 809, train_loss: -0.156341
TORCHFORT::WANDB: model: actor, step: 809, train_lr: 0.000156757
TORCHFORT::WANDB: model: alpha, step: 809, train_loss: -2.74851
TORCHFORT::WANDB: model: alpha, step: 809, train_lr: 0.0001
TORCHFORT::WANDB: model: critic_0, step: 810, train_loss: 0.0949982
TORCHFORT::WANDB: model: critic_0, step: 810, train_lr: 0.000156894
TORCHFORT::WANDB: model: actor, step: 810, train_loss: -0.163161
TORCHFORT::WANDB: model: actor, step: 810, train_lr: 0.000156894
TORCHFORT::WANDB: model: alpha, step: 810, train_loss: -2.70258
TORCHFORT::WANDB: model: alpha, step: 810, train_lr: 0.0001
TORCHFORT::WANDB: model: critic_0, step: 811, train_loss: 0.0839838
TORCHFORT::WANDB: model: critic_0, step: 811, train_lr: 0.000157032
TORCHFORT::WANDB: model: actor, step: 811, train_loss: -0.159747
TORCHFORT::WANDB: model: actor, step: 811, train_lr: 0.000157032
TORCHFORT::WANDB: model: alpha, step: 811, train_loss: -2.87282
TORCHFORT::WANDB: model: alpha, step: 811, train_lr: 0.0001
TORCHFORT::WANDB: model: critic_0, step: 812, train_loss: 0.089585
TORCHFORT::WANDB: model: critic_0, step: 812, train_lr: 0.00015717
TORCHFORT::WANDB: model: actor, step: 812, train_loss: -0.163287
TORCHFORT::WANDB: model: actor, step: 812, train_lr: 0.00015717
TORCHFORT::WANDB: model: alpha, step: 812, train_loss: -2.80554
TORCHFORT::WANDB: model: alpha, step: 812, train_lr: 0.0001
TORCHFORT::WANDB: model: critic_0, step: 813, train_loss: 0.0735681
TORCHFORT::WANDB: model: critic_0, step: 813, train_lr: 0.000157308
TORCHFORT::WANDB: model: actor, step: 813, train_loss: -0.157648
TORCHFORT::WANDB: model: actor, step: 813, train_lr: 0.000157308
TORCHFORT::WANDB: model: alpha, step: 813, train_loss: -2.78774
TORCHFORT::WANDB: model: alpha, step: 813, train_lr: 0.0001
TORCHFORT::WANDB: model: critic_0, step: 814, train_loss: 0.100241
TORCHFORT::WANDB: model: critic_0, step: 814, train_lr: 0.000157446
TORCHFORT::WANDB: model: actor, step: 814, train_loss: -0.177086
TORCHFORT::WANDB: model: actor, step: 814, train_lr: 0.000157446
TORCHFORT::WANDB: model: alpha, step: 814, train_loss: -2.70861
TORCHFORT::WANDB: model: alpha, step: 814, train_lr: 0.0001
TORCHFORT::WANDB: model: critic_0, step: 815, train_loss: 0.0642404
TORCHFORT::WANDB: model: critic_0, step: 815, train_lr: 0.000157584
TORCHFORT::WANDB: model: actor, step: 815, train_loss: -0.174902
TORCHFORT::WANDB: model: actor, step: 815, train_lr: 0.000157584
TORCHFORT::WANDB: model: alpha, step: 815, train_loss: -2.82787
TORCHFORT::WANDB: model: alpha, step: 815, train_lr: 0.0001
TORCHFORT::WANDB: model: critic_0, step: 816, train_loss: 0.0632776
TORCHFORT::WANDB: model: critic_0, step: 816, train_lr: 0.000157723
TORCHFORT::WANDB: model: actor, step: 816, train_loss: -0.161108
TORCHFORT::WANDB: model: actor, step: 816, train_lr: 0.000157723
TORCHFORT::WANDB: model: alpha, step: 816, train_loss: -2.7624
TORCHFORT::WANDB: model: alpha, step: 816, train_lr: 0.0001
TORCHFORT::WANDB: model: critic_0, step: 817, train_loss: 0.0547441
TORCHFORT::WANDB: model: critic_0, step: 817, train_lr: 0.000157861
TORCHFORT::WANDB: model: actor, step: 817, train_loss: -0.16792
TORCHFORT::WANDB: model: actor, step: 817, train_lr: 0.000157861
TORCHFORT::WANDB: model: alpha, step: 817, train_loss: -2.76315
TORCHFORT::WANDB: model: alpha, step: 817, train_lr: 0.0001
TORCHFORT::WANDB: model: critic_0, step: 818, train_loss: 0.047588
TORCHFORT::WANDB: model: critic_0, step: 818, train_lr: 0.000158
TORCHFORT::WANDB: model: actor, step: 818, train_loss: -0.170147
TORCHFORT::WANDB: model: actor, step: 818, train_lr: 0.000158
TORCHFORT::WANDB: model: alpha, step: 818, train_loss: -2.79591
TORCHFORT::WANDB: model: alpha, step: 818, train_lr: 0.0001
TORCHFORT::WANDB: model: critic_0, step: 819, train_loss: 0.0983169
TORCHFORT::WANDB: model: critic_0, step: 819, train_lr: 0.000158139
TORCHFORT::WANDB: model: actor, step: 819, train_loss: -0.173914
TORCHFORT::WANDB: model: actor, step: 819, train_lr: 0.000158139
TORCHFORT::WANDB: model: alpha, step: 819, train_loss: -2.83545
TORCHFORT::WANDB: model: alpha, step: 819, train_lr: 0.0001
TORCHFORT::WANDB: model: critic_0, step: 820, train_loss: 0.113305
TORCHFORT::WANDB: model: critic_0, step: 820, train_lr: 0.000158278
TORCHFORT::WANDB: model: actor, step: 820, train_loss: -0.164604
TORCHFORT::WANDB: model: actor, step: 820, train_lr: 0.000158278
TORCHFORT::WANDB: model: alpha, step: 820, train_loss: -2.80444
TORCHFORT::WANDB: model: alpha, step: 820, train_lr: 0.0001
TORCHFORT::WANDB: model: critic_0, step: 821, train_loss: 0.11111
TORCHFORT::WANDB: model: critic_0, step: 821, train_lr: 0.000158417
TORCHFORT::WANDB: model: actor, step: 821, train_loss: -0.162348
TORCHFORT::WANDB: model: actor, step: 821, train_lr: 0.000158417
TORCHFORT::WANDB: model: alpha, step: 821, train_loss: -2.75146
TORCHFORT::WANDB: model: alpha, step: 821, train_lr: 0.0001
TORCHFORT::WANDB: model: critic_0, step: 822, train_loss: 0.0748632
TORCHFORT::WANDB: model: critic_0, step: 822, train_lr: 0.000158557
TORCHFORT::WANDB: model: actor, step: 822, train_loss: -0.171062
TORCHFORT::WANDB: model: actor, step: 822, train_lr: 0.000158557
TORCHFORT::WANDB: model: alpha, step: 822, train_loss: -2.76756
TORCHFORT::WANDB: model: alpha, step: 822, train_lr: 0.0001
TORCHFORT::WANDB: model: critic_0, step: 823, train_loss: 0.099102
TORCHFORT::WANDB: model: critic_0, step: 823, train_lr: 0.000158696
TORCHFORT::WANDB: model: actor, step: 823, train_loss: -0.185544
TORCHFORT::WANDB: model: actor, step: 823, train_lr: 0.000158696
TORCHFORT::WANDB: model: alpha, step: 823, train_loss: -2.82037
TORCHFORT::WANDB: model: alpha, step: 823, train_lr: 0.0001
TORCHFORT::WANDB: model: critic_0, step: 824, train_loss: 0.0790109
TORCHFORT::WANDB: model: critic_0, step: 824, train_lr: 0.000158836
TORCHFORT::WANDB: model: actor, step: 824, train_loss: -0.155272
TORCHFORT::WANDB: model: actor, step: 824, train_lr: 0.000158836
TORCHFORT::WANDB: model: alpha, step: 824, train_loss: -2.77944
TORCHFORT::WANDB: model: alpha, step: 824, train_lr: 0.0001
TORCHFORT::WANDB: model: critic_0, step: 825, train_loss: 0.0516845
TORCHFORT::WANDB: model: critic_0, step: 825, train_lr: 0.000158976
TORCHFORT::WANDB: model: actor, step: 825, train_loss: -0.161928
TORCHFORT::WANDB: model: actor, step: 825, train_lr: 0.000158976
TORCHFORT::WANDB: model: alpha, step: 825, train_loss: -2.80566
TORCHFORT::WANDB: model: alpha, step: 825, train_lr: 0.0001
TORCHFORT::WANDB: model: critic_0, step: 826, train_loss: 0.0539059
TORCHFORT::WANDB: model: critic_0, step: 826, train_lr: 0.000159116
TORCHFORT::WANDB: model: actor, step: 826, train_loss: -0.17385
TORCHFORT::WANDB: model: actor, step: 826, train_lr: 0.000159116
TORCHFORT::WANDB: model: alpha, step: 826, train_loss: -2.72401
TORCHFORT::WANDB: model: alpha, step: 826, train_lr: 0.0001
TORCHFORT::WANDB: model: critic_0, step: 827, train_loss: 0.0765884
TORCHFORT::WANDB: model: critic_0, step: 827, train_lr: 0.000159256
TORCHFORT::WANDB: model: actor, step: 827, train_loss: -0.149264
TORCHFORT::WANDB: model: actor, step: 827, train_lr: 0.000159256
TORCHFORT::WANDB: model: alpha, step: 827, train_loss: -2.80863
TORCHFORT::WANDB: model: alpha, step: 827, train_lr: 0.0001
TORCHFORT::WANDB: model: critic_0, step: 828, train_loss: 0.0907794
TORCHFORT::WANDB: model: critic_0, step: 828, train_lr: 0.000159396
TORCHFORT::WANDB: model: actor, step: 828, train_loss: -0.164598
TORCHFORT::WANDB: model: actor, step: 828, train_lr: 0.000159396
TORCHFORT::WANDB: model: alpha, step: 828, train_loss: -2.78644
TORCHFORT::WANDB: model: alpha, step: 828, train_lr: 0.0001
TORCHFORT::WANDB: model: critic_0, step: 829, train_loss: 0.0634003
TORCHFORT::WANDB: model: critic_0, step: 829, train_lr: 0.000159537
TORCHFORT::WANDB: model: actor, step: 829, train_loss: -0.140822
TORCHFORT::WANDB: model: actor, step: 829, train_lr: 0.000159537
TORCHFORT::WANDB: model: alpha, step: 829, train_loss: -2.78426
TORCHFORT::WANDB: model: alpha, step: 829, train_lr: 0.0001
TORCHFORT::WANDB: model: critic_0, step: 830, train_loss: 0.112567
TORCHFORT::WANDB: model: critic_0, step: 830, train_lr: 0.000159677
TORCHFORT::WANDB: model: actor, step: 830, train_loss: -0.147319
TORCHFORT::WANDB: model: actor, step: 830, train_lr: 0.000159677
TORCHFORT::WANDB: model: alpha, step: 830, train_loss: -2.65813
TORCHFORT::WANDB: model: alpha, step: 830, train_lr: 0.0001
TORCHFORT::WANDB: model: critic_0, step: 831, train_loss: 0.158084
TORCHFORT::WANDB: model: critic_0, step: 831, train_lr: 0.000159818
TORCHFORT::WANDB: model: actor, step: 831, train_loss: -0.163514
TORCHFORT::WANDB: model: actor, step: 831, train_lr: 0.000159818
TORCHFORT::WANDB: model: alpha, step: 831, train_loss: -2.71443
TORCHFORT::WANDB: model: alpha, step: 831, train_lr: 0.0001
TORCHFORT::WANDB: model: critic_0, step: 832, train_loss: 0.119192
TORCHFORT::WANDB: model: critic_0, step: 832, train_lr: 0.000159959
TORCHFORT::WANDB: model: actor, step: 832, train_loss: -0.161612
TORCHFORT::WANDB: model: actor, step: 832, train_lr: 0.000159959
TORCHFORT::WANDB: model: alpha, step: 832, train_loss: -2.78858
TORCHFORT::WANDB: model: alpha, step: 832, train_lr: 0.0001
TORCHFORT::WANDB: model: critic_0, step: 833, train_loss: 0.08496
TORCHFORT::WANDB: model: critic_0, step: 833, train_lr: 0.0001601
TORCHFORT::WANDB: model: actor, step: 833, train_loss: -0.159587
TORCHFORT::WANDB: model: actor, step: 833, train_lr: 0.0001601
TORCHFORT::WANDB: model: alpha, step: 833, train_loss: -2.7782
TORCHFORT::WANDB: model: alpha, step: 833, train_lr: 0.0001
TORCHFORT::WANDB: model: critic_0, step: 834, train_loss: 0.0662074
TORCHFORT::WANDB: model: critic_0, step: 834, train_lr: 0.000160241
TORCHFORT::WANDB: model: actor, step: 834, train_loss: -0.165357
TORCHFORT::WANDB: model: actor, step: 834, train_lr: 0.000160241
TORCHFORT::WANDB: model: alpha, step: 834, train_loss: -2.79645
TORCHFORT::WANDB: model: alpha, step: 834, train_lr: 0.0001
TORCHFORT::WANDB: model: critic_0, step: 835, train_loss: 0.134206
TORCHFORT::WANDB: model: critic_0, step: 835, train_lr: 0.000160383
TORCHFORT::WANDB: model: actor, step: 835, train_loss: -0.163771
TORCHFORT::WANDB: model: actor, step: 835, train_lr: 0.000160383
TORCHFORT::WANDB: model: alpha, step: 835, train_loss: -2.84739
TORCHFORT::WANDB: model: alpha, step: 835, train_lr: 0.0001
TORCHFORT::WANDB: model: critic_0, step: 836, train_loss: 0.0930495
TORCHFORT::WANDB: model: critic_0, step: 836, train_lr: 0.000160524
TORCHFORT::WANDB: model: actor, step: 836, train_loss: -0.153701
TORCHFORT::WANDB: model: actor, step: 836, train_lr: 0.000160524
TORCHFORT::WANDB: model: alpha, step: 836, train_loss: -2.68744
TORCHFORT::WANDB: model: alpha, step: 836, train_lr: 0.0001
TORCHFORT::WANDB: model: critic_0, step: 837, train_loss: 0.0667082
TORCHFORT::WANDB: model: critic_0, step: 837, train_lr: 0.000160666
TORCHFORT::WANDB: model: actor, step: 837, train_loss: -0.180653
TORCHFORT::WANDB: model: actor, step: 837, train_lr: 0.000160666
TORCHFORT::WANDB: model: alpha, step: 837, train_loss: -2.729
TORCHFORT::WANDB: model: alpha, step: 837, train_lr: 0.0001
TORCHFORT::WANDB: model: critic_0, step: 838, train_loss: 0.0892247
TORCHFORT::WANDB: model: critic_0, step: 838, train_lr: 0.000160808
TORCHFORT::WANDB: model: actor, step: 838, train_loss: -0.17623
TORCHFORT::WANDB: model: actor, step: 838, train_lr: 0.000160808
TORCHFORT::WANDB: model: alpha, step: 838, train_loss: -2.76425
TORCHFORT::WANDB: model: alpha, step: 838, train_lr: 0.0001
TORCHFORT::WANDB: model: critic_0, step: 839, train_loss: 0.0655539
TORCHFORT::WANDB: model: critic_0, step: 839, train_lr: 0.00016095
TORCHFORT::WANDB: model: actor, step: 839, train_loss: -0.165941
TORCHFORT::WANDB: model: actor, step: 839, train_lr: 0.00016095
TORCHFORT::WANDB: model: alpha, step: 839, train_loss: -2.74174
TORCHFORT::WANDB: model: alpha, step: 839, train_lr: 0.0001
TORCHFORT::WANDB: model: critic_0, step: 840, train_loss: 0.102969
TORCHFORT::WANDB: model: critic_0, step: 840, train_lr: 0.000161092
TORCHFORT::WANDB: model: actor, step: 840, train_loss: -0.184913
TORCHFORT::WANDB: model: actor, step: 840, train_lr: 0.000161092
TORCHFORT::WANDB: model: alpha, step: 840, train_loss: -2.8237
TORCHFORT::WANDB: model: alpha, step: 840, train_lr: 0.0001
TORCHFORT::WANDB: model: critic_0, step: 841, train_loss: 0.083243
TORCHFORT::WANDB: model: critic_0, step: 841, train_lr: 0.000161234
TORCHFORT::WANDB: model: actor, step: 841, train_loss: -0.150066
TORCHFORT::WANDB: model: actor, step: 841, train_lr: 0.000161234
TORCHFORT::WANDB: model: alpha, step: 841, train_loss: -2.68449
TORCHFORT::WANDB: model: alpha, step: 841, train_lr: 0.0001
TORCHFORT::WANDB: model: critic_0, step: 842, train_loss: 0.0750706
TORCHFORT::WANDB: model: critic_0, step: 842, train_lr: 0.000161377
TORCHFORT::WANDB: model: actor, step: 842, train_loss: -0.161191
TORCHFORT::WANDB: model: actor, step: 842, train_lr: 0.000161377
TORCHFORT::WANDB: model: alpha, step: 842, train_loss: -2.79432
TORCHFORT::WANDB: model: alpha, step: 842, train_lr: 0.0001
TORCHFORT::WANDB: model: critic_0, step: 843, train_loss: 0.0924523
TORCHFORT::WANDB: model: critic_0, step: 843, train_lr: 0.00016152
TORCHFORT::WANDB: model: actor, step: 843, train_loss: -0.163099
TORCHFORT::WANDB: model: actor, step: 843, train_lr: 0.00016152
TORCHFORT::WANDB: model: alpha, step: 843, train_loss: -2.77783
TORCHFORT::WANDB: model: alpha, step: 843, train_lr: 0.0001
TORCHFORT::WANDB: model: critic_0, step: 844, train_loss: 0.0854922
TORCHFORT::WANDB: model: critic_0, step: 844, train_lr: 0.000161662
TORCHFORT::WANDB: model: actor, step: 844, train_loss: -0.170461
TORCHFORT::WANDB: model: actor, step: 844, train_lr: 0.000161662
TORCHFORT::WANDB: model: alpha, step: 844, train_loss: -2.73423
TORCHFORT::WANDB: model: alpha, step: 844, train_lr: 0.0001
TORCHFORT::WANDB: model: critic_0, step: 845, train_loss: 0.0848274
TORCHFORT::WANDB: model: critic_0, step: 845, train_lr: 0.000161805
TORCHFORT::WANDB: model: actor, step: 845, train_loss: -0.17512
TORCHFORT::WANDB: model: actor, step: 845, train_lr: 0.000161805
TORCHFORT::WANDB: model: alpha, step: 845, train_loss: -2.72523
TORCHFORT::WANDB: model: alpha, step: 845, train_lr: 0.0001
TORCHFORT::WANDB: model: critic_0, step: 846, train_loss: 0.125228
TORCHFORT::WANDB: model: critic_0, step: 846, train_lr: 0.000161948
TORCHFORT::WANDB: model: actor, step: 846, train_loss: -0.182497
TORCHFORT::WANDB: model: actor, step: 846, train_lr: 0.000161948
TORCHFORT::WANDB: model: alpha, step: 846, train_loss: -2.75865
TORCHFORT::WANDB: model: alpha, step: 846, train_lr: 0.0001
TORCHFORT::WANDB: model: critic_0, step: 847, train_loss: 0.154675
TORCHFORT::WANDB: model: critic_0, step: 847, train_lr: 0.000162092
TORCHFORT::WANDB: model: actor, step: 847, train_loss: -0.180508
TORCHFORT::WANDB: model: actor, step: 847, train_lr: 0.000162092
TORCHFORT::WANDB: model: alpha, step: 847, train_loss: -2.74604
TORCHFORT::WANDB: model: alpha, step: 847, train_lr: 0.0001
TORCHFORT::WANDB: model: critic_0, step: 848, train_loss: 0.129038
TORCHFORT::WANDB: model: critic_0, step: 848, train_lr: 0.000162235
TORCHFORT::WANDB: model: actor, step: 848, train_loss: -0.15377
TORCHFORT::WANDB: model: actor, step: 848, train_lr: 0.000162235
TORCHFORT::WANDB: model: alpha, step: 848, train_loss: -2.69646
TORCHFORT::WANDB: model: alpha, step: 848, train_lr: 0.0001
TORCHFORT::WANDB: model: critic_0, step: 849, train_loss: 0.0846756
TORCHFORT::WANDB: model: critic_0, step: 849, train_lr: 0.000162379
TORCHFORT::WANDB: model: actor, step: 849, train_loss: -0.169243
TORCHFORT::WANDB: model: actor, step: 849, train_lr: 0.000162379
TORCHFORT::WANDB: model: alpha, step: 849, train_loss: -2.73267
TORCHFORT::WANDB: model: alpha, step: 849, train_lr: 0.0001
TORCHFORT::WANDB: model: critic_0, step: 850, train_loss: 0.0958738
TORCHFORT::WANDB: model: critic_0, step: 850, train_lr: 0.000162522
TORCHFORT::WANDB: model: actor, step: 850, train_loss: -0.170891
TORCHFORT::WANDB: model: actor, step: 850, train_lr: 0.000162522
TORCHFORT::WANDB: model: alpha, step: 850, train_loss: -2.85725
TORCHFORT::WANDB: model: alpha, step: 850, train_lr: 0.0001
TORCHFORT::WANDB: model: critic_0, step: 851, train_loss: 0.0996169
TORCHFORT::WANDB: model: critic_0, step: 851, train_lr: 0.000162666
TORCHFORT::WANDB: model: actor, step: 851, train_loss: -0.166582
TORCHFORT::WANDB: model: actor, step: 851, train_lr: 0.000162666
TORCHFORT::WANDB: model: alpha, step: 851, train_loss: -2.72502
TORCHFORT::WANDB: model: alpha, step: 851, train_lr: 0.0001
TORCHFORT::WANDB: model: critic_0, step: 852, train_loss: 0.103264
TORCHFORT::WANDB: model: critic_0, step: 852, train_lr: 0.00016281
TORCHFORT::WANDB: model: actor, step: 852, train_loss: -0.170785
TORCHFORT::WANDB: model: actor, step: 852, train_lr: 0.00016281
TORCHFORT::WANDB: model: alpha, step: 852, train_loss: -2.77479
TORCHFORT::WANDB: model: alpha, step: 852, train_lr: 0.0001
TORCHFORT::WANDB: model: critic_0, step: 853, train_loss: 0.132017
TORCHFORT::WANDB: model: critic_0, step: 853, train_lr: 0.000162954
TORCHFORT::WANDB: model: actor, step: 853, train_loss: -0.16911
TORCHFORT::WANDB: model: actor, step: 853, train_lr: 0.000162954
TORCHFORT::WANDB: model: alpha, step: 853, train_loss: -2.6757
TORCHFORT::WANDB: model: alpha, step: 853, train_lr: 0.0001
TORCHFORT::WANDB: model: critic_0, step: 854, train_loss: 0.0870978
TORCHFORT::WANDB: model: critic_0, step: 854, train_lr: 0.000163099
TORCHFORT::WANDB: model: actor, step: 854, train_loss: -0.174647
TORCHFORT::WANDB: model: actor, step: 854, train_lr: 0.000163099
TORCHFORT::WANDB: model: alpha, step: 854, train_loss: -2.78166
TORCHFORT::WANDB: model: alpha, step: 854, train_lr: 0.0001
TORCHFORT::WANDB: model: critic_0, step: 855, train_loss: 0.0952697
TORCHFORT::WANDB: model: critic_0, step: 855, train_lr: 0.000163243
TORCHFORT::WANDB: model: actor, step: 855, train_loss: -0.172159
TORCHFORT::WANDB: model: actor, step: 855, train_lr: 0.000163243
TORCHFORT::WANDB: model: alpha, step: 855, train_loss: -2.75893
TORCHFORT::WANDB: model: alpha, step: 855, train_lr: 0.0001
TORCHFORT::WANDB: model: critic_0, step: 856, train_loss: 0.119844
TORCHFORT::WANDB: model: critic_0, step: 856, train_lr: 0.000163388
TORCHFORT::WANDB: model: actor, step: 856, train_loss: -0.177894
TORCHFORT::WANDB: model: actor, step: 856, train_lr: 0.000163388
TORCHFORT::WANDB: model: alpha, step: 856, train_loss: -2.78098
TORCHFORT::WANDB: model: alpha, step: 856, train_lr: 0.0001
TORCHFORT::WANDB: model: critic_0, step: 857, train_loss: 0.0751842
TORCHFORT::WANDB: model: critic_0, step: 857, train_lr: 0.000163532
TORCHFORT::WANDB: model: actor, step: 857, train_loss: -0.189785
TORCHFORT::WANDB: model: actor, step: 857, train_lr: 0.000163532
TORCHFORT::WANDB: model: alpha, step: 857, train_loss: -2.71197
TORCHFORT::WANDB: model: alpha, step: 857, train_lr: 0.0001
TORCHFORT::WANDB: model: critic_0, step: 858, train_loss: 0.0734703
TORCHFORT::WANDB: model: critic_0, step: 858, train_lr: 0.000163677
TORCHFORT::WANDB: model: actor, step: 858, train_loss: -0.169989
TORCHFORT::WANDB: model: actor, step: 858, train_lr: 0.000163677
TORCHFORT::WANDB: model: alpha, step: 858, train_loss: -2.77125
TORCHFORT::WANDB: model: alpha, step: 858, train_lr: 0.0001
TORCHFORT::WANDB: model: critic_0, step: 859, train_loss: 0.136211
TORCHFORT::WANDB: model: critic_0, step: 859, train_lr: 0.000163822
TORCHFORT::WANDB: model: actor, step: 859, train_loss: -0.16459
TORCHFORT::WANDB: model: actor, step: 859, train_lr: 0.000163822
TORCHFORT::WANDB: model: alpha, step: 859, train_loss: -2.82833
TORCHFORT::WANDB: model: alpha, step: 859, train_lr: 0.0001
TORCHFORT::WANDB: model: critic_0, step: 860, train_loss: 0.0908209
TORCHFORT::WANDB: model: critic_0, step: 860, train_lr: 0.000163968
TORCHFORT::WANDB: model: actor, step: 860, train_loss: -0.178257
TORCHFORT::WANDB: model: actor, step: 860, train_lr: 0.000163968
TORCHFORT::WANDB: model: alpha, step: 860, train_loss: -2.80356
TORCHFORT::WANDB: model: alpha, step: 860, train_lr: 0.0001
TORCHFORT::WANDB: model: critic_0, step: 861, train_loss: 0.090463
TORCHFORT::WANDB: model: critic_0, step: 861, train_lr: 0.000164113
TORCHFORT::WANDB: model: actor, step: 861, train_loss: -0.169698
TORCHFORT::WANDB: model: actor, step: 861, train_lr: 0.000164113
TORCHFORT::WANDB: model: alpha, step: 861, train_loss: -2.7807
TORCHFORT::WANDB: model: alpha, step: 861, train_lr: 0.0001
TORCHFORT::WANDB: model: critic_0, step: 862, train_loss: 0.066568
TORCHFORT::WANDB: model: critic_0, step: 862, train_lr: 0.000164259
TORCHFORT::WANDB: model: actor, step: 862, train_loss: -0.173663
TORCHFORT::WANDB: model: actor, step: 862, train_lr: 0.000164259
TORCHFORT::WANDB: model: alpha, step: 862, train_loss: -2.81099
TORCHFORT::WANDB: model: alpha, step: 862, train_lr: 0.0001
TORCHFORT::WANDB: model: critic_0, step: 863, train_loss: 0.121892
TORCHFORT::WANDB: model: critic_0, step: 863, train_lr: 0.000164404
TORCHFORT::WANDB: model: actor, step: 863, train_loss: -0.154983
TORCHFORT::WANDB: model: actor, step: 863, train_lr: 0.000164404
TORCHFORT::WANDB: model: alpha, step: 863, train_loss: -2.77212
TORCHFORT::WANDB: model: alpha, step: 863, train_lr: 0.0001
TORCHFORT::WANDB: model: critic_0, step: 864, train_loss: 0.0900888
TORCHFORT::WANDB: model: critic_0, step: 864, train_lr: 0.00016455
TORCHFORT::WANDB: model: actor, step: 864, train_loss: -0.167127
TORCHFORT::WANDB: model: actor, step: 864, train_lr: 0.00016455
TORCHFORT::WANDB: model: alpha, step: 864, train_loss: -2.78837
TORCHFORT::WANDB: model: alpha, step: 864, train_lr: 0.0001
TORCHFORT::WANDB: model: critic_0, step: 865, train_loss: 0.0906629
TORCHFORT::WANDB: model: critic_0, step: 865, train_lr: 0.000164696
TORCHFORT::WANDB: model: actor, step: 865, train_loss: -0.171717
TORCHFORT::WANDB: model: actor, step: 865, train_lr: 0.000164696
TORCHFORT::WANDB: model: alpha, step: 865, train_loss: -2.84782
TORCHFORT::WANDB: model: alpha, step: 865, train_lr: 0.0001
TORCHFORT::WANDB: model: critic_0, step: 866, train_loss: 0.104891
TORCHFORT::WANDB: model: critic_0, step: 866, train_lr: 0.000164842
TORCHFORT::WANDB: model: actor, step: 866, train_loss: -0.170196
TORCHFORT::WANDB: model: actor, step: 866, train_lr: 0.000164842
TORCHFORT::WANDB: model: alpha, step: 866, train_loss: -2.76325
TORCHFORT::WANDB: model: alpha, step: 866, train_lr: 0.0001
TORCHFORT::WANDB: model: critic_0, step: 867, train_loss: 0.0998773
TORCHFORT::WANDB: model: critic_0, step: 867, train_lr: 0.000164988
TORCHFORT::WANDB: model: actor, step: 867, train_loss: -0.172221
TORCHFORT::WANDB: model: actor, step: 867, train_lr: 0.000164988
TORCHFORT::WANDB: model: alpha, step: 867, train_loss: -2.83362
TORCHFORT::WANDB: model: alpha, step: 867, train_lr: 0.0001
TORCHFORT::WANDB: model: critic_0, step: 868, train_loss: 0.0921149
TORCHFORT::WANDB: model: critic_0, step: 868, train_lr: 0.000165135
TORCHFORT::WANDB: model: actor, step: 868, train_loss: -0.146027
TORCHFORT::WANDB: model: actor, step: 868, train_lr: 0.000165135
TORCHFORT::WANDB: model: alpha, step: 868, train_loss: -2.85548
TORCHFORT::WANDB: model: alpha, step: 868, train_lr: 0.0001
TORCHFORT::WANDB: model: critic_0, step: 869, train_loss: 0.0775413
TORCHFORT::WANDB: model: critic_0, step: 869, train_lr: 0.000165282
TORCHFORT::WANDB: model: actor, step: 869, train_loss: -0.171412
TORCHFORT::WANDB: model: actor, step: 869, train_lr: 0.000165282
TORCHFORT::WANDB: model: alpha, step: 869, train_loss: -2.75925
TORCHFORT::WANDB: model: alpha, step: 869, train_lr: 0.0001
TORCHFORT::WANDB: model: critic_0, step: 870, train_loss: 0.0784399
TORCHFORT::WANDB: model: critic_0, step: 870, train_lr: 0.000165428
TORCHFORT::WANDB: model: actor, step: 870, train_loss: -0.170045
TORCHFORT::WANDB: model: actor, step: 870, train_lr: 0.000165428
TORCHFORT::WANDB: model: alpha, step: 870, train_loss: -2.81142
TORCHFORT::WANDB: model: alpha, step: 870, train_lr: 0.0001
TORCHFORT::WANDB: model: critic_0, step: 871, train_loss: 0.0719835
TORCHFORT::WANDB: model: critic_0, step: 871, train_lr: 0.000165575
TORCHFORT::WANDB: model: actor, step: 871, train_loss: -0.164844
TORCHFORT::WANDB: model: actor, step: 871, train_lr: 0.000165575
TORCHFORT::WANDB: model: alpha, step: 871, train_loss: -2.78471
TORCHFORT::WANDB: model: alpha, step: 871, train_lr: 0.0001
TORCHFORT::WANDB: model: critic_0, step: 872, train_loss: 0.130868
TORCHFORT::WANDB: model: critic_0, step: 872, train_lr: 0.000165722
TORCHFORT::WANDB: model: actor, step: 872, train_loss: -0.162777
TORCHFORT::WANDB: model: actor, step: 872, train_lr: 0.000165722
TORCHFORT::WANDB: model: alpha, step: 872, train_loss: -2.80641
TORCHFORT::WANDB: model: alpha, step: 872, train_lr: 0.0001
TORCHFORT::WANDB: model: critic_0, step: 873, train_loss: 0.0724683
TORCHFORT::WANDB: model: critic_0, step: 873, train_lr: 0.000165869
TORCHFORT::WANDB: model: actor, step: 873, train_loss: -0.166265
TORCHFORT::WANDB: model: actor, step: 873, train_lr: 0.000165869
TORCHFORT::WANDB: model: alpha, step: 873, train_loss: -2.77374
TORCHFORT::WANDB: model: alpha, step: 873, train_lr: 0.0001
TORCHFORT::WANDB: model: critic_0, step: 874, train_loss: 0.0891941
TORCHFORT::WANDB: model: critic_0, step: 874, train_lr: 0.000166017
TORCHFORT::WANDB: model: actor, step: 874, train_loss: -0.169121
TORCHFORT::WANDB: model: actor, step: 874, train_lr: 0.000166017
TORCHFORT::WANDB: model: alpha, step: 874, train_loss: -2.89548
TORCHFORT::WANDB: model: alpha, step: 874, train_lr: 0.0001
TORCHFORT::WANDB: model: critic_0, step: 875, train_loss: 0.107906
TORCHFORT::WANDB: model: critic_0, step: 875, train_lr: 0.000166164
TORCHFORT::WANDB: model: actor, step: 875, train_loss: -0.164409
TORCHFORT::WANDB: model: actor, step: 875, train_lr: 0.000166164
TORCHFORT::WANDB: model: alpha, step: 875, train_loss: -2.76903
TORCHFORT::WANDB: model: alpha, step: 875, train_lr: 0.0001
TORCHFORT::WANDB: model: critic_0, step: 876, train_loss: 0.0906713
TORCHFORT::WANDB: model: critic_0, step: 876, train_lr: 0.000166312
TORCHFORT::WANDB: model: actor, step: 876, train_loss: -0.132795
TORCHFORT::WANDB: model: actor, step: 876, train_lr: 0.000166312
TORCHFORT::WANDB: model: alpha, step: 876, train_loss: -2.80215
TORCHFORT::WANDB: model: alpha, step: 876, train_lr: 0.0001
TORCHFORT::WANDB: model: critic_0, step: 877, train_loss: 0.145616
TORCHFORT::WANDB: model: critic_0, step: 877, train_lr: 0.00016646
TORCHFORT::WANDB: model: actor, step: 877, train_loss: -0.158231
TORCHFORT::WANDB: model: actor, step: 877, train_lr: 0.00016646
TORCHFORT::WANDB: model: alpha, step: 877, train_loss: -2.77636
TORCHFORT::WANDB: model: alpha, step: 877, train_lr: 0.0001
TORCHFORT::WANDB: model: critic_0, step: 878, train_loss: 0.114202
TORCHFORT::WANDB: model: critic_0, step: 878, train_lr: 0.000166608
TORCHFORT::WANDB: model: actor, step: 878, train_loss: -0.150818
TORCHFORT::WANDB: model: actor, step: 878, train_lr: 0.000166608
TORCHFORT::WANDB: model: alpha, step: 878, train_loss: -2.78171
TORCHFORT::WANDB: model: alpha, step: 878, train_lr: 0.0001
TORCHFORT::WANDB: model: critic_0, step: 879, train_loss: 0.0798726
TORCHFORT::WANDB: model: critic_0, step: 879, train_lr: 0.000166756
TORCHFORT::WANDB: model: actor, step: 879, train_loss: -0.155318
TORCHFORT::WANDB: model: actor, step: 879, train_lr: 0.000166756
TORCHFORT::WANDB: model: alpha, step: 879, train_loss: -2.77788
TORCHFORT::WANDB: model: alpha, step: 879, train_lr: 0.0001
TORCHFORT::WANDB: model: critic_0, step: 880, train_loss: 0.0852289
TORCHFORT::WANDB: model: critic_0, step: 880, train_lr: 0.000166904
TORCHFORT::WANDB: model: actor, step: 880, train_loss: -0.161534
TORCHFORT::WANDB: model: actor, step: 880, train_lr: 0.000166904
TORCHFORT::WANDB: model: alpha, step: 880, train_loss: -2.76108
TORCHFORT::WANDB: model: alpha, step: 880, train_lr: 0.0001
TORCHFORT::WANDB: model: critic_0, step: 881, train_loss: 0.111653
TORCHFORT::WANDB: model: critic_0, step: 881, train_lr: 0.000167052
TORCHFORT::WANDB: model: actor, step: 881, train_loss: -0.151208
TORCHFORT::WANDB: model: actor, step: 881, train_lr: 0.000167052
TORCHFORT::WANDB: model: alpha, step: 881, train_loss: -2.80522
TORCHFORT::WANDB: model: alpha, step: 881, train_lr: 0.0001
TORCHFORT::WANDB: model: critic_0, step: 882, train_loss: 0.102118
TORCHFORT::WANDB: model: critic_0, step: 882, train_lr: 0.000167201
TORCHFORT::WANDB: model: actor, step: 882, train_loss: -0.164623
TORCHFORT::WANDB: model: actor, step: 882, train_lr: 0.000167201
TORCHFORT::WANDB: model: alpha, step: 882, train_loss: -2.79373
TORCHFORT::WANDB: model: alpha, step: 882, train_lr: 0.0001
TORCHFORT::WANDB: model: critic_0, step: 883, train_loss: 0.113074
TORCHFORT::WANDB: model: critic_0, step: 883, train_lr: 0.00016735
TORCHFORT::WANDB: model: actor, step: 883, train_loss: -0.158679
TORCHFORT::WANDB: model: actor, step: 883, train_lr: 0.00016735
TORCHFORT::WANDB: model: alpha, step: 883, train_loss: -2.82684
TORCHFORT::WANDB: model: alpha, step: 883, train_lr: 0.0001
TORCHFORT::WANDB: model: critic_0, step: 884, train_loss: 0.0662013
TORCHFORT::WANDB: model: critic_0, step: 884, train_lr: 0.000167499
TORCHFORT::WANDB: model: actor, step: 884, train_loss: -0.181013
TORCHFORT::WANDB: model: actor, step: 884, train_lr: 0.000167499
TORCHFORT::WANDB: model: alpha, step: 884, train_loss: -2.76052
TORCHFORT::WANDB: model: alpha, step: 884, train_lr: 0.0001
TORCHFORT::WANDB: model: critic_0, step: 885, train_loss: 0.0606759
TORCHFORT::WANDB: model: critic_0, step: 885, train_lr: 0.000167648
TORCHFORT::WANDB: model: actor, step: 885, train_loss: -0.164842
TORCHFORT::WANDB: model: actor, step: 885, train_lr: 0.000167648
TORCHFORT::WANDB: model: alpha, step: 885, train_loss: -2.77332
TORCHFORT::WANDB: model: alpha, step: 885, train_lr: 0.0001
TORCHFORT::WANDB: model: critic_0, step: 886, train_loss: 0.120021
TORCHFORT::WANDB: model: critic_0, step: 886, train_lr: 0.000167797
TORCHFORT::WANDB: model: actor, step: 886, train_loss: -0.159755
TORCHFORT::WANDB: model: actor, step: 886, train_lr: 0.000167797
TORCHFORT::WANDB: model: alpha, step: 886, train_loss: -2.72082
TORCHFORT::WANDB: model: alpha, step: 886, train_lr: 0.0001
TORCHFORT::WANDB: model: critic_0, step: 887, train_loss: 0.0581358
TORCHFORT::WANDB: model: critic_0, step: 887, train_lr: 0.000167946
TORCHFORT::WANDB: model: actor, step: 887, train_loss: -0.160925
TORCHFORT::WANDB: model: actor, step: 887, train_lr: 0.000167946
TORCHFORT::WANDB: model: alpha, step: 887, train_loss: -2.74321
TORCHFORT::WANDB: model: alpha, step: 887, train_lr: 0.0001
TORCHFORT::WANDB: model: critic_0, step: 888, train_loss: 0.10457
TORCHFORT::WANDB: model: critic_0, step: 888, train_lr: 0.000168096
TORCHFORT::WANDB: model: actor, step: 888, train_loss: -0.166395
TORCHFORT::WANDB: model: actor, step: 888, train_lr: 0.000168096
TORCHFORT::WANDB: model: alpha, step: 888, train_loss: -2.75492
TORCHFORT::WANDB: model: alpha, step: 888, train_lr: 0.0001
TORCHFORT::WANDB: model: critic_0, step: 889, train_loss: 0.106463
TORCHFORT::WANDB: model: critic_0, step: 889, train_lr: 0.000168245
TORCHFORT::WANDB: model: actor, step: 889, train_loss: -0.161118
TORCHFORT::WANDB: model: actor, step: 889, train_lr: 0.000168245
TORCHFORT::WANDB: model: alpha, step: 889, train_loss: -2.78308
TORCHFORT::WANDB: model: alpha, step: 889, train_lr: 0.0001
TORCHFORT::WANDB: model: critic_0, step: 890, train_loss: 0.158293
TORCHFORT::WANDB: model: critic_0, step: 890, train_lr: 0.000168395
TORCHFORT::WANDB: model: actor, step: 890, train_loss: -0.157151
TORCHFORT::WANDB: model: actor, step: 890, train_lr: 0.000168395
TORCHFORT::WANDB: model: alpha, step: 890, train_loss: -2.69894
TORCHFORT::WANDB: model: alpha, step: 890, train_lr: 0.0001
TORCHFORT::WANDB: model: critic_0, step: 891, train_loss: 0.0923354
TORCHFORT::WANDB: model: critic_0, step: 891, train_lr: 0.000168545
TORCHFORT::WANDB: model: actor, step: 891, train_loss: -0.168074
TORCHFORT::WANDB: model: actor, step: 891, train_lr: 0.000168545
TORCHFORT::WANDB: model: alpha, step: 891, train_loss: -2.72426
TORCHFORT::WANDB: model: alpha, step: 891, train_lr: 0.0001
TORCHFORT::WANDB: model: critic_0, step: 892, train_loss: 0.0974306
TORCHFORT::WANDB: model: critic_0, step: 892, train_lr: 0.000168695
TORCHFORT::WANDB: model: actor, step: 892, train_loss: -0.179055
TORCHFORT::WANDB: model: actor, step: 892, train_lr: 0.000168695
TORCHFORT::WANDB: model: alpha, step: 892, train_loss: -2.63846
TORCHFORT::WANDB: model: alpha, step: 892, train_lr: 0.0001
TORCHFORT::WANDB: model: critic_0, step: 893, train_loss: 0.0950665
TORCHFORT::WANDB: model: critic_0, step: 893, train_lr: 0.000168845
TORCHFORT::WANDB: model: actor, step: 893, train_loss: -0.164135
TORCHFORT::WANDB: model: actor, step: 893, train_lr: 0.000168845
TORCHFORT::WANDB: model: alpha, step: 893, train_loss: -2.75615
TORCHFORT::WANDB: model: alpha, step: 893, train_lr: 0.0001
TORCHFORT::WANDB: model: critic_0, step: 894, train_loss: 0.0704528
TORCHFORT::WANDB: model: critic_0, step: 894, train_lr: 0.000168996
TORCHFORT::WANDB: model: actor, step: 894, train_loss: -0.178118
TORCHFORT::WANDB: model: actor, step: 894, train_lr: 0.000168996
TORCHFORT::WANDB: model: alpha, step: 894, train_loss: -2.78655
TORCHFORT::WANDB: model: alpha, step: 894, train_lr: 0.0001
TORCHFORT::WANDB: model: critic_0, step: 895, train_loss: 0.0733465
TORCHFORT::WANDB: model: critic_0, step: 895, train_lr: 0.000169146
TORCHFORT::WANDB: model: actor, step: 895, train_loss: -0.175149
TORCHFORT::WANDB: model: actor, step: 895, train_lr: 0.000169146
TORCHFORT::WANDB: model: alpha, step: 895, train_loss: -2.7415
TORCHFORT::WANDB: model: alpha, step: 895, train_lr: 0.0001
TORCHFORT::WANDB: model: critic_0, step: 896, train_loss: 0.0771015
TORCHFORT::WANDB: model: critic_0, step: 896, train_lr: 0.000169297
TORCHFORT::WANDB: model: actor, step: 896, train_loss: -0.183902
TORCHFORT::WANDB: model: actor, step: 896, train_lr: 0.000169297
TORCHFORT::WANDB: model: alpha, step: 896, train_loss: -2.803
TORCHFORT::WANDB: model: alpha, step: 896, train_lr: 0.0001
TORCHFORT::WANDB: model: critic_0, step: 897, train_loss: 0.08514
TORCHFORT::WANDB: model: critic_0, step: 897, train_lr: 0.000169448
TORCHFORT::WANDB: model: actor, step: 897, train_loss: -0.180776
TORCHFORT::WANDB: model: actor, step: 897, train_lr: 0.000169448
TORCHFORT::WANDB: model: alpha, step: 897, train_loss: -2.79641
TORCHFORT::WANDB: model: alpha, step: 897, train_lr: 0.0001
TORCHFORT::WANDB: model: critic_0, step: 898, train_loss: 0.0623511
TORCHFORT::WANDB: model: critic_0, step: 898, train_lr: 0.000169599
TORCHFORT::WANDB: model: actor, step: 898, train_loss: -0.159909
TORCHFORT::WANDB: model: actor, step: 898, train_lr: 0.000169599
TORCHFORT::WANDB: model: alpha, step: 898, train_loss: -2.74185
TORCHFORT::WANDB: model: alpha, step: 898, train_lr: 0.0001
TORCHFORT::WANDB: model: critic_0, step: 899, train_loss: 0.0579038
TORCHFORT::WANDB: model: critic_0, step: 899, train_lr: 0.00016975
TORCHFORT::WANDB: model: actor, step: 899, train_loss: -0.176641
TORCHFORT::WANDB: model: actor, step: 899, train_lr: 0.00016975
TORCHFORT::WANDB: model: alpha, step: 899, train_loss: -2.72311
TORCHFORT::WANDB: model: alpha, step: 899, train_lr: 0.0001
TORCHFORT::WANDB: model: critic_0, step: 900, train_loss: 0.138037
TORCHFORT::WANDB: model: critic_0, step: 900, train_lr: 0.000169901
TORCHFORT::WANDB: model: actor, step: 900, train_loss: -0.166274
TORCHFORT::WANDB: model: actor, step: 900, train_lr: 0.000169901
TORCHFORT::WANDB: model: alpha, step: 900, train_loss: -2.77802
TORCHFORT::WANDB: model: alpha, step: 900, train_lr: 0.0001
TORCHFORT::WANDB: model: rlwm, step: 9, reward_sum: 1448.71
TORCHFORT::WANDB: model: rlwm, step: 9, policy_loss: -0.166274
TORCHFORT::WANDB: model: rlwm, step: 9, critic_loss: 0.138037
TORCHFORT::WANDB: model: critic_0, step: 901, train_loss: 0.0767639
TORCHFORT::WANDB: model: critic_0, step: 901, train_lr: 0.000170052
TORCHFORT::WANDB: model: actor, step: 901, train_loss: -0.138968
TORCHFORT::WANDB: model: actor, step: 901, train_lr: 0.000170052
TORCHFORT::WANDB: model: alpha, step: 901, train_loss: -2.65976
TORCHFORT::WANDB: model: alpha, step: 901, train_lr: 0.0001
TORCHFORT::WANDB: model: critic_0, step: 902, train_loss: 0.0747772
TORCHFORT::WANDB: model: critic_0, step: 902, train_lr: 0.000170204
TORCHFORT::WANDB: model: actor, step: 902, train_loss: -0.165637
TORCHFORT::WANDB: model: actor, step: 902, train_lr: 0.000170204
TORCHFORT::WANDB: model: alpha, step: 902, train_loss: -2.79007
TORCHFORT::WANDB: model: alpha, step: 902, train_lr: 0.0001
TORCHFORT::WANDB: model: critic_0, step: 903, train_loss: 0.0674303
TORCHFORT::WANDB: model: critic_0, step: 903, train_lr: 0.000170356
TORCHFORT::WANDB: model: actor, step: 903, train_loss: -0.167047
TORCHFORT::WANDB: model: actor, step: 903, train_lr: 0.000170356
TORCHFORT::WANDB: model: alpha, step: 903, train_loss: -2.75758
TORCHFORT::WANDB: model: alpha, step: 903, train_lr: 0.0001
TORCHFORT::WANDB: model: critic_0, step: 904, train_loss: 0.0728913
TORCHFORT::WANDB: model: critic_0, step: 904, train_lr: 0.000170508
TORCHFORT::WANDB: model: actor, step: 904, train_loss: -0.163666
TORCHFORT::WANDB: model: actor, step: 904, train_lr: 0.000170508
TORCHFORT::WANDB: model: alpha, step: 904, train_loss: -2.90803
TORCHFORT::WANDB: model: alpha, step: 904, train_lr: 0.0001
TORCHFORT::WANDB: model: critic_0, step: 905, train_loss: 0.103416
TORCHFORT::WANDB: model: critic_0, step: 905, train_lr: 0.00017066
TORCHFORT::WANDB: model: actor, step: 905, train_loss: -0.171845
TORCHFORT::WANDB: model: actor, step: 905, train_lr: 0.00017066
TORCHFORT::WANDB: model: alpha, step: 905, train_loss: -2.79335
TORCHFORT::WANDB: model: alpha, step: 905, train_lr: 0.0001
TORCHFORT::WANDB: model: critic_0, step: 906, train_loss: 0.150252
TORCHFORT::WANDB: model: critic_0, step: 906, train_lr: 0.000170812
TORCHFORT::WANDB: model: actor, step: 906, train_loss: -0.163137
TORCHFORT::WANDB: model: actor, step: 906, train_lr: 0.000170812
TORCHFORT::WANDB: model: alpha, step: 906, train_loss: -2.83294
TORCHFORT::WANDB: model: alpha, step: 906, train_lr: 0.0001
TORCHFORT::WANDB: model: critic_0, step: 907, train_loss: 0.0910757
TORCHFORT::WANDB: model: critic_0, step: 907, train_lr: 0.000170964
TORCHFORT::WANDB: model: actor, step: 907, train_loss: -0.150615
TORCHFORT::WANDB: model: actor, step: 907, train_lr: 0.000170964
TORCHFORT::WANDB: model: alpha, step: 907, train_loss: -2.76449
TORCHFORT::WANDB: model: alpha, step: 907, train_lr: 0.0001
TORCHFORT::WANDB: model: critic_0, step: 908, train_loss: 0.0892605
TORCHFORT::WANDB: model: critic_0, step: 908, train_lr: 0.000171117
TORCHFORT::WANDB: model: actor, step: 908, train_loss: -0.151226
TORCHFORT::WANDB: model: actor, step: 908, train_lr: 0.000171117
TORCHFORT::WANDB: model: alpha, step: 908, train_loss: -2.85512
TORCHFORT::WANDB: model: alpha, step: 908, train_lr: 0.0001
TORCHFORT::WANDB: model: critic_0, step: 909, train_loss: 0.097989
TORCHFORT::WANDB: model: critic_0, step: 909, train_lr: 0.000171269
TORCHFORT::WANDB: model: actor, step: 909, train_loss: -0.189078
TORCHFORT::WANDB: model: actor, step: 909, train_lr: 0.000171269
TORCHFORT::WANDB: model: alpha, step: 909, train_loss: -2.8994
TORCHFORT::WANDB: model: alpha, step: 909, train_lr: 0.0001
TORCHFORT::WANDB: model: critic_0, step: 910, train_loss: 0.0631257
TORCHFORT::WANDB: model: critic_0, step: 910, train_lr: 0.000171422
TORCHFORT::WANDB: model: actor, step: 910, train_loss: -0.160478
TORCHFORT::WANDB: model: actor, step: 910, train_lr: 0.000171422
TORCHFORT::WANDB: model: alpha, step: 910, train_loss: -2.7909
TORCHFORT::WANDB: model: alpha, step: 910, train_lr: 0.0001
TORCHFORT::WANDB: model: critic_0, step: 911, train_loss: 0.0823992
TORCHFORT::WANDB: model: critic_0, step: 911, train_lr: 0.000171575
TORCHFORT::WANDB: model: actor, step: 911, train_loss: -0.147911
TORCHFORT::WANDB: model: actor, step: 911, train_lr: 0.000171575
TORCHFORT::WANDB: model: alpha, step: 911, train_loss: -2.81417
TORCHFORT::WANDB: model: alpha, step: 911, train_lr: 0.0001
TORCHFORT::WANDB: model: critic_0, step: 912, train_loss: 0.1077
TORCHFORT::WANDB: model: critic_0, step: 912, train_lr: 0.000171728
TORCHFORT::WANDB: model: actor, step: 912, train_loss: -0.166007
TORCHFORT::WANDB: model: actor, step: 912, train_lr: 0.000171728
TORCHFORT::WANDB: model: alpha, step: 912, train_loss: -2.8098
TORCHFORT::WANDB: model: alpha, step: 912, train_lr: 0.0001
TORCHFORT::WANDB: model: critic_0, step: 913, train_loss: 0.136026
TORCHFORT::WANDB: model: critic_0, step: 913, train_lr: 0.000171881
TORCHFORT::WANDB: model: actor, step: 913, train_loss: -0.169541
TORCHFORT::WANDB: model: actor, step: 913, train_lr: 0.000171881
TORCHFORT::WANDB: model: alpha, step: 913, train_loss: -2.8299
TORCHFORT::WANDB: model: alpha, step: 913, train_lr: 0.0001
TORCHFORT::WANDB: model: critic_0, step: 914, train_loss: 0.0874599
TORCHFORT::WANDB: model: critic_0, step: 914, train_lr: 0.000172035
TORCHFORT::WANDB: model: actor, step: 914, train_loss: -0.16444
TORCHFORT::WANDB: model: actor, step: 914, train_lr: 0.000172035
TORCHFORT::WANDB: model: alpha, step: 914, train_loss: -2.67612
TORCHFORT::WANDB: model: alpha, step: 914, train_lr: 0.0001
TORCHFORT::WANDB: model: critic_0, step: 915, train_loss: 0.132027
TORCHFORT::WANDB: model: critic_0, step: 915, train_lr: 0.000172188
TORCHFORT::WANDB: model: actor, step: 915, train_loss: -0.174194
TORCHFORT::WANDB: model: actor, step: 915, train_lr: 0.000172188
TORCHFORT::WANDB: model: alpha, step: 915, train_loss: -2.74732
TORCHFORT::WANDB: model: alpha, step: 915, train_lr: 0.0001
TORCHFORT::WANDB: model: critic_0, step: 916, train_loss: 0.0530917
TORCHFORT::WANDB: model: critic_0, step: 916, train_lr: 0.000172342
TORCHFORT::WANDB: model: actor, step: 916, train_loss: -0.164646
TORCHFORT::WANDB: model: actor, step: 916, train_lr: 0.000172342
TORCHFORT::WANDB: model: alpha, step: 916, train_loss: -2.70368
TORCHFORT::WANDB: model: alpha, step: 916, train_lr: 0.0001
TORCHFORT::WANDB: model: critic_0, step: 917, train_loss: 0.0781583
TORCHFORT::WANDB: model: critic_0, step: 917, train_lr: 0.000172496
TORCHFORT::WANDB: model: actor, step: 917, train_loss: -0.18499
TORCHFORT::WANDB: model: actor, step: 917, train_lr: 0.000172496
TORCHFORT::WANDB: model: alpha, step: 917, train_loss: -2.75181
TORCHFORT::WANDB: model: alpha, step: 917, train_lr: 0.0001
TORCHFORT::WANDB: model: critic_0, step: 918, train_loss: 0.147862
TORCHFORT::WANDB: model: critic_0, step: 918, train_lr: 0.00017265
TORCHFORT::WANDB: model: actor, step: 918, train_loss: -0.172191
TORCHFORT::WANDB: model: actor, step: 918, train_lr: 0.00017265
TORCHFORT::WANDB: model: alpha, step: 918, train_loss: -2.79355
TORCHFORT::WANDB: model: alpha, step: 918, train_lr: 0.0001
TORCHFORT::WANDB: model: critic_0, step: 919, train_loss: 0.0810376
TORCHFORT::WANDB: model: critic_0, step: 919, train_lr: 0.000172804
TORCHFORT::WANDB: model: actor, step: 919, train_loss: -0.173202
TORCHFORT::WANDB: model: actor, step: 919, train_lr: 0.000172804
TORCHFORT::WANDB: model: alpha, step: 919, train_loss: -2.85757
TORCHFORT::WANDB: model: alpha, step: 919, train_lr: 0.0001
TORCHFORT::WANDB: model: critic_0, step: 920, train_loss: 0.0534646
TORCHFORT::WANDB: model: critic_0, step: 920, train_lr: 0.000172958
TORCHFORT::WANDB: model: actor, step: 920, train_loss: -0.167095
TORCHFORT::WANDB: model: actor, step: 920, train_lr: 0.000172958
TORCHFORT::WANDB: model: alpha, step: 920, train_loss: -2.82295
TORCHFORT::WANDB: model: alpha, step: 920, train_lr: 0.0001
TORCHFORT::WANDB: model: critic_0, step: 921, train_loss: 0.101668
TORCHFORT::WANDB: model: critic_0, step: 921, train_lr: 0.000173112
TORCHFORT::WANDB: model: actor, step: 921, train_loss: -0.164719
TORCHFORT::WANDB: model: actor, step: 921, train_lr: 0.000173112
TORCHFORT::WANDB: model: alpha, step: 921, train_loss: -2.8282
TORCHFORT::WANDB: model: alpha, step: 921, train_lr: 0.0001
TORCHFORT::WANDB: model: critic_0, step: 922, train_loss: 0.0714781
TORCHFORT::WANDB: model: critic_0, step: 922, train_lr: 0.000173267
TORCHFORT::WANDB: model: actor, step: 922, train_loss: -0.160761
TORCHFORT::WANDB: model: actor, step: 922, train_lr: 0.000173267
TORCHFORT::WANDB: model: alpha, step: 922, train_loss: -2.79076
TORCHFORT::WANDB: model: alpha, step: 922, train_lr: 0.0001
TORCHFORT::WANDB: model: critic_0, step: 923, train_loss: 0.128088
TORCHFORT::WANDB: model: critic_0, step: 923, train_lr: 0.000173422
TORCHFORT::WANDB: model: actor, step: 923, train_loss: -0.159489
TORCHFORT::WANDB: model: actor, step: 923, train_lr: 0.000173422
TORCHFORT::WANDB: model: alpha, step: 923, train_loss: -2.774
TORCHFORT::WANDB: model: alpha, step: 923, train_lr: 0.0001
TORCHFORT::WANDB: model: critic_0, step: 924, train_loss: 0.0863605
TORCHFORT::WANDB: model: critic_0, step: 924, train_lr: 0.000173577
TORCHFORT::WANDB: model: actor, step: 924, train_loss: -0.165509
TORCHFORT::WANDB: model: actor, step: 924, train_lr: 0.000173577
TORCHFORT::WANDB: model: alpha, step: 924, train_loss: -2.66757
TORCHFORT::WANDB: model: alpha, step: 924, train_lr: 0.0001
TORCHFORT::WANDB: model: critic_0, step: 925, train_loss: 0.119018
TORCHFORT::WANDB: model: critic_0, step: 925, train_lr: 0.000173732
TORCHFORT::WANDB: model: actor, step: 925, train_loss: -0.167773
TORCHFORT::WANDB: model: actor, step: 925, train_lr: 0.000173732
TORCHFORT::WANDB: model: alpha, step: 925, train_loss: -2.7251
TORCHFORT::WANDB: model: alpha, step: 925, train_lr: 0.0001
TORCHFORT::WANDB: model: critic_0, step: 926, train_loss: 0.0890106
TORCHFORT::WANDB: model: critic_0, step: 926, train_lr: 0.000173887
TORCHFORT::WANDB: model: actor, step: 926, train_loss: -0.172485
TORCHFORT::WANDB: model: actor, step: 926, train_lr: 0.000173887
TORCHFORT::WANDB: model: alpha, step: 926, train_loss: -2.62715
TORCHFORT::WANDB: model: alpha, step: 926, train_lr: 0.0001
TORCHFORT::WANDB: model: critic_0, step: 927, train_loss: 0.133915
TORCHFORT::WANDB: model: critic_0, step: 927, train_lr: 0.000174042
TORCHFORT::WANDB: model: actor, step: 927, train_loss: -0.167594
TORCHFORT::WANDB: model: actor, step: 927, train_lr: 0.000174042
TORCHFORT::WANDB: model: alpha, step: 927, train_loss: -2.84891
TORCHFORT::WANDB: model: alpha, step: 927, train_lr: 0.0001
TORCHFORT::WANDB: model: critic_0, step: 928, train_loss: 0.159699
TORCHFORT::WANDB: model: critic_0, step: 928, train_lr: 0.000174197
TORCHFORT::WANDB: model: actor, step: 928, train_loss: -0.169742
TORCHFORT::WANDB: model: actor, step: 928, train_lr: 0.000174197
TORCHFORT::WANDB: model: alpha, step: 928, train_loss: -2.75675
TORCHFORT::WANDB: model: alpha, step: 928, train_lr: 0.0001
TORCHFORT::WANDB: model: critic_0, step: 929, train_loss: 0.0743876
TORCHFORT::WANDB: model: critic_0, step: 929, train_lr: 0.000174353
TORCHFORT::WANDB: model: actor, step: 929, train_loss: -0.17157
TORCHFORT::WANDB: model: actor, step: 929, train_lr: 0.000174353
TORCHFORT::WANDB: model: alpha, step: 929, train_loss: -2.84246
TORCHFORT::WANDB: model: alpha, step: 929, train_lr: 0.0001
TORCHFORT::WANDB: model: critic_0, step: 930, train_loss: 0.0960731
TORCHFORT::WANDB: model: critic_0, step: 930, train_lr: 0.000174509
TORCHFORT::WANDB: model: actor, step: 930, train_loss: -0.204939
TORCHFORT::WANDB: model: actor, step: 930, train_lr: 0.000174509
TORCHFORT::WANDB: model: alpha, step: 930, train_loss: -2.7611
TORCHFORT::WANDB: model: alpha, step: 930, train_lr: 0.0001
TORCHFORT::WANDB: model: critic_0, step: 931, train_loss: 0.0671635
TORCHFORT::WANDB: model: critic_0, step: 931, train_lr: 0.000174665
TORCHFORT::WANDB: model: actor, step: 931, train_loss: -0.175828
TORCHFORT::WANDB: model: actor, step: 931, train_lr: 0.000174665
TORCHFORT::WANDB: model: alpha, step: 931, train_loss: -2.84561
TORCHFORT::WANDB: model: alpha, step: 931, train_lr: 0.0001
TORCHFORT::WANDB: model: critic_0, step: 932, train_loss: 0.0889701
TORCHFORT::WANDB: model: critic_0, step: 932, train_lr: 0.000174821
TORCHFORT::WANDB: model: actor, step: 932, train_loss: -0.18204
TORCHFORT::WANDB: model: actor, step: 932, train_lr: 0.000174821
TORCHFORT::WANDB: model: alpha, step: 932, train_loss: -2.79906
TORCHFORT::WANDB: model: alpha, step: 932, train_lr: 0.0001
TORCHFORT::WANDB: model: critic_0, step: 933, train_loss: 0.06611
TORCHFORT::WANDB: model: critic_0, step: 933, train_lr: 0.000174977
TORCHFORT::WANDB: model: actor, step: 933, train_loss: -0.17743
TORCHFORT::WANDB: model: actor, step: 933, train_lr: 0.000174977
TORCHFORT::WANDB: model: alpha, step: 933, train_loss: -2.75338
TORCHFORT::WANDB: model: alpha, step: 933, train_lr: 0.0001
TORCHFORT::WANDB: model: critic_0, step: 934, train_loss: 0.135065
TORCHFORT::WANDB: model: critic_0, step: 934, train_lr: 0.000175133
TORCHFORT::WANDB: model: actor, step: 934, train_loss: -0.190108
TORCHFORT::WANDB: model: actor, step: 934, train_lr: 0.000175133
TORCHFORT::WANDB: model: alpha, step: 934, train_loss: -2.82369
TORCHFORT::WANDB: model: alpha, step: 934, train_lr: 0.0001
TORCHFORT::WANDB: model: critic_0, step: 935, train_loss: 0.0626799
TORCHFORT::WANDB: model: critic_0, step: 935, train_lr: 0.00017529
TORCHFORT::WANDB: model: actor, step: 935, train_loss: -0.19621
TORCHFORT::WANDB: model: actor, step: 935, train_lr: 0.00017529
TORCHFORT::WANDB: model: alpha, step: 935, train_loss: -2.87532
TORCHFORT::WANDB: model: alpha, step: 935, train_lr: 0.0001
TORCHFORT::WANDB: model: critic_0, step: 936, train_loss: 0.0743972
TORCHFORT::WANDB: model: critic_0, step: 936, train_lr: 0.000175446
TORCHFORT::WANDB: model: actor, step: 936, train_loss: -0.188823
TORCHFORT::WANDB: model: actor, step: 936, train_lr: 0.000175446
TORCHFORT::WANDB: model: alpha, step: 936, train_loss: -2.78514
TORCHFORT::WANDB: model: alpha, step: 936, train_lr: 0.0001
TORCHFORT::WANDB: model: critic_0, step: 937, train_loss: 0.0767348
TORCHFORT::WANDB: model: critic_0, step: 937, train_lr: 0.000175603
TORCHFORT::WANDB: model: actor, step: 937, train_loss: -0.176592
TORCHFORT::WANDB: model: actor, step: 937, train_lr: 0.000175603
TORCHFORT::WANDB: model: alpha, step: 937, train_loss: -2.82217
TORCHFORT::WANDB: model: alpha, step: 937, train_lr: 0.0001
TORCHFORT::WANDB: model: critic_0, step: 938, train_loss: 0.0808223
TORCHFORT::WANDB: model: critic_0, step: 938, train_lr: 0.00017576
TORCHFORT::WANDB: model: actor, step: 938, train_loss: -0.164089
TORCHFORT::WANDB: model: actor, step: 938, train_lr: 0.00017576
TORCHFORT::WANDB: model: alpha, step: 938, train_loss: -2.93837
TORCHFORT::WANDB: model: alpha, step: 938, train_lr: 0.0001
TORCHFORT::WANDB: model: critic_0, step: 939, train_loss: 0.100975
TORCHFORT::WANDB: model: critic_0, step: 939, train_lr: 0.000175917
TORCHFORT::WANDB: model: actor, step: 939, train_loss: -0.16143
TORCHFORT::WANDB: model: actor, step: 939, train_lr: 0.000175917
TORCHFORT::WANDB: model: alpha, step: 939, train_loss: -2.79953
TORCHFORT::WANDB: model: alpha, step: 939, train_lr: 0.0001
TORCHFORT::WANDB: model: critic_0, step: 940, train_loss: 0.0828826
TORCHFORT::WANDB: model: critic_0, step: 940, train_lr: 0.000176074
TORCHFORT::WANDB: model: actor, step: 940, train_loss: -0.190244
TORCHFORT::WANDB: model: actor, step: 940, train_lr: 0.000176074
TORCHFORT::WANDB: model: alpha, step: 940, train_loss: -2.88021
TORCHFORT::WANDB: model: alpha, step: 940, train_lr: 0.0001
TORCHFORT::WANDB: model: critic_0, step: 941, train_loss: 0.0980455
TORCHFORT::WANDB: model: critic_0, step: 941, train_lr: 0.000176232
TORCHFORT::WANDB: model: actor, step: 941, train_loss: -0.165075
TORCHFORT::WANDB: model: actor, step: 941, train_lr: 0.000176232
TORCHFORT::WANDB: model: alpha, step: 941, train_loss: -2.79162
TORCHFORT::WANDB: model: alpha, step: 941, train_lr: 0.0001
TORCHFORT::WANDB: model: critic_0, step: 942, train_loss: 0.103273
TORCHFORT::WANDB: model: critic_0, step: 942, train_lr: 0.000176389
TORCHFORT::WANDB: model: actor, step: 942, train_loss: -0.176295
TORCHFORT::WANDB: model: actor, step: 942, train_lr: 0.000176389
TORCHFORT::WANDB: model: alpha, step: 942, train_loss: -2.82974
TORCHFORT::WANDB: model: alpha, step: 942, train_lr: 0.0001
TORCHFORT::WANDB: model: critic_0, step: 943, train_loss: 0.102204
TORCHFORT::WANDB: model: critic_0, step: 943, train_lr: 0.000176547
TORCHFORT::WANDB: model: actor, step: 943, train_loss: -0.171582
TORCHFORT::WANDB: model: actor, step: 943, train_lr: 0.000176547
TORCHFORT::WANDB: model: alpha, step: 943, train_loss: -2.87955
TORCHFORT::WANDB: model: alpha, step: 943, train_lr: 0.0001
TORCHFORT::WANDB: model: critic_0, step: 944, train_loss: 0.0877557
TORCHFORT::WANDB: model: critic_0, step: 944, train_lr: 0.000176705
TORCHFORT::WANDB: model: actor, step: 944, train_loss: -0.180259
TORCHFORT::WANDB: model: actor, step: 944, train_lr: 0.000176705
TORCHFORT::WANDB: model: alpha, step: 944, train_loss: -2.74192
TORCHFORT::WANDB: model: alpha, step: 944, train_lr: 0.0001
TORCHFORT::WANDB: model: critic_0, step: 945, train_loss: 0.108896
TORCHFORT::WANDB: model: critic_0, step: 945, train_lr: 0.000176863
TORCHFORT::WANDB: model: actor, step: 945, train_loss: -0.166869
TORCHFORT::WANDB: model: actor, step: 945, train_lr: 0.000176863
TORCHFORT::WANDB: model: alpha, step: 945, train_loss: -2.8608
TORCHFORT::WANDB: model: alpha, step: 945, train_lr: 0.0001
TORCHFORT::WANDB: model: critic_0, step: 946, train_loss: 0.0885034
TORCHFORT::WANDB: model: critic_0, step: 946, train_lr: 0.000177021
TORCHFORT::WANDB: model: actor, step: 946, train_loss: -0.166774
TORCHFORT::WANDB: model: actor, step: 946, train_lr: 0.000177021
TORCHFORT::WANDB: model: alpha, step: 946, train_loss: -2.79666
TORCHFORT::WANDB: model: alpha, step: 946, train_lr: 0.0001
TORCHFORT::WANDB: model: critic_0, step: 947, train_loss: 0.0877489
TORCHFORT::WANDB: model: critic_0, step: 947, train_lr: 0.000177179
TORCHFORT::WANDB: model: actor, step: 947, train_loss: -0.172036
TORCHFORT::WANDB: model: actor, step: 947, train_lr: 0.000177179
TORCHFORT::WANDB: model: alpha, step: 947, train_loss: -2.84681
TORCHFORT::WANDB: model: alpha, step: 947, train_lr: 0.0001
TORCHFORT::WANDB: model: critic_0, step: 948, train_loss: 0.120251
TORCHFORT::WANDB: model: critic_0, step: 948, train_lr: 0.000177338
TORCHFORT::WANDB: model: actor, step: 948, train_loss: -0.171704
TORCHFORT::WANDB: model: actor, step: 948, train_lr: 0.000177338
TORCHFORT::WANDB: model: alpha, step: 948, train_loss: -2.89965
TORCHFORT::WANDB: model: alpha, step: 948, train_lr: 0.0001
TORCHFORT::WANDB: model: critic_0, step: 949, train_loss: 0.149797
TORCHFORT::WANDB: model: critic_0, step: 949, train_lr: 0.000177496
TORCHFORT::WANDB: model: actor, step: 949, train_loss: -0.179843
TORCHFORT::WANDB: model: actor, step: 949, train_lr: 0.000177496
TORCHFORT::WANDB: model: alpha, step: 949, train_loss: -2.84837
TORCHFORT::WANDB: model: alpha, step: 949, train_lr: 0.0001
TORCHFORT::WANDB: model: critic_0, step: 950, train_loss: 0.0926943
TORCHFORT::WANDB: model: critic_0, step: 950, train_lr: 0.000177655
TORCHFORT::WANDB: model: actor, step: 950, train_loss: -0.184537
TORCHFORT::WANDB: model: actor, step: 950, train_lr: 0.000177655
TORCHFORT::WANDB: model: alpha, step: 950, train_loss: -2.79408
TORCHFORT::WANDB: model: alpha, step: 950, train_lr: 0.0001
TORCHFORT::WANDB: model: critic_0, step: 951, train_loss: 0.156779
TORCHFORT::WANDB: model: critic_0, step: 951, train_lr: 0.000177814
TORCHFORT::WANDB: model: actor, step: 951, train_loss: -0.173506
TORCHFORT::WANDB: model: actor, step: 951, train_lr: 0.000177814
TORCHFORT::WANDB: model: alpha, step: 951, train_loss: -2.82929
TORCHFORT::WANDB: model: alpha, step: 951, train_lr: 0.0001
TORCHFORT::WANDB: model: critic_0, step: 952, train_loss: 0.174179
TORCHFORT::WANDB: model: critic_0, step: 952, train_lr: 0.000177973
TORCHFORT::WANDB: model: actor, step: 952, train_loss: -0.181776
TORCHFORT::WANDB: model: actor, step: 952, train_lr: 0.000177973
TORCHFORT::WANDB: model: alpha, step: 952, train_loss: -2.8703
TORCHFORT::WANDB: model: alpha, step: 952, train_lr: 0.0001
TORCHFORT::WANDB: model: critic_0, step: 953, train_loss: 0.110227
TORCHFORT::WANDB: model: critic_0, step: 953, train_lr: 0.000178132
TORCHFORT::WANDB: model: actor, step: 953, train_loss: -0.174664
TORCHFORT::WANDB: model: actor, step: 953, train_lr: 0.000178132
TORCHFORT::WANDB: model: alpha, step: 953, train_loss: -2.74522
TORCHFORT::WANDB: model: alpha, step: 953, train_lr: 0.0001
TORCHFORT::WANDB: model: critic_0, step: 954, train_loss: 0.109362
TORCHFORT::WANDB: model: critic_0, step: 954, train_lr: 0.000178291
TORCHFORT::WANDB: model: actor, step: 954, train_loss: -0.170385
TORCHFORT::WANDB: model: actor, step: 954, train_lr: 0.000178291
TORCHFORT::WANDB: model: alpha, step: 954, train_loss: -2.84474
TORCHFORT::WANDB: model: alpha, step: 954, train_lr: 0.0001
TORCHFORT::WANDB: model: critic_0, step: 955, train_loss: 0.0754949
TORCHFORT::WANDB: model: critic_0, step: 955, train_lr: 0.000178451
TORCHFORT::WANDB: model: actor, step: 955, train_loss: -0.181043
TORCHFORT::WANDB: model: actor, step: 955, train_lr: 0.000178451
TORCHFORT::WANDB: model: alpha, step: 955, train_loss: -2.82248
TORCHFORT::WANDB: model: alpha, step: 955, train_lr: 0.0001
TORCHFORT::WANDB: model: critic_0, step: 956, train_loss: 0.0769963
TORCHFORT::WANDB: model: critic_0, step: 956, train_lr: 0.00017861
TORCHFORT::WANDB: model: actor, step: 956, train_loss: -0.185092
TORCHFORT::WANDB: model: actor, step: 956, train_lr: 0.00017861
TORCHFORT::WANDB: model: alpha, step: 956, train_loss: -2.8633
TORCHFORT::WANDB: model: alpha, step: 956, train_lr: 0.0001
TORCHFORT::WANDB: model: critic_0, step: 957, train_loss: 0.0906878
TORCHFORT::WANDB: model: critic_0, step: 957, train_lr: 0.00017877
TORCHFORT::WANDB: model: actor, step: 957, train_loss: -0.165946
TORCHFORT::WANDB: model: actor, step: 957, train_lr: 0.00017877
TORCHFORT::WANDB: model: alpha, step: 957, train_loss: -2.78183
TORCHFORT::WANDB: model: alpha, step: 957, train_lr: 0.0001
TORCHFORT::WANDB: model: critic_0, step: 958, train_loss: 0.0971881
TORCHFORT::WANDB: model: critic_0, step: 958, train_lr: 0.00017893
TORCHFORT::WANDB: model: actor, step: 958, train_loss: -0.175459
TORCHFORT::WANDB: model: actor, step: 958, train_lr: 0.00017893
TORCHFORT::WANDB: model: alpha, step: 958, train_loss: -2.75379
TORCHFORT::WANDB: model: alpha, step: 958, train_lr: 0.0001
TORCHFORT::WANDB: model: critic_0, step: 959, train_loss: 0.0837223
TORCHFORT::WANDB: model: critic_0, step: 959, train_lr: 0.00017909
TORCHFORT::WANDB: model: actor, step: 959, train_loss: -0.174215
TORCHFORT::WANDB: model: actor, step: 959, train_lr: 0.00017909
TORCHFORT::WANDB: model: alpha, step: 959, train_loss: -2.75654
TORCHFORT::WANDB: model: alpha, step: 959, train_lr: 0.0001
TORCHFORT::WANDB: model: critic_0, step: 960, train_loss: 0.0859441
TORCHFORT::WANDB: model: critic_0, step: 960, train_lr: 0.00017925
TORCHFORT::WANDB: model: actor, step: 960, train_loss: -0.148765
TORCHFORT::WANDB: model: actor, step: 960, train_lr: 0.00017925
TORCHFORT::WANDB: model: alpha, step: 960, train_loss: -2.682
TORCHFORT::WANDB: model: alpha, step: 960, train_lr: 0.0001
TORCHFORT::WANDB: model: critic_0, step: 961, train_loss: 0.07715
TORCHFORT::WANDB: model: critic_0, step: 961, train_lr: 0.00017941
TORCHFORT::WANDB: model: actor, step: 961, train_loss: -0.184586
TORCHFORT::WANDB: model: actor, step: 961, train_lr: 0.00017941
TORCHFORT::WANDB: model: alpha, step: 961, train_loss: -2.7835
TORCHFORT::WANDB: model: alpha, step: 961, train_lr: 0.0001
TORCHFORT::WANDB: model: critic_0, step: 962, train_loss: 0.100713
TORCHFORT::WANDB: model: critic_0, step: 962, train_lr: 0.000179571
TORCHFORT::WANDB: model: actor, step: 962, train_loss: -0.158802
TORCHFORT::WANDB: model: actor, step: 962, train_lr: 0.000179571
TORCHFORT::WANDB: model: alpha, step: 962, train_loss: -2.74582
TORCHFORT::WANDB: model: alpha, step: 962, train_lr: 0.0001
TORCHFORT::WANDB: model: critic_0, step: 963, train_loss: 0.126439
TORCHFORT::WANDB: model: critic_0, step: 963, train_lr: 0.000179731
TORCHFORT::WANDB: model: actor, step: 963, train_loss: -0.147705
TORCHFORT::WANDB: model: actor, step: 963, train_lr: 0.000179731
TORCHFORT::WANDB: model: alpha, step: 963, train_loss: -2.75773
TORCHFORT::WANDB: model: alpha, step: 963, train_lr: 0.0001
TORCHFORT::WANDB: model: critic_0, step: 964, train_loss: 0.114583
TORCHFORT::WANDB: model: critic_0, step: 964, train_lr: 0.000179892
TORCHFORT::WANDB: model: actor, step: 964, train_loss: -0.16829
TORCHFORT::WANDB: model: actor, step: 964, train_lr: 0.000179892
TORCHFORT::WANDB: model: alpha, step: 964, train_loss: -2.68534
TORCHFORT::WANDB: model: alpha, step: 964, train_lr: 0.0001
TORCHFORT::WANDB: model: critic_0, step: 965, train_loss: 0.150057
TORCHFORT::WANDB: model: critic_0, step: 965, train_lr: 0.000180053
TORCHFORT::WANDB: model: actor, step: 965, train_loss: -0.172051
TORCHFORT::WANDB: model: actor, step: 965, train_lr: 0.000180053
TORCHFORT::WANDB: model: alpha, step: 965, train_loss: -2.84035
TORCHFORT::WANDB: model: alpha, step: 965, train_lr: 0.0001
TORCHFORT::WANDB: model: critic_0, step: 966, train_loss: 0.0820332
TORCHFORT::WANDB: model: critic_0, step: 966, train_lr: 0.000180214
TORCHFORT::WANDB: model: actor, step: 966, train_loss: -0.155315
TORCHFORT::WANDB: model: actor, step: 966, train_lr: 0.000180214
TORCHFORT::WANDB: model: alpha, step: 966, train_loss: -2.81752
TORCHFORT::WANDB: model: alpha, step: 966, train_lr: 0.0001
TORCHFORT::WANDB: model: critic_0, step: 967, train_loss: 0.0593149
TORCHFORT::WANDB: model: critic_0, step: 967, train_lr: 0.000180375
TORCHFORT::WANDB: model: actor, step: 967, train_loss: -0.152937
TORCHFORT::WANDB: model: actor, step: 967, train_lr: 0.000180375
TORCHFORT::WANDB: model: alpha, step: 967, train_loss: -2.69802
TORCHFORT::WANDB: model: alpha, step: 967, train_lr: 0.0001
TORCHFORT::WANDB: model: critic_0, step: 968, train_loss: 0.0649444
TORCHFORT::WANDB: model: critic_0, step: 968, train_lr: 0.000180537
TORCHFORT::WANDB: model: actor, step: 968, train_loss: -0.150937
TORCHFORT::WANDB: model: actor, step: 968, train_lr: 0.000180537
TORCHFORT::WANDB: model: alpha, step: 968, train_loss: -2.83615
TORCHFORT::WANDB: model: alpha, step: 968, train_lr: 0.0001
TORCHFORT::WANDB: model: critic_0, step: 969, train_loss: 0.0944619
TORCHFORT::WANDB: model: critic_0, step: 969, train_lr: 0.000180698
TORCHFORT::WANDB: model: actor, step: 969, train_loss: -0.165183
TORCHFORT::WANDB: model: actor, step: 969, train_lr: 0.000180698
TORCHFORT::WANDB: model: alpha, step: 969, train_loss: -2.81102
TORCHFORT::WANDB: model: alpha, step: 969, train_lr: 0.0001
TORCHFORT::WANDB: model: critic_0, step: 970, train_loss: 0.141432
TORCHFORT::WANDB: model: critic_0, step: 970, train_lr: 0.00018086
TORCHFORT::WANDB: model: actor, step: 970, train_loss: -0.154662
TORCHFORT::WANDB: model: actor, step: 970, train_lr: 0.00018086
TORCHFORT::WANDB: model: alpha, step: 970, train_loss: -2.82041
TORCHFORT::WANDB: model: alpha, step: 970, train_lr: 0.0001
TORCHFORT::WANDB: model: critic_0, step: 971, train_loss: 0.147279
TORCHFORT::WANDB: model: critic_0, step: 971, train_lr: 0.000181022
TORCHFORT::WANDB: model: actor, step: 971, train_loss: -0.156737
TORCHFORT::WANDB: model: actor, step: 971, train_lr: 0.000181022
TORCHFORT::WANDB: model: alpha, step: 971, train_loss: -2.78573
TORCHFORT::WANDB: model: alpha, step: 971, train_lr: 0.0001
TORCHFORT::WANDB: model: critic_0, step: 972, train_loss: 0.0872313
TORCHFORT::WANDB: model: critic_0, step: 972, train_lr: 0.000181183
TORCHFORT::WANDB: model: actor, step: 972, train_loss: -0.160328
TORCHFORT::WANDB: model: actor, step: 972, train_lr: 0.000181183
TORCHFORT::WANDB: model: alpha, step: 972, train_loss: -2.93939
TORCHFORT::WANDB: model: alpha, step: 972, train_lr: 0.0001
TORCHFORT::WANDB: model: critic_0, step: 973, train_loss: 0.135903
TORCHFORT::WANDB: model: critic_0, step: 973, train_lr: 0.000181346
TORCHFORT::WANDB: model: actor, step: 973, train_loss: -0.174128
TORCHFORT::WANDB: model: actor, step: 973, train_lr: 0.000181346
TORCHFORT::WANDB: model: alpha, step: 973, train_loss: -2.81021
TORCHFORT::WANDB: model: alpha, step: 973, train_lr: 0.0001
TORCHFORT::WANDB: model: critic_0, step: 974, train_loss: 0.0727871
TORCHFORT::WANDB: model: critic_0, step: 974, train_lr: 0.000181508
TORCHFORT::WANDB: model: actor, step: 974, train_loss: -0.174986
TORCHFORT::WANDB: model: actor, step: 974, train_lr: 0.000181508
TORCHFORT::WANDB: model: alpha, step: 974, train_loss: -2.8547
TORCHFORT::WANDB: model: alpha, step: 974, train_lr: 0.0001
TORCHFORT::WANDB: model: critic_0, step: 975, train_loss: 0.114124
TORCHFORT::WANDB: model: critic_0, step: 975, train_lr: 0.00018167
TORCHFORT::WANDB: model: actor, step: 975, train_loss: -0.168006
TORCHFORT::WANDB: model: actor, step: 975, train_lr: 0.00018167
TORCHFORT::WANDB: model: alpha, step: 975, train_loss: -2.68465
TORCHFORT::WANDB: model: alpha, step: 975, train_lr: 0.0001
TORCHFORT::WANDB: model: critic_0, step: 976, train_loss: 0.0985049
TORCHFORT::WANDB: model: critic_0, step: 976, train_lr: 0.000181833
TORCHFORT::WANDB: model: actor, step: 976, train_loss: -0.171004
TORCHFORT::WANDB: model: actor, step: 976, train_lr: 0.000181833
TORCHFORT::WANDB: model: alpha, step: 976, train_loss: -2.63919
TORCHFORT::WANDB: model: alpha, step: 976, train_lr: 0.0001
TORCHFORT::WANDB: model: critic_0, step: 977, train_loss: 0.0865462
TORCHFORT::WANDB: model: critic_0, step: 977, train_lr: 0.000181995
TORCHFORT::WANDB: model: actor, step: 977, train_loss: -0.179388
TORCHFORT::WANDB: model: actor, step: 977, train_lr: 0.000181995
TORCHFORT::WANDB: model: alpha, step: 977, train_loss: -2.70336
TORCHFORT::WANDB: model: alpha, step: 977, train_lr: 0.0001
TORCHFORT::WANDB: model: critic_0, step: 978, train_loss: 0.0915768
TORCHFORT::WANDB: model: critic_0, step: 978, train_lr: 0.000182158
TORCHFORT::WANDB: model: actor, step: 978, train_loss: -0.16106
TORCHFORT::WANDB: model: actor, step: 978, train_lr: 0.000182158
TORCHFORT::WANDB: model: alpha, step: 978, train_loss: -2.76555
TORCHFORT::WANDB: model: alpha, step: 978, train_lr: 0.0001
TORCHFORT::WANDB: model: critic_0, step: 979, train_loss: 0.0819356
TORCHFORT::WANDB: model: critic_0, step: 979, train_lr: 0.000182321
TORCHFORT::WANDB: model: actor, step: 979, train_loss: -0.164095
TORCHFORT::WANDB: model: actor, step: 979, train_lr: 0.000182321
TORCHFORT::WANDB: model: alpha, step: 979, train_loss: -2.77612
TORCHFORT::WANDB: model: alpha, step: 979, train_lr: 0.0001
TORCHFORT::WANDB: model: critic_0, step: 980, train_loss: 0.0938852
TORCHFORT::WANDB: model: critic_0, step: 980, train_lr: 0.000182484
TORCHFORT::WANDB: model: actor, step: 980, train_loss: -0.156893
TORCHFORT::WANDB: model: actor, step: 980, train_lr: 0.000182484
TORCHFORT::WANDB: model: alpha, step: 980, train_loss: -2.80983
TORCHFORT::WANDB: model: alpha, step: 980, train_lr: 0.0001
TORCHFORT::WANDB: model: critic_0, step: 981, train_loss: 0.0719589
TORCHFORT::WANDB: model: critic_0, step: 981, train_lr: 0.000182647
TORCHFORT::WANDB: model: actor, step: 981, train_loss: -0.150968
TORCHFORT::WANDB: model: actor, step: 981, train_lr: 0.000182647
TORCHFORT::WANDB: model: alpha, step: 981, train_loss: -2.80434
TORCHFORT::WANDB: model: alpha, step: 981, train_lr: 0.0001
TORCHFORT::WANDB: model: critic_0, step: 982, train_loss: 0.0583968
TORCHFORT::WANDB: model: critic_0, step: 982, train_lr: 0.000182811
TORCHFORT::WANDB: model: actor, step: 982, train_loss: -0.160969
TORCHFORT::WANDB: model: actor, step: 982, train_lr: 0.000182811
TORCHFORT::WANDB: model: alpha, step: 982, train_loss: -2.72404
TORCHFORT::WANDB: model: alpha, step: 982, train_lr: 0.0001
TORCHFORT::WANDB: model: critic_0, step: 983, train_loss: 0.0764449
TORCHFORT::WANDB: model: critic_0, step: 983, train_lr: 0.000182974
TORCHFORT::WANDB: model: actor, step: 983, train_loss: -0.151872
TORCHFORT::WANDB: model: actor, step: 983, train_lr: 0.000182974
TORCHFORT::WANDB: model: alpha, step: 983, train_loss: -2.78999
TORCHFORT::WANDB: model: alpha, step: 983, train_lr: 0.0001
TORCHFORT::WANDB: model: critic_0, step: 984, train_loss: 0.0937169
TORCHFORT::WANDB: model: critic_0, step: 984, train_lr: 0.000183138
TORCHFORT::WANDB: model: actor, step: 984, train_loss: -0.154862
TORCHFORT::WANDB: model: actor, step: 984, train_lr: 0.000183138
TORCHFORT::WANDB: model: alpha, step: 984, train_loss: -2.70817
TORCHFORT::WANDB: model: alpha, step: 984, train_lr: 0.0001
TORCHFORT::WANDB: model: critic_0, step: 985, train_loss: 0.117122
TORCHFORT::WANDB: model: critic_0, step: 985, train_lr: 0.000183302
TORCHFORT::WANDB: model: actor, step: 985, train_loss: -0.150539
TORCHFORT::WANDB: model: actor, step: 985, train_lr: 0.000183302
TORCHFORT::WANDB: model: alpha, step: 985, train_loss: -2.79835
TORCHFORT::WANDB: model: alpha, step: 985, train_lr: 0.0001
TORCHFORT::WANDB: model: critic_0, step: 986, train_loss: 0.117235
TORCHFORT::WANDB: model: critic_0, step: 986, train_lr: 0.000183466
TORCHFORT::WANDB: model: actor, step: 986, train_loss: -0.146347
TORCHFORT::WANDB: model: actor, step: 986, train_lr: 0.000183466
TORCHFORT::WANDB: model: alpha, step: 986, train_loss: -2.737
TORCHFORT::WANDB: model: alpha, step: 986, train_lr: 0.0001
TORCHFORT::WANDB: model: critic_0, step: 987, train_loss: 0.0911611
TORCHFORT::WANDB: model: critic_0, step: 987, train_lr: 0.00018363
TORCHFORT::WANDB: model: actor, step: 987, train_loss: -0.150365
TORCHFORT::WANDB: model: actor, step: 987, train_lr: 0.00018363
TORCHFORT::WANDB: model: alpha, step: 987, train_loss: -2.76458
TORCHFORT::WANDB: model: alpha, step: 987, train_lr: 0.0001
TORCHFORT::WANDB: model: critic_0, step: 988, train_loss: 0.0779352
TORCHFORT::WANDB: model: critic_0, step: 988, train_lr: 0.000183794
TORCHFORT::WANDB: model: actor, step: 988, train_loss: -0.156214
TORCHFORT::WANDB: model: actor, step: 988, train_lr: 0.000183794
TORCHFORT::WANDB: model: alpha, step: 988, train_loss: -2.85404
TORCHFORT::WANDB: model: alpha, step: 988, train_lr: 0.0001
TORCHFORT::WANDB: model: critic_0, step: 989, train_loss: 0.100741
TORCHFORT::WANDB: model: critic_0, step: 989, train_lr: 0.000183958
TORCHFORT::WANDB: model: actor, step: 989, train_loss: -0.176083
TORCHFORT::WANDB: model: actor, step: 989, train_lr: 0.000183958
TORCHFORT::WANDB: model: alpha, step: 989, train_loss: -2.79259
TORCHFORT::WANDB: model: alpha, step: 989, train_lr: 0.0001
TORCHFORT::WANDB: model: critic_0, step: 990, train_loss: 0.0678672
TORCHFORT::WANDB: model: critic_0, step: 990, train_lr: 0.000184123
TORCHFORT::WANDB: model: actor, step: 990, train_loss: -0.165474
TORCHFORT::WANDB: model: actor, step: 990, train_lr: 0.000184123
TORCHFORT::WANDB: model: alpha, step: 990, train_loss: -2.76224
TORCHFORT::WANDB: model: alpha, step: 990, train_lr: 0.0001
TORCHFORT::WANDB: model: critic_0, step: 991, train_loss: 0.111707
TORCHFORT::WANDB: model: critic_0, step: 991, train_lr: 0.000184288
TORCHFORT::WANDB: model: actor, step: 991, train_loss: -0.176893
TORCHFORT::WANDB: model: actor, step: 991, train_lr: 0.000184288
TORCHFORT::WANDB: model: alpha, step: 991, train_loss: -2.87901
TORCHFORT::WANDB: model: alpha, step: 991, train_lr: 0.0001
TORCHFORT::WANDB: model: critic_0, step: 992, train_loss: 0.148255
TORCHFORT::WANDB: model: critic_0, step: 992, train_lr: 0.000184452
TORCHFORT::WANDB: model: actor, step: 992, train_loss: -0.173682
TORCHFORT::WANDB: model: actor, step: 992, train_lr: 0.000184452
TORCHFORT::WANDB: model: alpha, step: 992, train_loss: -2.77511
TORCHFORT::WANDB: model: alpha, step: 992, train_lr: 0.0001
TORCHFORT::WANDB: model: critic_0, step: 993, train_loss: 0.115289
TORCHFORT::WANDB: model: critic_0, step: 993, train_lr: 0.000184617
TORCHFORT::WANDB: model: actor, step: 993, train_loss: -0.183961
TORCHFORT::WANDB: model: actor, step: 993, train_lr: 0.000184617
TORCHFORT::WANDB: model: alpha, step: 993, train_loss: -2.77418
TORCHFORT::WANDB: model: alpha, step: 993, train_lr: 0.0001
TORCHFORT::WANDB: model: critic_0, step: 994, train_loss: 0.111011
TORCHFORT::WANDB: model: critic_0, step: 994, train_lr: 0.000184783
TORCHFORT::WANDB: model: actor, step: 994, train_loss: -0.172438
TORCHFORT::WANDB: model: actor, step: 994, train_lr: 0.000184783
TORCHFORT::WANDB: model: alpha, step: 994, train_loss: -2.82247
TORCHFORT::WANDB: model: alpha, step: 994, train_lr: 0.0001
TORCHFORT::WANDB: model: critic_0, step: 995, train_loss: 0.0736086
TORCHFORT::WANDB: model: critic_0, step: 995, train_lr: 0.000184948
TORCHFORT::WANDB: model: actor, step: 995, train_loss: -0.17508
TORCHFORT::WANDB: model: actor, step: 995, train_lr: 0.000184948
TORCHFORT::WANDB: model: alpha, step: 995, train_loss: -2.88083
TORCHFORT::WANDB: model: alpha, step: 995, train_lr: 0.0001
TORCHFORT::WANDB: model: critic_0, step: 996, train_loss: 0.11722
TORCHFORT::WANDB: model: critic_0, step: 996, train_lr: 0.000185113
TORCHFORT::WANDB: model: actor, step: 996, train_loss: -0.189235
TORCHFORT::WANDB: model: actor, step: 996, train_lr: 0.000185113
TORCHFORT::WANDB: model: alpha, step: 996, train_loss: -2.74929
TORCHFORT::WANDB: model: alpha, step: 996, train_lr: 0.0001
TORCHFORT::WANDB: model: critic_0, step: 997, train_loss: 0.0779857
TORCHFORT::WANDB: model: critic_0, step: 997, train_lr: 0.000185279
TORCHFORT::WANDB: model: actor, step: 997, train_loss: -0.18721
TORCHFORT::WANDB: model: actor, step: 997, train_lr: 0.000185279
TORCHFORT::WANDB: model: alpha, step: 997, train_loss: -2.80643
TORCHFORT::WANDB: model: alpha, step: 997, train_lr: 0.0001
TORCHFORT::WANDB: model: critic_0, step: 998, train_loss: 0.0656931
TORCHFORT::WANDB: model: critic_0, step: 998, train_lr: 0.000185444
TORCHFORT::WANDB: model: actor, step: 998, train_loss: -0.186236
TORCHFORT::WANDB: model: actor, step: 998, train_lr: 0.000185444
TORCHFORT::WANDB: model: alpha, step: 998, train_loss: -2.62775
TORCHFORT::WANDB: model: alpha, step: 998, train_lr: 0.0001
TORCHFORT::WANDB: model: critic_0, step: 999, train_loss: 0.105889
TORCHFORT::WANDB: model: critic_0, step: 999, train_lr: 0.00018561
TORCHFORT::WANDB: model: actor, step: 999, train_loss: -0.177147
TORCHFORT::WANDB: model: actor, step: 999, train_lr: 0.00018561
TORCHFORT::WANDB: model: alpha, step: 999, train_loss: -2.71134
TORCHFORT::WANDB: model: alpha, step: 999, train_lr: 0.0001
TORCHFORT::WANDB: model: critic_0, step: 1000, train_loss: 0.118582
TORCHFORT::WANDB: model: critic_0, step: 1000, train_lr: 0.000185776
TORCHFORT::WANDB: model: actor, step: 1000, train_loss: -0.175842
TORCHFORT::WANDB: model: actor, step: 1000, train_lr: 0.000185776
TORCHFORT::WANDB: model: alpha, step: 1000, train_loss: -2.79284
TORCHFORT::WANDB: model: alpha, step: 1000, train_lr: 0.0001
TORCHFORT::WANDB: model: rlwm, step: 10, reward_sum: 1293.74
TORCHFORT::WANDB: model: rlwm, step: 10, policy_loss: -0.175842
TORCHFORT::WANDB: model: rlwm, step: 10, critic_loss: 0.118582
TORCHFORT::WANDB: model: critic_0, step: 1001, train_loss: 0.058326
TORCHFORT::WANDB: model: critic_0, step: 1001, train_lr: 0.000185942
TORCHFORT::WANDB: model: actor, step: 1001, train_loss: -0.176062
TORCHFORT::WANDB: model: actor, step: 1001, train_lr: 0.000185942
TORCHFORT::WANDB: model: alpha, step: 1001, train_loss: -2.77457
TORCHFORT::WANDB: model: alpha, step: 1001, train_lr: 0.0001
TORCHFORT::WANDB: model: critic_0, step: 1002, train_loss: 0.132707
TORCHFORT::WANDB: model: critic_0, step: 1002, train_lr: 0.000186109
TORCHFORT::WANDB: model: actor, step: 1002, train_loss: -0.178562
TORCHFORT::WANDB: model: actor, step: 1002, train_lr: 0.000186109
TORCHFORT::WANDB: model: alpha, step: 1002, train_loss: -2.85443
TORCHFORT::WANDB: model: alpha, step: 1002, train_lr: 0.0001
TORCHFORT::WANDB: model: critic_0, step: 1003, train_loss: 0.147774
TORCHFORT::WANDB: model: critic_0, step: 1003, train_lr: 0.000186275
TORCHFORT::WANDB: model: actor, step: 1003, train_loss: -0.178593
TORCHFORT::WANDB: model: actor, step: 1003, train_lr: 0.000186275
TORCHFORT::WANDB: model: alpha, step: 1003, train_loss: -2.85207
TORCHFORT::WANDB: model: alpha, step: 1003, train_lr: 0.0001
TORCHFORT::WANDB: model: critic_0, step: 1004, train_loss: 0.0983984
TORCHFORT::WANDB: model: critic_0, step: 1004, train_lr: 0.000186442
TORCHFORT::WANDB: model: actor, step: 1004, train_loss: -0.178865
TORCHFORT::WANDB: model: actor, step: 1004, train_lr: 0.000186442
TORCHFORT::WANDB: model: alpha, step: 1004, train_loss: -2.78654
TORCHFORT::WANDB: model: alpha, step: 1004, train_lr: 0.0001
TORCHFORT::WANDB: model: critic_0, step: 1005, train_loss: 0.112527
TORCHFORT::WANDB: model: critic_0, step: 1005, train_lr: 0.000186608
TORCHFORT::WANDB: model: actor, step: 1005, train_loss: -0.202304
TORCHFORT::WANDB: model: actor, step: 1005, train_lr: 0.000186608
TORCHFORT::WANDB: model: alpha, step: 1005, train_loss: -2.78115
TORCHFORT::WANDB: model: alpha, step: 1005, train_lr: 0.0001
TORCHFORT::WANDB: model: critic_0, step: 1006, train_loss: 0.0643079
TORCHFORT::WANDB: model: critic_0, step: 1006, train_lr: 0.000186775
TORCHFORT::WANDB: model: actor, step: 1006, train_loss: -0.156536
TORCHFORT::WANDB: model: actor, step: 1006, train_lr: 0.000186775
TORCHFORT::WANDB: model: alpha, step: 1006, train_loss: -2.73223
TORCHFORT::WANDB: model: alpha, step: 1006, train_lr: 0.0001
TORCHFORT::WANDB: model: critic_0, step: 1007, train_loss: 0.0954684
TORCHFORT::WANDB: model: critic_0, step: 1007, train_lr: 0.000186942
TORCHFORT::WANDB: model: actor, step: 1007, train_loss: -0.179978
TORCHFORT::WANDB: model: actor, step: 1007, train_lr: 0.000186942
TORCHFORT::WANDB: model: alpha, step: 1007, train_loss: -2.75202
TORCHFORT::WANDB: model: alpha, step: 1007, train_lr: 0.0001
TORCHFORT::WANDB: model: critic_0, step: 1008, train_loss: 0.0772723
TORCHFORT::WANDB: model: critic_0, step: 1008, train_lr: 0.000187109
TORCHFORT::WANDB: model: actor, step: 1008, train_loss: -0.175648
TORCHFORT::WANDB: model: actor, step: 1008, train_lr: 0.000187109
TORCHFORT::WANDB: model: alpha, step: 1008, train_loss: -2.76801
TORCHFORT::WANDB: model: alpha, step: 1008, train_lr: 0.0001
TORCHFORT::WANDB: model: critic_0, step: 1009, train_loss: 0.165318
TORCHFORT::WANDB: model: critic_0, step: 1009, train_lr: 0.000187276
TORCHFORT::WANDB: model: actor, step: 1009, train_loss: -0.174353
TORCHFORT::WANDB: model: actor, step: 1009, train_lr: 0.000187276
TORCHFORT::WANDB: model: alpha, step: 1009, train_loss: -2.81237
TORCHFORT::WANDB: model: alpha, step: 1009, train_lr: 0.0001
TORCHFORT::WANDB: model: critic_0, step: 1010, train_loss: 0.0898772
TORCHFORT::WANDB: model: critic_0, step: 1010, train_lr: 0.000187444
TORCHFORT::WANDB: model: actor, step: 1010, train_loss: -0.189009
TORCHFORT::WANDB: model: actor, step: 1010, train_lr: 0.000187444
TORCHFORT::WANDB: model: alpha, step: 1010, train_loss: -2.70977
TORCHFORT::WANDB: model: alpha, step: 1010, train_lr: 0.0001
TORCHFORT::WANDB: model: critic_0, step: 1011, train_loss: 0.0776173
TORCHFORT::WANDB: model: critic_0, step: 1011, train_lr: 0.000187611
TORCHFORT::WANDB: model: actor, step: 1011, train_loss: -0.161917
TORCHFORT::WANDB: model: actor, step: 1011, train_lr: 0.000187611
TORCHFORT::WANDB: model: alpha, step: 1011, train_loss: -2.83081
TORCHFORT::WANDB: model: alpha, step: 1011, train_lr: 0.0001
TORCHFORT::WANDB: model: critic_0, step: 1012, train_loss: 0.101569
TORCHFORT::WANDB: model: critic_0, step: 1012, train_lr: 0.000187779
TORCHFORT::WANDB: model: actor, step: 1012, train_loss: -0.170228
TORCHFORT::WANDB: model: actor, step: 1012, train_lr: 0.000187779
TORCHFORT::WANDB: model: alpha, step: 1012, train_loss: -2.78963
TORCHFORT::WANDB: model: alpha, step: 1012, train_lr: 0.0001
TORCHFORT::WANDB: model: critic_0, step: 1013, train_loss: 0.121259
TORCHFORT::WANDB: model: critic_0, step: 1013, train_lr: 0.000187947
TORCHFORT::WANDB: model: actor, step: 1013, train_loss: -0.189871
TORCHFORT::WANDB: model: actor, step: 1013, train_lr: 0.000187947
TORCHFORT::WANDB: model: alpha, step: 1013, train_loss: -2.80574
TORCHFORT::WANDB: model: alpha, step: 1013, train_lr: 0.0001
TORCHFORT::WANDB: model: critic_0, step: 1014, train_loss: 0.0728725
TORCHFORT::WANDB: model: critic_0, step: 1014, train_lr: 0.000188115
TORCHFORT::WANDB: model: actor, step: 1014, train_loss: -0.187595
TORCHFORT::WANDB: model: actor, step: 1014, train_lr: 0.000188115
TORCHFORT::WANDB: model: alpha, step: 1014, train_loss: -2.76555
TORCHFORT::WANDB: model: alpha, step: 1014, train_lr: 0.0001
TORCHFORT::WANDB: model: critic_0, step: 1015, train_loss: 0.0788901
TORCHFORT::WANDB: model: critic_0, step: 1015, train_lr: 0.000188283
TORCHFORT::WANDB: model: actor, step: 1015, train_loss: -0.186472
TORCHFORT::WANDB: model: actor, step: 1015, train_lr: 0.000188283
TORCHFORT::WANDB: model: alpha, step: 1015, train_loss: -2.83884
TORCHFORT::WANDB: model: alpha, step: 1015, train_lr: 0.0001
TORCHFORT::WANDB: model: critic_0, step: 1016, train_loss: 0.068361
TORCHFORT::WANDB: model: critic_0, step: 1016, train_lr: 0.000188451
TORCHFORT::WANDB: model: actor, step: 1016, train_loss: -0.186179
TORCHFORT::WANDB: model: actor, step: 1016, train_lr: 0.000188451
TORCHFORT::WANDB: model: alpha, step: 1016, train_loss: -2.74828
TORCHFORT::WANDB: model: alpha, step: 1016, train_lr: 0.0001
TORCHFORT::WANDB: model: critic_0, step: 1017, train_loss: 0.0890869
TORCHFORT::WANDB: model: critic_0, step: 1017, train_lr: 0.00018862
TORCHFORT::WANDB: model: actor, step: 1017, train_loss: -0.175059
TORCHFORT::WANDB: model: actor, step: 1017, train_lr: 0.00018862
TORCHFORT::WANDB: model: alpha, step: 1017, train_loss: -2.7296
TORCHFORT::WANDB: model: alpha, step: 1017, train_lr: 0.0001
TORCHFORT::WANDB: model: critic_0, step: 1018, train_loss: 0.0955887
TORCHFORT::WANDB: model: critic_0, step: 1018, train_lr: 0.000188788
TORCHFORT::WANDB: model: actor, step: 1018, train_loss: -0.168833
TORCHFORT::WANDB: model: actor, step: 1018, train_lr: 0.000188788
TORCHFORT::WANDB: model: alpha, step: 1018, train_loss: -2.82442
TORCHFORT::WANDB: model: alpha, step: 1018, train_lr: 0.0001
TORCHFORT::WANDB: model: critic_0, step: 1019, train_loss: 0.0864796
TORCHFORT::WANDB: model: critic_0, step: 1019, train_lr: 0.000188957
TORCHFORT::WANDB: model: actor, step: 1019, train_loss: -0.17154
TORCHFORT::WANDB: model: actor, step: 1019, train_lr: 0.000188957
TORCHFORT::WANDB: model: alpha, step: 1019, train_loss: -2.76139
TORCHFORT::WANDB: model: alpha, step: 1019, train_lr: 0.0001
TORCHFORT::WANDB: model: critic_0, step: 1020, train_loss: 0.0896464
TORCHFORT::WANDB: model: critic_0, step: 1020, train_lr: 0.000189126
TORCHFORT::WANDB: model: actor, step: 1020, train_loss: -0.172459
TORCHFORT::WANDB: model: actor, step: 1020, train_lr: 0.000189126
TORCHFORT::WANDB: model: alpha, step: 1020, train_loss: -2.66031
TORCHFORT::WANDB: model: alpha, step: 1020, train_lr: 0.0001
TORCHFORT::WANDB: model: critic_0, step: 1021, train_loss: 0.11306
TORCHFORT::WANDB: model: critic_0, step: 1021, train_lr: 0.000189295
TORCHFORT::WANDB: model: actor, step: 1021, train_loss: -0.173111
TORCHFORT::WANDB: model: actor, step: 1021, train_lr: 0.000189295
TORCHFORT::WANDB: model: alpha, step: 1021, train_loss: -2.84292
TORCHFORT::WANDB: model: alpha, step: 1021, train_lr: 0.0001
TORCHFORT::WANDB: model: critic_0, step: 1022, train_loss: 0.128869
TORCHFORT::WANDB: model: critic_0, step: 1022, train_lr: 0.000189464
TORCHFORT::WANDB: model: actor, step: 1022, train_loss: -0.178003
TORCHFORT::WANDB: model: actor, step: 1022, train_lr: 0.000189464
TORCHFORT::WANDB: model: alpha, step: 1022, train_loss: -2.74696
TORCHFORT::WANDB: model: alpha, step: 1022, train_lr: 0.0001
TORCHFORT::WANDB: model: critic_0, step: 1023, train_loss: 0.130697
TORCHFORT::WANDB: model: critic_0, step: 1023, train_lr: 0.000189633
TORCHFORT::WANDB: model: actor, step: 1023, train_loss: -0.171676
TORCHFORT::WANDB: model: actor, step: 1023, train_lr: 0.000189633
TORCHFORT::WANDB: model: alpha, step: 1023, train_loss: -2.79947
TORCHFORT::WANDB: model: alpha, step: 1023, train_lr: 0.0001
TORCHFORT::WANDB: model: critic_0, step: 1024, train_loss: 0.0907246
TORCHFORT::WANDB: model: critic_0, step: 1024, train_lr: 0.000189803
TORCHFORT::WANDB: model: actor, step: 1024, train_loss: -0.17637
TORCHFORT::WANDB: model: actor, step: 1024, train_lr: 0.000189803
TORCHFORT::WANDB: model: alpha, step: 1024, train_loss: -2.89358
TORCHFORT::WANDB: model: alpha, step: 1024, train_lr: 0.0001
TORCHFORT::WANDB: model: critic_0, step: 1025, train_loss: 0.107035
TORCHFORT::WANDB: model: critic_0, step: 1025, train_lr: 0.000189972
TORCHFORT::WANDB: model: actor, step: 1025, train_loss: -0.180215
TORCHFORT::WANDB: model: actor, step: 1025, train_lr: 0.000189972
TORCHFORT::WANDB: model: alpha, step: 1025, train_loss: -2.80733
TORCHFORT::WANDB: model: alpha, step: 1025, train_lr: 0.0001
TORCHFORT::WANDB: model: critic_0, step: 1026, train_loss: 0.111395
TORCHFORT::WANDB: model: critic_0, step: 1026, train_lr: 0.000190142
TORCHFORT::WANDB: model: actor, step: 1026, train_loss: -0.171051
TORCHFORT::WANDB: model: actor, step: 1026, train_lr: 0.000190142
TORCHFORT::WANDB: model: alpha, step: 1026, train_loss: -2.83502
TORCHFORT::WANDB: model: alpha, step: 1026, train_lr: 0.0001
TORCHFORT::WANDB: model: critic_0, step: 1027, train_loss: 0.0730555
TORCHFORT::WANDB: model: critic_0, step: 1027, train_lr: 0.000190312
TORCHFORT::WANDB: model: actor, step: 1027, train_loss: -0.176718
TORCHFORT::WANDB: model: actor, step: 1027, train_lr: 0.000190312
TORCHFORT::WANDB: model: alpha, step: 1027, train_loss: -2.74956
TORCHFORT::WANDB: model: alpha, step: 1027, train_lr: 0.0001
TORCHFORT::WANDB: model: critic_0, step: 1028, train_loss: 0.0821011
TORCHFORT::WANDB: model: critic_0, step: 1028, train_lr: 0.000190482
TORCHFORT::WANDB: model: actor, step: 1028, train_loss: -0.181731
TORCHFORT::WANDB: model: actor, step: 1028, train_lr: 0.000190482
TORCHFORT::WANDB: model: alpha, step: 1028, train_loss: -2.82964
TORCHFORT::WANDB: model: alpha, step: 1028, train_lr: 0.0001
TORCHFORT::WANDB: model: critic_0, step: 1029, train_loss: 0.0798923
TORCHFORT::WANDB: model: critic_0, step: 1029, train_lr: 0.000190652
TORCHFORT::WANDB: model: actor, step: 1029, train_loss: -0.161351
TORCHFORT::WANDB: model: actor, step: 1029, train_lr: 0.000190652
TORCHFORT::WANDB: model: alpha, step: 1029, train_loss: -2.8665
TORCHFORT::WANDB: model: alpha, step: 1029, train_lr: 0.0001
TORCHFORT::WANDB: model: critic_0, step: 1030, train_loss: 0.0883556
TORCHFORT::WANDB: model: critic_0, step: 1030, train_lr: 0.000190822
TORCHFORT::WANDB: model: actor, step: 1030, train_loss: -0.18701
TORCHFORT::WANDB: model: actor, step: 1030, train_lr: 0.000190822
TORCHFORT::WANDB: model: alpha, step: 1030, train_loss: -2.80149
TORCHFORT::WANDB: model: alpha, step: 1030, train_lr: 0.0001
TORCHFORT::WANDB: model: critic_0, step: 1031, train_loss: 0.0882227
TORCHFORT::WANDB: model: critic_0, step: 1031, train_lr: 0.000190993
TORCHFORT::WANDB: model: actor, step: 1031, train_loss: -0.185037
TORCHFORT::WANDB: model: actor, step: 1031, train_lr: 0.000190993
TORCHFORT::WANDB: model: alpha, step: 1031, train_loss: -2.87904
TORCHFORT::WANDB: model: alpha, step: 1031, train_lr: 0.0001
TORCHFORT::WANDB: model: critic_0, step: 1032, train_loss: 0.0822564
TORCHFORT::WANDB: model: critic_0, step: 1032, train_lr: 0.000191163
TORCHFORT::WANDB: model: actor, step: 1032, train_loss: -0.163875
TORCHFORT::WANDB: model: actor, step: 1032, train_lr: 0.000191163
TORCHFORT::WANDB: model: alpha, step: 1032, train_loss: -2.82879
TORCHFORT::WANDB: model: alpha, step: 1032, train_lr: 0.0001
TORCHFORT::WANDB: model: critic_0, step: 1033, train_loss: 0.0777702
TORCHFORT::WANDB: model: critic_0, step: 1033, train_lr: 0.000191334
TORCHFORT::WANDB: model: actor, step: 1033, train_loss: -0.163474
TORCHFORT::WANDB: model: actor, step: 1033, train_lr: 0.000191334
TORCHFORT::WANDB: model: alpha, step: 1033, train_loss: -2.78469
TORCHFORT::WANDB: model: alpha, step: 1033, train_lr: 0.0001
TORCHFORT::WANDB: model: critic_0, step: 1034, train_loss: 0.0558433
TORCHFORT::WANDB: model: critic_0, step: 1034, train_lr: 0.000191505
TORCHFORT::WANDB: model: actor, step: 1034, train_loss: -0.160751
TORCHFORT::WANDB: model: actor, step: 1034, train_lr: 0.000191505
TORCHFORT::WANDB: model: alpha, step: 1034, train_loss: -2.76167
TORCHFORT::WANDB: model: alpha, step: 1034, train_lr: 0.0001
TORCHFORT::WANDB: model: critic_0, step: 1035, train_loss: 0.0863974
TORCHFORT::WANDB: model: critic_0, step: 1035, train_lr: 0.000191676
TORCHFORT::WANDB: model: actor, step: 1035, train_loss: -0.190472
TORCHFORT::WANDB: model: actor, step: 1035, train_lr: 0.000191676
TORCHFORT::WANDB: model: alpha, step: 1035, train_loss: -2.67815
TORCHFORT::WANDB: model: alpha, step: 1035, train_lr: 0.0001
TORCHFORT::WANDB: model: critic_0, step: 1036, train_loss: 0.104944
TORCHFORT::WANDB: model: critic_0, step: 1036, train_lr: 0.000191847
TORCHFORT::WANDB: model: actor, step: 1036, train_loss: -0.148787
TORCHFORT::WANDB: model: actor, step: 1036, train_lr: 0.000191847
TORCHFORT::WANDB: model: alpha, step: 1036, train_loss: -2.72473
TORCHFORT::WANDB: model: alpha, step: 1036, train_lr: 0.0001
TORCHFORT::WANDB: model: critic_0, step: 1037, train_loss: 0.0869108
TORCHFORT::WANDB: model: critic_0, step: 1037, train_lr: 0.000192018
TORCHFORT::WANDB: model: actor, step: 1037, train_loss: -0.157533
TORCHFORT::WANDB: model: actor, step: 1037, train_lr: 0.000192018
TORCHFORT::WANDB: model: alpha, step: 1037, train_loss: -2.83022
TORCHFORT::WANDB: model: alpha, step: 1037, train_lr: 0.0001
TORCHFORT::WANDB: model: critic_0, step: 1038, train_loss: 0.0997752
TORCHFORT::WANDB: model: critic_0, step: 1038, train_lr: 0.000192189
TORCHFORT::WANDB: model: actor, step: 1038, train_loss: -0.146297
TORCHFORT::WANDB: model: actor, step: 1038, train_lr: 0.000192189
TORCHFORT::WANDB: model: alpha, step: 1038, train_loss: -2.63952
TORCHFORT::WANDB: model: alpha, step: 1038, train_lr: 0.0001
TORCHFORT::WANDB: model: critic_0, step: 1039, train_loss: 0.0761067
TORCHFORT::WANDB: model: critic_0, step: 1039, train_lr: 0.000192361
TORCHFORT::WANDB: model: actor, step: 1039, train_loss: -0.164264
TORCHFORT::WANDB: model: actor, step: 1039, train_lr: 0.000192361
TORCHFORT::WANDB: model: alpha, step: 1039, train_loss: -2.7751
TORCHFORT::WANDB: model: alpha, step: 1039, train_lr: 0.0001
TORCHFORT::WANDB: model: critic_0, step: 1040, train_loss: 0.0757819
TORCHFORT::WANDB: model: critic_0, step: 1040, train_lr: 0.000192533
TORCHFORT::WANDB: model: actor, step: 1040, train_loss: -0.157133
TORCHFORT::WANDB: model: actor, step: 1040, train_lr: 0.000192533
TORCHFORT::WANDB: model: alpha, step: 1040, train_loss: -2.63458
TORCHFORT::WANDB: model: alpha, step: 1040, train_lr: 0.0001
TORCHFORT::WANDB: model: critic_0, step: 1041, train_loss: 0.149243
TORCHFORT::WANDB: model: critic_0, step: 1041, train_lr: 0.000192704
TORCHFORT::WANDB: model: actor, step: 1041, train_loss: -0.147352
TORCHFORT::WANDB: model: actor, step: 1041, train_lr: 0.000192704
TORCHFORT::WANDB: model: alpha, step: 1041, train_loss: -2.89515
TORCHFORT::WANDB: model: alpha, step: 1041, train_lr: 0.0001
TORCHFORT::WANDB: model: critic_0, step: 1042, train_loss: 0.0661604
TORCHFORT::WANDB: model: critic_0, step: 1042, train_lr: 0.000192876
TORCHFORT::WANDB: model: actor, step: 1042, train_loss: -0.163213
TORCHFORT::WANDB: model: actor, step: 1042, train_lr: 0.000192876
TORCHFORT::WANDB: model: alpha, step: 1042, train_loss: -2.71075
TORCHFORT::WANDB: model: alpha, step: 1042, train_lr: 0.0001
TORCHFORT::WANDB: model: critic_0, step: 1043, train_loss: 0.0930829
TORCHFORT::WANDB: model: critic_0, step: 1043, train_lr: 0.000193048
TORCHFORT::WANDB: model: actor, step: 1043, train_loss: -0.152796
TORCHFORT::WANDB: model: actor, step: 1043, train_lr: 0.000193048
TORCHFORT::WANDB: model: alpha, step: 1043, train_loss: -2.79552
TORCHFORT::WANDB: model: alpha, step: 1043, train_lr: 0.0001
TORCHFORT::WANDB: model: critic_0, step: 1044, train_loss: 0.0632308
TORCHFORT::WANDB: model: critic_0, step: 1044, train_lr: 0.000193221
TORCHFORT::WANDB: model: actor, step: 1044, train_loss: -0.170217
TORCHFORT::WANDB: model: actor, step: 1044, train_lr: 0.000193221
TORCHFORT::WANDB: model: alpha, step: 1044, train_loss: -2.88766
TORCHFORT::WANDB: model: alpha, step: 1044, train_lr: 0.0001
TORCHFORT::WANDB: model: critic_0, step: 1045, train_loss: 0.0974825
TORCHFORT::WANDB: model: critic_0, step: 1045, train_lr: 0.000193393
TORCHFORT::WANDB: model: actor, step: 1045, train_loss: -0.158491
TORCHFORT::WANDB: model: actor, step: 1045, train_lr: 0.000193393
TORCHFORT::WANDB: model: alpha, step: 1045, train_loss: -2.75659
TORCHFORT::WANDB: model: alpha, step: 1045, train_lr: 0.0001
TORCHFORT::WANDB: model: critic_0, step: 1046, train_loss: 0.0785071
TORCHFORT::WANDB: model: critic_0, step: 1046, train_lr: 0.000193566
TORCHFORT::WANDB: model: actor, step: 1046, train_loss: -0.148234
TORCHFORT::WANDB: model: actor, step: 1046, train_lr: 0.000193566
TORCHFORT::WANDB: model: alpha, step: 1046, train_loss: -2.82623
TORCHFORT::WANDB: model: alpha, step: 1046, train_lr: 0.0001
TORCHFORT::WANDB: model: critic_0, step: 1047, train_loss: 0.0925118
TORCHFORT::WANDB: model: critic_0, step: 1047, train_lr: 0.000193738
TORCHFORT::WANDB: model: actor, step: 1047, train_loss: -0.162674
TORCHFORT::WANDB: model: actor, step: 1047, train_lr: 0.000193738
TORCHFORT::WANDB: model: alpha, step: 1047, train_loss: -2.77158
TORCHFORT::WANDB: model: alpha, step: 1047, train_lr: 0.0001
TORCHFORT::WANDB: model: critic_0, step: 1048, train_loss: 0.0653033
TORCHFORT::WANDB: model: critic_0, step: 1048, train_lr: 0.000193911
TORCHFORT::WANDB: model: actor, step: 1048, train_loss: -0.144295
TORCHFORT::WANDB: model: actor, step: 1048, train_lr: 0.000193911
TORCHFORT::WANDB: model: alpha, step: 1048, train_loss: -2.7773
TORCHFORT::WANDB: model: alpha, step: 1048, train_lr: 0.0001
TORCHFORT::WANDB: model: critic_0, step: 1049, train_loss: 0.13361
TORCHFORT::WANDB: model: critic_0, step: 1049, train_lr: 0.000194084
TORCHFORT::WANDB: model: actor, step: 1049, train_loss: -0.157227
TORCHFORT::WANDB: model: actor, step: 1049, train_lr: 0.000194084
TORCHFORT::WANDB: model: alpha, step: 1049, train_loss: -2.84116
TORCHFORT::WANDB: model: alpha, step: 1049, train_lr: 0.0001
TORCHFORT::WANDB: model: critic_0, step: 1050, train_loss: 0.150814
TORCHFORT::WANDB: model: critic_0, step: 1050, train_lr: 0.000194257
TORCHFORT::WANDB: model: actor, step: 1050, train_loss: -0.164942
TORCHFORT::WANDB: model: actor, step: 1050, train_lr: 0.000194257
TORCHFORT::WANDB: model: alpha, step: 1050, train_loss: -2.70284
TORCHFORT::WANDB: model: alpha, step: 1050, train_lr: 0.0001
TORCHFORT::WANDB: model: critic_0, step: 1051, train_loss: 0.127291
TORCHFORT::WANDB: model: critic_0, step: 1051, train_lr: 0.00019443
TORCHFORT::WANDB: model: actor, step: 1051, train_loss: -0.158887
TORCHFORT::WANDB: model: actor, step: 1051, train_lr: 0.00019443
TORCHFORT::WANDB: model: alpha, step: 1051, train_loss: -2.83986
TORCHFORT::WANDB: model: alpha, step: 1051, train_lr: 0.0001
TORCHFORT::WANDB: model: critic_0, step: 1052, train_loss: 0.0788647
TORCHFORT::WANDB: model: critic_0, step: 1052, train_lr: 0.000194604
TORCHFORT::WANDB: model: actor, step: 1052, train_loss: -0.139354
TORCHFORT::WANDB: model: actor, step: 1052, train_lr: 0.000194604
TORCHFORT::WANDB: model: alpha, step: 1052, train_loss: -2.77059
TORCHFORT::WANDB: model: alpha, step: 1052, train_lr: 0.0001
TORCHFORT::WANDB: model: critic_0, step: 1053, train_loss: 0.0958911
TORCHFORT::WANDB: model: critic_0, step: 1053, train_lr: 0.000194777
TORCHFORT::WANDB: model: actor, step: 1053, train_loss: -0.146366
TORCHFORT::WANDB: model: actor, step: 1053, train_lr: 0.000194777
TORCHFORT::WANDB: model: alpha, step: 1053, train_loss: -2.79492
TORCHFORT::WANDB: model: alpha, step: 1053, train_lr: 0.0001
TORCHFORT::WANDB: model: critic_0, step: 1054, train_loss: 0.0827783
TORCHFORT::WANDB: model: critic_0, step: 1054, train_lr: 0.000194951
TORCHFORT::WANDB: model: actor, step: 1054, train_loss: -0.168166
TORCHFORT::WANDB: model: actor, step: 1054, train_lr: 0.000194951
TORCHFORT::WANDB: model: alpha, step: 1054, train_loss: -2.73469
TORCHFORT::WANDB: model: alpha, step: 1054, train_lr: 0.0001
TORCHFORT::WANDB: model: critic_0, step: 1055, train_loss: 0.0824364
TORCHFORT::WANDB: model: critic_0, step: 1055, train_lr: 0.000195125
TORCHFORT::WANDB: model: actor, step: 1055, train_loss: -0.148082
TORCHFORT::WANDB: model: actor, step: 1055, train_lr: 0.000195125
TORCHFORT::WANDB: model: alpha, step: 1055, train_loss: -2.9087
TORCHFORT::WANDB: model: alpha, step: 1055, train_lr: 0.0001
TORCHFORT::WANDB: model: critic_0, step: 1056, train_loss: 0.0788099
TORCHFORT::WANDB: model: critic_0, step: 1056, train_lr: 0.000195298
TORCHFORT::WANDB: model: actor, step: 1056, train_loss: -0.173802
TORCHFORT::WANDB: model: actor, step: 1056, train_lr: 0.000195298
TORCHFORT::WANDB: model: alpha, step: 1056, train_loss: -2.76784
TORCHFORT::WANDB: model: alpha, step: 1056, train_lr: 0.0001
TORCHFORT::WANDB: model: critic_0, step: 1057, train_loss: 0.109571
TORCHFORT::WANDB: model: critic_0, step: 1057, train_lr: 0.000195473
TORCHFORT::WANDB: model: actor, step: 1057, train_loss: -0.144492
TORCHFORT::WANDB: model: actor, step: 1057, train_lr: 0.000195473
TORCHFORT::WANDB: model: alpha, step: 1057, train_loss: -2.7742
TORCHFORT::WANDB: model: alpha, step: 1057, train_lr: 0.0001
TORCHFORT::WANDB: model: critic_0, step: 1058, train_loss: 0.0875368
TORCHFORT::WANDB: model: critic_0, step: 1058, train_lr: 0.000195647
TORCHFORT::WANDB: model: actor, step: 1058, train_loss: -0.175601
TORCHFORT::WANDB: model: actor, step: 1058, train_lr: 0.000195647
TORCHFORT::WANDB: model: alpha, step: 1058, train_loss: -2.75126
TORCHFORT::WANDB: model: alpha, step: 1058, train_lr: 0.0001
TORCHFORT::WANDB: model: critic_0, step: 1059, train_loss: 0.0947154
TORCHFORT::WANDB: model: critic_0, step: 1059, train_lr: 0.000195821
TORCHFORT::WANDB: model: actor, step: 1059, train_loss: -0.15996
TORCHFORT::WANDB: model: actor, step: 1059, train_lr: 0.000195821
TORCHFORT::WANDB: model: alpha, step: 1059, train_loss: -2.80147
TORCHFORT::WANDB: model: alpha, step: 1059, train_lr: 0.0001
TORCHFORT::WANDB: model: critic_0, step: 1060, train_loss: 0.101206
TORCHFORT::WANDB: model: critic_0, step: 1060, train_lr: 0.000195996
TORCHFORT::WANDB: model: actor, step: 1060, train_loss: -0.155475
TORCHFORT::WANDB: model: actor, step: 1060, train_lr: 0.000195996
TORCHFORT::WANDB: model: alpha, step: 1060, train_loss: -2.80635
TORCHFORT::WANDB: model: alpha, step: 1060, train_lr: 0.0001
TORCHFORT::WANDB: model: critic_0, step: 1061, train_loss: 0.0898194
TORCHFORT::WANDB: model: critic_0, step: 1061, train_lr: 0.00019617
TORCHFORT::WANDB: model: actor, step: 1061, train_loss: -0.136875
TORCHFORT::WANDB: model: actor, step: 1061, train_lr: 0.00019617
TORCHFORT::WANDB: model: alpha, step: 1061, train_loss: -2.73215
TORCHFORT::WANDB: model: alpha, step: 1061, train_lr: 0.0001
TORCHFORT::WANDB: model: critic_0, step: 1062, train_loss: 0.122176
TORCHFORT::WANDB: model: critic_0, step: 1062, train_lr: 0.000196345
TORCHFORT::WANDB: model: actor, step: 1062, train_loss: -0.153312
TORCHFORT::WANDB: model: actor, step: 1062, train_lr: 0.000196345
TORCHFORT::WANDB: model: alpha, step: 1062, train_loss: -2.83668
TORCHFORT::WANDB: model: alpha, step: 1062, train_lr: 0.0001
TORCHFORT::WANDB: model: critic_0, step: 1063, train_loss: 0.119011
TORCHFORT::WANDB: model: critic_0, step: 1063, train_lr: 0.00019652
TORCHFORT::WANDB: model: actor, step: 1063, train_loss: -0.165515
TORCHFORT::WANDB: model: actor, step: 1063, train_lr: 0.00019652
TORCHFORT::WANDB: model: alpha, step: 1063, train_loss: -2.85194
TORCHFORT::WANDB: model: alpha, step: 1063, train_lr: 0.0001
TORCHFORT::WANDB: model: critic_0, step: 1064, train_loss: 0.100973
TORCHFORT::WANDB: model: critic_0, step: 1064, train_lr: 0.000196695
TORCHFORT::WANDB: model: actor, step: 1064, train_loss: -0.165268
TORCHFORT::WANDB: model: actor, step: 1064, train_lr: 0.000196695
TORCHFORT::WANDB: model: alpha, step: 1064, train_loss: -2.81509
TORCHFORT::WANDB: model: alpha, step: 1064, train_lr: 0.0001
TORCHFORT::WANDB: model: critic_0, step: 1065, train_loss: 0.0542054
TORCHFORT::WANDB: model: critic_0, step: 1065, train_lr: 0.00019687
TORCHFORT::WANDB: model: actor, step: 1065, train_loss: -0.173333
TORCHFORT::WANDB: model: actor, step: 1065, train_lr: 0.00019687
TORCHFORT::WANDB: model: alpha, step: 1065, train_loss: -2.76584
TORCHFORT::WANDB: model: alpha, step: 1065, train_lr: 0.0001
TORCHFORT::WANDB: model: critic_0, step: 1066, train_loss: 0.108038
TORCHFORT::WANDB: model: critic_0, step: 1066, train_lr: 0.000197045
TORCHFORT::WANDB: model: actor, step: 1066, train_loss: -0.157755
TORCHFORT::WANDB: model: actor, step: 1066, train_lr: 0.000197045
TORCHFORT::WANDB: model: alpha, step: 1066, train_loss: -2.69671
TORCHFORT::WANDB: model: alpha, step: 1066, train_lr: 0.0001
TORCHFORT::WANDB: model: critic_0, step: 1067, train_loss: 0.0684654
TORCHFORT::WANDB: model: critic_0, step: 1067, train_lr: 0.000197221
TORCHFORT::WANDB: model: actor, step: 1067, train_loss: -0.155393
TORCHFORT::WANDB: model: actor, step: 1067, train_lr: 0.000197221
TORCHFORT::WANDB: model: alpha, step: 1067, train_loss: -2.73039
TORCHFORT::WANDB: model: alpha, step: 1067, train_lr: 0.0001
TORCHFORT::WANDB: model: critic_0, step: 1068, train_loss: 0.0746488
TORCHFORT::WANDB: model: critic_0, step: 1068, train_lr: 0.000197396
TORCHFORT::WANDB: model: actor, step: 1068, train_loss: -0.165662
TORCHFORT::WANDB: model: actor, step: 1068, train_lr: 0.000197396
TORCHFORT::WANDB: model: alpha, step: 1068, train_loss: -2.81503
TORCHFORT::WANDB: model: alpha, step: 1068, train_lr: 0.0001
TORCHFORT::WANDB: model: critic_0, step: 1069, train_loss: 0.0757224
TORCHFORT::WANDB: model: critic_0, step: 1069, train_lr: 0.000197572
TORCHFORT::WANDB: model: actor, step: 1069, train_loss: -0.172526
TORCHFORT::WANDB: model: actor, step: 1069, train_lr: 0.000197572
TORCHFORT::WANDB: model: alpha, step: 1069, train_loss: -2.73678
TORCHFORT::WANDB: model: alpha, step: 1069, train_lr: 0.0001
TORCHFORT::WANDB: model: critic_0, step: 1070, train_loss: 0.0974192
TORCHFORT::WANDB: model: critic_0, step: 1070, train_lr: 0.000197748
TORCHFORT::WANDB: model: actor, step: 1070, train_loss: -0.148878
TORCHFORT::WANDB: model: actor, step: 1070, train_lr: 0.000197748
TORCHFORT::WANDB: model: alpha, step: 1070, train_loss: -2.90634
TORCHFORT::WANDB: model: alpha, step: 1070, train_lr: 0.0001
TORCHFORT::WANDB: model: critic_0, step: 1071, train_loss: 0.0751321
TORCHFORT::WANDB: model: critic_0, step: 1071, train_lr: 0.000197924
TORCHFORT::WANDB: model: actor, step: 1071, train_loss: -0.145256
TORCHFORT::WANDB: model: actor, step: 1071, train_lr: 0.000197924
TORCHFORT::WANDB: model: alpha, step: 1071, train_loss: -2.79846
TORCHFORT::WANDB: model: alpha, step: 1071, train_lr: 0.0001
TORCHFORT::WANDB: model: critic_0, step: 1072, train_loss: 0.0820889
TORCHFORT::WANDB: model: critic_0, step: 1072, train_lr: 0.0001981
TORCHFORT::WANDB: model: actor, step: 1072, train_loss: -0.151109
TORCHFORT::WANDB: model: actor, step: 1072, train_lr: 0.0001981
TORCHFORT::WANDB: model: alpha, step: 1072, train_loss: -2.79958
TORCHFORT::WANDB: model: alpha, step: 1072, train_lr: 0.0001
TORCHFORT::WANDB: model: critic_0, step: 1073, train_loss: 0.0936928
TORCHFORT::WANDB: model: critic_0, step: 1073, train_lr: 0.000198277
TORCHFORT::WANDB: model: actor, step: 1073, train_loss: -0.146634
TORCHFORT::WANDB: model: actor, step: 1073, train_lr: 0.000198277
TORCHFORT::WANDB: model: alpha, step: 1073, train_loss: -2.75425
TORCHFORT::WANDB: model: alpha, step: 1073, train_lr: 0.0001
TORCHFORT::WANDB: model: critic_0, step: 1074, train_loss: 0.114423
TORCHFORT::WANDB: model: critic_0, step: 1074, train_lr: 0.000198453
TORCHFORT::WANDB: model: actor, step: 1074, train_loss: -0.152844
TORCHFORT::WANDB: model: actor, step: 1074, train_lr: 0.000198453
TORCHFORT::WANDB: model: alpha, step: 1074, train_loss: -2.76497
TORCHFORT::WANDB: model: alpha, step: 1074, train_lr: 0.0001
TORCHFORT::WANDB: model: critic_0, step: 1075, train_loss: 0.0982863
TORCHFORT::WANDB: model: critic_0, step: 1075, train_lr: 0.00019863
TORCHFORT::WANDB: model: actor, step: 1075, train_loss: -0.161164
TORCHFORT::WANDB: model: actor, step: 1075, train_lr: 0.00019863
TORCHFORT::WANDB: model: alpha, step: 1075, train_loss: -2.82371
TORCHFORT::WANDB: model: alpha, step: 1075, train_lr: 0.0001
TORCHFORT::WANDB: model: critic_0, step: 1076, train_loss: 0.113735
TORCHFORT::WANDB: model: critic_0, step: 1076, train_lr: 0.000198806
TORCHFORT::WANDB: model: actor, step: 1076, train_loss: -0.184991
TORCHFORT::WANDB: model: actor, step: 1076, train_lr: 0.000198806
TORCHFORT::WANDB: model: alpha, step: 1076, train_loss: -2.85275
TORCHFORT::WANDB: model: alpha, step: 1076, train_lr: 0.0001
TORCHFORT::WANDB: model: critic_0, step: 1077, train_loss: 0.148238
TORCHFORT::WANDB: model: critic_0, step: 1077, train_lr: 0.000198983
TORCHFORT::WANDB: model: actor, step: 1077, train_loss: -0.163973
TORCHFORT::WANDB: model: actor, step: 1077, train_lr: 0.000198983
TORCHFORT::WANDB: model: alpha, step: 1077, train_loss: -2.65959
TORCHFORT::WANDB: model: alpha, step: 1077, train_lr: 0.0001
TORCHFORT::WANDB: model: critic_0, step: 1078, train_loss: 0.105385
TORCHFORT::WANDB: model: critic_0, step: 1078, train_lr: 0.00019916
TORCHFORT::WANDB: model: actor, step: 1078, train_loss: -0.176871
TORCHFORT::WANDB: model: actor, step: 1078, train_lr: 0.00019916
TORCHFORT::WANDB: model: alpha, step: 1078, train_loss: -2.75049
TORCHFORT::WANDB: model: alpha, step: 1078, train_lr: 0.0001
TORCHFORT::WANDB: model: critic_0, step: 1079, train_loss: 0.0918167
TORCHFORT::WANDB: model: critic_0, step: 1079, train_lr: 0.000199337
TORCHFORT::WANDB: model: actor, step: 1079, train_loss: -0.16866
TORCHFORT::WANDB: model: actor, step: 1079, train_lr: 0.000199337
TORCHFORT::WANDB: model: alpha, step: 1079, train_loss: -2.82444
TORCHFORT::WANDB: model: alpha, step: 1079, train_lr: 0.0001
TORCHFORT::WANDB: model: critic_0, step: 1080, train_loss: 0.0864213
TORCHFORT::WANDB: model: critic_0, step: 1080, train_lr: 0.000199515
TORCHFORT::WANDB: model: actor, step: 1080, train_loss: -0.172221
TORCHFORT::WANDB: model: actor, step: 1080, train_lr: 0.000199515
TORCHFORT::WANDB: model: alpha, step: 1080, train_loss: -2.85537
TORCHFORT::WANDB: model: alpha, step: 1080, train_lr: 0.0001
TORCHFORT::WANDB: model: critic_0, step: 1081, train_loss: 0.0790858
TORCHFORT::WANDB: model: critic_0, step: 1081, train_lr: 0.000199692
TORCHFORT::WANDB: model: actor, step: 1081, train_loss: -0.161122
TORCHFORT::WANDB: model: actor, step: 1081, train_lr: 0.000199692
TORCHFORT::WANDB: model: alpha, step: 1081, train_loss: -2.80183
TORCHFORT::WANDB: model: alpha, step: 1081, train_lr: 0.0001
TORCHFORT::WANDB: model: critic_0, step: 1082, train_loss: 0.0715447
TORCHFORT::WANDB: model: critic_0, step: 1082, train_lr: 0.00019987
TORCHFORT::WANDB: model: actor, step: 1082, train_loss: -0.170413
TORCHFORT::WANDB: model: actor, step: 1082, train_lr: 0.00019987
TORCHFORT::WANDB: model: alpha, step: 1082, train_loss: -2.75046
TORCHFORT::WANDB: model: alpha, step: 1082, train_lr: 0.0001
TORCHFORT::WANDB: model: critic_0, step: 1083, train_loss: 0.0763611
TORCHFORT::WANDB: model: critic_0, step: 1083, train_lr: 0.000200047
TORCHFORT::WANDB: model: actor, step: 1083, train_loss: -0.176589
TORCHFORT::WANDB: model: actor, step: 1083, train_lr: 0.000200047
TORCHFORT::WANDB: model: alpha, step: 1083, train_loss: -2.79304
TORCHFORT::WANDB: model: alpha, step: 1083, train_lr: 0.0001
TORCHFORT::WANDB: model: critic_0, step: 1084, train_loss: 0.150932
TORCHFORT::WANDB: model: critic_0, step: 1084, train_lr: 0.000200225
TORCHFORT::WANDB: model: actor, step: 1084, train_loss: -0.176534
TORCHFORT::WANDB: model: actor, step: 1084, train_lr: 0.000200225
TORCHFORT::WANDB: model: alpha, step: 1084, train_loss: -2.97334
TORCHFORT::WANDB: model: alpha, step: 1084, train_lr: 0.0001
TORCHFORT::WANDB: model: critic_0, step: 1085, train_loss: 0.0928417
TORCHFORT::WANDB: model: critic_0, step: 1085, train_lr: 0.000200403
TORCHFORT::WANDB: model: actor, step: 1085, train_loss: -0.149107
TORCHFORT::WANDB: model: actor, step: 1085, train_lr: 0.000200403
TORCHFORT::WANDB: model: alpha, step: 1085, train_loss: -2.79222
TORCHFORT::WANDB: model: alpha, step: 1085, train_lr: 0.0001
TORCHFORT::WANDB: model: critic_0, step: 1086, train_loss: 0.122386
TORCHFORT::WANDB: model: critic_0, step: 1086, train_lr: 0.000200581
TORCHFORT::WANDB: model: actor, step: 1086, train_loss: -0.172399
TORCHFORT::WANDB: model: actor, step: 1086, train_lr: 0.000200581
TORCHFORT::WANDB: model: alpha, step: 1086, train_loss: -2.85035
TORCHFORT::WANDB: model: alpha, step: 1086, train_lr: 0.0001
TORCHFORT::WANDB: model: critic_0, step: 1087, train_loss: 0.118046
TORCHFORT::WANDB: model: critic_0, step: 1087, train_lr: 0.000200759
TORCHFORT::WANDB: model: actor, step: 1087, train_loss: -0.15488
TORCHFORT::WANDB: model: actor, step: 1087, train_lr: 0.000200759
TORCHFORT::WANDB: model: alpha, step: 1087, train_loss: -2.91228
TORCHFORT::WANDB: model: alpha, step: 1087, train_lr: 0.0001
TORCHFORT::WANDB: model: critic_0, step: 1088, train_loss: 0.0726529
TORCHFORT::WANDB: model: critic_0, step: 1088, train_lr: 0.000200938
TORCHFORT::WANDB: model: actor, step: 1088, train_loss: -0.156811
TORCHFORT::WANDB: model: actor, step: 1088, train_lr: 0.000200938
TORCHFORT::WANDB: model: alpha, step: 1088, train_loss: -2.73285
TORCHFORT::WANDB: model: alpha, step: 1088, train_lr: 0.0001
TORCHFORT::WANDB: model: critic_0, step: 1089, train_loss: 0.127357
TORCHFORT::WANDB: model: critic_0, step: 1089, train_lr: 0.000201116
TORCHFORT::WANDB: model: actor, step: 1089, train_loss: -0.17706
TORCHFORT::WANDB: model: actor, step: 1089, train_lr: 0.000201116
TORCHFORT::WANDB: model: alpha, step: 1089, train_loss: -2.86402
TORCHFORT::WANDB: model: alpha, step: 1089, train_lr: 0.0001
TORCHFORT::WANDB: model: critic_0, step: 1090, train_loss: 0.11431
TORCHFORT::WANDB: model: critic_0, step: 1090, train_lr: 0.000201295
TORCHFORT::WANDB: model: actor, step: 1090, train_loss: -0.173966
TORCHFORT::WANDB: model: actor, step: 1090, train_lr: 0.000201295
TORCHFORT::WANDB: model: alpha, step: 1090, train_loss: -2.77937
TORCHFORT::WANDB: model: alpha, step: 1090, train_lr: 0.0001
TORCHFORT::WANDB: model: critic_0, step: 1091, train_loss: 0.117018
TORCHFORT::WANDB: model: critic_0, step: 1091, train_lr: 0.000201474
TORCHFORT::WANDB: model: actor, step: 1091, train_loss: -0.168205
TORCHFORT::WANDB: model: actor, step: 1091, train_lr: 0.000201474
TORCHFORT::WANDB: model: alpha, step: 1091, train_loss: -2.65441
TORCHFORT::WANDB: model: alpha, step: 1091, train_lr: 0.0001
TORCHFORT::WANDB: model: critic_0, step: 1092, train_loss: 0.112285
TORCHFORT::WANDB: model: critic_0, step: 1092, train_lr: 0.000201653
TORCHFORT::WANDB: model: actor, step: 1092, train_loss: -0.182519
TORCHFORT::WANDB: model: actor, step: 1092, train_lr: 0.000201653
TORCHFORT::WANDB: model: alpha, step: 1092, train_loss: -2.71813
TORCHFORT::WANDB: model: alpha, step: 1092, train_lr: 0.0001
TORCHFORT::WANDB: model: critic_0, step: 1093, train_loss: 0.0645327
TORCHFORT::WANDB: model: critic_0, step: 1093, train_lr: 0.000201832
TORCHFORT::WANDB: model: actor, step: 1093, train_loss: -0.175081
TORCHFORT::WANDB: model: actor, step: 1093, train_lr: 0.000201832
TORCHFORT::WANDB: model: alpha, step: 1093, train_loss: -2.78938
TORCHFORT::WANDB: model: alpha, step: 1093, train_lr: 0.0001
TORCHFORT::WANDB: model: critic_0, step: 1094, train_loss: 0.115876
TORCHFORT::WANDB: model: critic_0, step: 1094, train_lr: 0.000202011
TORCHFORT::WANDB: model: actor, step: 1094, train_loss: -0.180348
TORCHFORT::WANDB: model: actor, step: 1094, train_lr: 0.000202011
TORCHFORT::WANDB: model: alpha, step: 1094, train_loss: -2.81332
TORCHFORT::WANDB: model: alpha, step: 1094, train_lr: 0.0001
TORCHFORT::WANDB: model: critic_0, step: 1095, train_loss: 0.128512
TORCHFORT::WANDB: model: critic_0, step: 1095, train_lr: 0.00020219
TORCHFORT::WANDB: model: actor, step: 1095, train_loss: -0.190857
TORCHFORT::WANDB: model: actor, step: 1095, train_lr: 0.00020219
TORCHFORT::WANDB: model: alpha, step: 1095, train_loss: -2.77636
TORCHFORT::WANDB: model: alpha, step: 1095, train_lr: 0.0001
TORCHFORT::WANDB: model: critic_0, step: 1096, train_loss: 0.10665
TORCHFORT::WANDB: model: critic_0, step: 1096, train_lr: 0.00020237
TORCHFORT::WANDB: model: actor, step: 1096, train_loss: -0.194073
TORCHFORT::WANDB: model: actor, step: 1096, train_lr: 0.00020237
TORCHFORT::WANDB: model: alpha, step: 1096, train_loss: -2.90786
TORCHFORT::WANDB: model: alpha, step: 1096, train_lr: 0.0001
TORCHFORT::WANDB: model: critic_0, step: 1097, train_loss: 0.0851973
TORCHFORT::WANDB: model: critic_0, step: 1097, train_lr: 0.000202549
TORCHFORT::WANDB: model: actor, step: 1097, train_loss: -0.203093
TORCHFORT::WANDB: model: actor, step: 1097, train_lr: 0.000202549
TORCHFORT::WANDB: model: alpha, step: 1097, train_loss: -2.78203
TORCHFORT::WANDB: model: alpha, step: 1097, train_lr: 0.0001
TORCHFORT::WANDB: model: critic_0, step: 1098, train_loss: 0.108178
TORCHFORT::WANDB: model: critic_0, step: 1098, train_lr: 0.000202729
TORCHFORT::WANDB: model: actor, step: 1098, train_loss: -0.171952
TORCHFORT::WANDB: model: actor, step: 1098, train_lr: 0.000202729
TORCHFORT::WANDB: model: alpha, step: 1098, train_loss: -2.78086
TORCHFORT::WANDB: model: alpha, step: 1098, train_lr: 0.0001
TORCHFORT::WANDB: model: critic_0, step: 1099, train_loss: 0.102731
TORCHFORT::WANDB: model: critic_0, step: 1099, train_lr: 0.000202909
TORCHFORT::WANDB: model: actor, step: 1099, train_loss: -0.175834
TORCHFORT::WANDB: model: actor, step: 1099, train_lr: 0.000202909
TORCHFORT::WANDB: model: alpha, step: 1099, train_loss: -2.71527
TORCHFORT::WANDB: model: alpha, step: 1099, train_lr: 0.0001
TORCHFORT::WANDB: model: critic_0, step: 1100, train_loss: 0.0696068
TORCHFORT::WANDB: model: critic_0, step: 1100, train_lr: 0.000203089
TORCHFORT::WANDB: model: actor, step: 1100, train_loss: -0.174198
TORCHFORT::WANDB: model: actor, step: 1100, train_lr: 0.000203089
TORCHFORT::WANDB: model: alpha, step: 1100, train_loss: -2.68275
TORCHFORT::WANDB: model: alpha, step: 1100, train_lr: 0.0001
TORCHFORT::WANDB: model: rlwm, step: 11, reward_sum: 1586.91
TORCHFORT::WANDB: model: rlwm, step: 11, policy_loss: -0.174198
TORCHFORT::WANDB: model: rlwm, step: 11, critic_loss: 0.0696068
TORCHFORT::WANDB: model: critic_0, step: 1101, train_loss: 0.113716
TORCHFORT::WANDB: model: critic_0, step: 1101, train_lr: 0.000203269
TORCHFORT::WANDB: model: actor, step: 1101, train_loss: -0.175047
TORCHFORT::WANDB: model: actor, step: 1101, train_lr: 0.000203269
TORCHFORT::WANDB: model: alpha, step: 1101, train_loss: -2.82575
TORCHFORT::WANDB: model: alpha, step: 1101, train_lr: 0.0001
TORCHFORT::WANDB: model: critic_0, step: 1102, train_loss: 0.163266
TORCHFORT::WANDB: model: critic_0, step: 1102, train_lr: 0.000203449
TORCHFORT::WANDB: model: actor, step: 1102, train_loss: -0.189027
TORCHFORT::WANDB: model: actor, step: 1102, train_lr: 0.000203449
TORCHFORT::WANDB: model: alpha, step: 1102, train_loss: -2.92237
TORCHFORT::WANDB: model: alpha, step: 1102, train_lr: 0.0001
TORCHFORT::WANDB: model: critic_0, step: 1103, train_loss: 0.100386
TORCHFORT::WANDB: model: critic_0, step: 1103, train_lr: 0.00020363
TORCHFORT::WANDB: model: actor, step: 1103, train_loss: -0.183794
TORCHFORT::WANDB: model: actor, step: 1103, train_lr: 0.00020363
TORCHFORT::WANDB: model: alpha, step: 1103, train_loss: -2.7908
TORCHFORT::WANDB: model: alpha, step: 1103, train_lr: 0.0001
TORCHFORT::WANDB: model: critic_0, step: 1104, train_loss: 0.159894
TORCHFORT::WANDB: model: critic_0, step: 1104, train_lr: 0.00020381
TORCHFORT::WANDB: model: actor, step: 1104, train_loss: -0.182664
TORCHFORT::WANDB: model: actor, step: 1104, train_lr: 0.00020381
TORCHFORT::WANDB: model: alpha, step: 1104, train_loss: -2.69698
TORCHFORT::WANDB: model: alpha, step: 1104, train_lr: 0.0001
TORCHFORT::WANDB: model: critic_0, step: 1105, train_loss: 0.0859104
TORCHFORT::WANDB: model: critic_0, step: 1105, train_lr: 0.000203991
TORCHFORT::WANDB: model: actor, step: 1105, train_loss: -0.172712
TORCHFORT::WANDB: model: actor, step: 1105, train_lr: 0.000203991
TORCHFORT::WANDB: model: alpha, step: 1105, train_loss: -2.71411
TORCHFORT::WANDB: model: alpha, step: 1105, train_lr: 0.0001
TORCHFORT::WANDB: model: critic_0, step: 1106, train_loss: 0.0764962
TORCHFORT::WANDB: model: critic_0, step: 1106, train_lr: 0.000204172
TORCHFORT::WANDB: model: actor, step: 1106, train_loss: -0.177901
TORCHFORT::WANDB: model: actor, step: 1106, train_lr: 0.000204172
TORCHFORT::WANDB: model: alpha, step: 1106, train_loss: -2.81726
TORCHFORT::WANDB: model: alpha, step: 1106, train_lr: 0.0001
TORCHFORT::WANDB: model: critic_0, step: 1107, train_loss: 0.125169
TORCHFORT::WANDB: model: critic_0, step: 1107, train_lr: 0.000204353
TORCHFORT::WANDB: model: actor, step: 1107, train_loss: -0.171619
TORCHFORT::WANDB: model: actor, step: 1107, train_lr: 0.000204353
TORCHFORT::WANDB: model: alpha, step: 1107, train_loss: -2.76967
TORCHFORT::WANDB: model: alpha, step: 1107, train_lr: 0.0001
TORCHFORT::WANDB: model: critic_0, step: 1108, train_loss: 0.106806
TORCHFORT::WANDB: model: critic_0, step: 1108, train_lr: 0.000204534
TORCHFORT::WANDB: model: actor, step: 1108, train_loss: -0.16297
TORCHFORT::WANDB: model: actor, step: 1108, train_lr: 0.000204534
TORCHFORT::WANDB: model: alpha, step: 1108, train_loss: -2.89339
TORCHFORT::WANDB: model: alpha, step: 1108, train_lr: 0.0001
TORCHFORT::WANDB: model: critic_0, step: 1109, train_loss: 0.105444
TORCHFORT::WANDB: model: critic_0, step: 1109, train_lr: 0.000204715
TORCHFORT::WANDB: model: actor, step: 1109, train_loss: -0.17072
TORCHFORT::WANDB: model: actor, step: 1109, train_lr: 0.000204715
TORCHFORT::WANDB: model: alpha, step: 1109, train_loss: -2.90313
TORCHFORT::WANDB: model: alpha, step: 1109, train_lr: 0.0001
TORCHFORT::WANDB: model: critic_0, step: 1110, train_loss: 0.114501
TORCHFORT::WANDB: model: critic_0, step: 1110, train_lr: 0.000204897
TORCHFORT::WANDB: model: actor, step: 1110, train_loss: -0.169195
TORCHFORT::WANDB: model: actor, step: 1110, train_lr: 0.000204897
TORCHFORT::WANDB: model: alpha, step: 1110, train_loss: -2.7157
TORCHFORT::WANDB: model: alpha, step: 1110, train_lr: 0.0001
TORCHFORT::WANDB: model: critic_0, step: 1111, train_loss: 0.0668661
TORCHFORT::WANDB: model: critic_0, step: 1111, train_lr: 0.000205078
TORCHFORT::WANDB: model: actor, step: 1111, train_loss: -0.166859
TORCHFORT::WANDB: model: actor, step: 1111, train_lr: 0.000205078
TORCHFORT::WANDB: model: alpha, step: 1111, train_loss: -2.88403
TORCHFORT::WANDB: model: alpha, step: 1111, train_lr: 0.0001
TORCHFORT::WANDB: model: critic_0, step: 1112, train_loss: 0.123999
TORCHFORT::WANDB: model: critic_0, step: 1112, train_lr: 0.00020526
TORCHFORT::WANDB: model: actor, step: 1112, train_loss: -0.163602
TORCHFORT::WANDB: model: actor, step: 1112, train_lr: 0.00020526
TORCHFORT::WANDB: model: alpha, step: 1112, train_loss: -2.88161
TORCHFORT::WANDB: model: alpha, step: 1112, train_lr: 0.0001
TORCHFORT::WANDB: model: critic_0, step: 1113, train_loss: 0.0828032
TORCHFORT::WANDB: model: critic_0, step: 1113, train_lr: 0.000205442
TORCHFORT::WANDB: model: actor, step: 1113, train_loss: -0.162868
TORCHFORT::WANDB: model: actor, step: 1113, train_lr: 0.000205442
TORCHFORT::WANDB: model: alpha, step: 1113, train_loss: -2.85016
TORCHFORT::WANDB: model: alpha, step: 1113, train_lr: 0.0001
TORCHFORT::WANDB: model: critic_0, step: 1114, train_loss: 0.097016
TORCHFORT::WANDB: model: critic_0, step: 1114, train_lr: 0.000205624
TORCHFORT::WANDB: model: actor, step: 1114, train_loss: -0.159303
TORCHFORT::WANDB: model: actor, step: 1114, train_lr: 0.000205624
TORCHFORT::WANDB: model: alpha, step: 1114, train_loss: -2.69426
TORCHFORT::WANDB: model: alpha, step: 1114, train_lr: 0.0001
TORCHFORT::WANDB: model: critic_0, step: 1115, train_loss: 0.116084
TORCHFORT::WANDB: model: critic_0, step: 1115, train_lr: 0.000205806
TORCHFORT::WANDB: model: actor, step: 1115, train_loss: -0.178851
TORCHFORT::WANDB: model: actor, step: 1115, train_lr: 0.000205806
TORCHFORT::WANDB: model: alpha, step: 1115, train_loss: -2.81047
TORCHFORT::WANDB: model: alpha, step: 1115, train_lr: 0.0001
TORCHFORT::WANDB: model: critic_0, step: 1116, train_loss: 0.141588
TORCHFORT::WANDB: model: critic_0, step: 1116, train_lr: 0.000205988
TORCHFORT::WANDB: model: actor, step: 1116, train_loss: -0.182365
TORCHFORT::WANDB: model: actor, step: 1116, train_lr: 0.000205988
TORCHFORT::WANDB: model: alpha, step: 1116, train_loss: -2.75846
TORCHFORT::WANDB: model: alpha, step: 1116, train_lr: 0.0001
TORCHFORT::WANDB: model: critic_0, step: 1117, train_loss: 0.0694231
TORCHFORT::WANDB: model: critic_0, step: 1117, train_lr: 0.00020617
TORCHFORT::WANDB: model: actor, step: 1117, train_loss: -0.174428
TORCHFORT::WANDB: model: actor, step: 1117, train_lr: 0.00020617
TORCHFORT::WANDB: model: alpha, step: 1117, train_loss: -2.6501
TORCHFORT::WANDB: model: alpha, step: 1117, train_lr: 0.0001
TORCHFORT::WANDB: model: critic_0, step: 1118, train_loss: 0.0855592
TORCHFORT::WANDB: model: critic_0, step: 1118, train_lr: 0.000206353
TORCHFORT::WANDB: model: actor, step: 1118, train_loss: -0.168167
TORCHFORT::WANDB: model: actor, step: 1118, train_lr: 0.000206353
TORCHFORT::WANDB: model: alpha, step: 1118, train_loss: -2.7543
TORCHFORT::WANDB: model: alpha, step: 1118, train_lr: 0.0001
TORCHFORT::WANDB: model: critic_0, step: 1119, train_loss: 0.0842063
TORCHFORT::WANDB: model: critic_0, step: 1119, train_lr: 0.000206535
TORCHFORT::WANDB: model: actor, step: 1119, train_loss: -0.150648
TORCHFORT::WANDB: model: actor, step: 1119, train_lr: 0.000206535
TORCHFORT::WANDB: model: alpha, step: 1119, train_loss: -2.72061
TORCHFORT::WANDB: model: alpha, step: 1119, train_lr: 0.0001
TORCHFORT::WANDB: model: critic_0, step: 1120, train_loss: 0.145923
TORCHFORT::WANDB: model: critic_0, step: 1120, train_lr: 0.000206718
TORCHFORT::WANDB: model: actor, step: 1120, train_loss: -0.151452
TORCHFORT::WANDB: model: actor, step: 1120, train_lr: 0.000206718
TORCHFORT::WANDB: model: alpha, step: 1120, train_loss: -2.80158
TORCHFORT::WANDB: model: alpha, step: 1120, train_lr: 0.0001
TORCHFORT::WANDB: model: critic_0, step: 1121, train_loss: 0.119982
TORCHFORT::WANDB: model: critic_0, step: 1121, train_lr: 0.000206901
TORCHFORT::WANDB: model: actor, step: 1121, train_loss: -0.167725
TORCHFORT::WANDB: model: actor, step: 1121, train_lr: 0.000206901
TORCHFORT::WANDB: model: alpha, step: 1121, train_loss: -2.76827
TORCHFORT::WANDB: model: alpha, step: 1121, train_lr: 0.0001
TORCHFORT::WANDB: model: critic_0, step: 1122, train_loss: 0.10455
TORCHFORT::WANDB: model: critic_0, step: 1122, train_lr: 0.000207084
TORCHFORT::WANDB: model: actor, step: 1122, train_loss: -0.160106
TORCHFORT::WANDB: model: actor, step: 1122, train_lr: 0.000207084
TORCHFORT::WANDB: model: alpha, step: 1122, train_loss: -2.81241
TORCHFORT::WANDB: model: alpha, step: 1122, train_lr: 0.0001
TORCHFORT::WANDB: model: critic_0, step: 1123, train_loss: 0.119746
TORCHFORT::WANDB: model: critic_0, step: 1123, train_lr: 0.000207267
TORCHFORT::WANDB: model: actor, step: 1123, train_loss: -0.170622
TORCHFORT::WANDB: model: actor, step: 1123, train_lr: 0.000207267
TORCHFORT::WANDB: model: alpha, step: 1123, train_loss: -2.76486
TORCHFORT::WANDB: model: alpha, step: 1123, train_lr: 0.0001
TORCHFORT::WANDB: model: critic_0, step: 1124, train_loss: 0.0857754
TORCHFORT::WANDB: model: critic_0, step: 1124, train_lr: 0.00020745
TORCHFORT::WANDB: model: actor, step: 1124, train_loss: -0.175974
TORCHFORT::WANDB: model: actor, step: 1124, train_lr: 0.00020745
TORCHFORT::WANDB: model: alpha, step: 1124, train_loss: -2.86563
TORCHFORT::WANDB: model: alpha, step: 1124, train_lr: 0.0001
TORCHFORT::WANDB: model: critic_0, step: 1125, train_loss: 0.113452
TORCHFORT::WANDB: model: critic_0, step: 1125, train_lr: 0.000207634
TORCHFORT::WANDB: model: actor, step: 1125, train_loss: -0.170256
TORCHFORT::WANDB: model: actor, step: 1125, train_lr: 0.000207634
TORCHFORT::WANDB: model: alpha, step: 1125, train_loss: -2.78244
TORCHFORT::WANDB: model: alpha, step: 1125, train_lr: 0.0001
TORCHFORT::WANDB: model: critic_0, step: 1126, train_loss: 0.086402
TORCHFORT::WANDB: model: critic_0, step: 1126, train_lr: 0.000207817
TORCHFORT::WANDB: model: actor, step: 1126, train_loss: -0.169266
TORCHFORT::WANDB: model: actor, step: 1126, train_lr: 0.000207817
TORCHFORT::WANDB: model: alpha, step: 1126, train_loss: -2.91702
TORCHFORT::WANDB: model: alpha, step: 1126, train_lr: 0.0001
TORCHFORT::WANDB: model: critic_0, step: 1127, train_loss: 0.118041
TORCHFORT::WANDB: model: critic_0, step: 1127, train_lr: 0.000208001
TORCHFORT::WANDB: model: actor, step: 1127, train_loss: -0.175162
TORCHFORT::WANDB: model: actor, step: 1127, train_lr: 0.000208001
TORCHFORT::WANDB: model: alpha, step: 1127, train_loss: -2.81823
TORCHFORT::WANDB: model: alpha, step: 1127, train_lr: 0.0001
TORCHFORT::WANDB: model: critic_0, step: 1128, train_loss: 0.0942948
TORCHFORT::WANDB: model: critic_0, step: 1128, train_lr: 0.000208185
TORCHFORT::WANDB: model: actor, step: 1128, train_loss: -0.184195
TORCHFORT::WANDB: model: actor, step: 1128, train_lr: 0.000208185
TORCHFORT::WANDB: model: alpha, step: 1128, train_loss: -2.84219
TORCHFORT::WANDB: model: alpha, step: 1128, train_lr: 0.0001
TORCHFORT::WANDB: model: critic_0, step: 1129, train_loss: 0.0673216
TORCHFORT::WANDB: model: critic_0, step: 1129, train_lr: 0.000208369
TORCHFORT::WANDB: model: actor, step: 1129, train_loss: -0.186848
TORCHFORT::WANDB: model: actor, step: 1129, train_lr: 0.000208369
TORCHFORT::WANDB: model: alpha, step: 1129, train_loss: -2.9084
TORCHFORT::WANDB: model: alpha, step: 1129, train_lr: 0.0001
TORCHFORT::WANDB: model: critic_0, step: 1130, train_loss: 0.108072
TORCHFORT::WANDB: model: critic_0, step: 1130, train_lr: 0.000208553
TORCHFORT::WANDB: model: actor, step: 1130, train_loss: -0.186373
TORCHFORT::WANDB: model: actor, step: 1130, train_lr: 0.000208553
TORCHFORT::WANDB: model: alpha, step: 1130, train_loss: -2.83436
TORCHFORT::WANDB: model: alpha, step: 1130, train_lr: 0.0001
TORCHFORT::WANDB: model: critic_0, step: 1131, train_loss: 0.0865728
TORCHFORT::WANDB: model: critic_0, step: 1131, train_lr: 0.000208737
TORCHFORT::WANDB: model: actor, step: 1131, train_loss: -0.193216
TORCHFORT::WANDB: model: actor, step: 1131, train_lr: 0.000208737
TORCHFORT::WANDB: model: alpha, step: 1131, train_loss: -2.79626
TORCHFORT::WANDB: model: alpha, step: 1131, train_lr: 0.0001
TORCHFORT::WANDB: model: critic_0, step: 1132, train_loss: 0.0916667
TORCHFORT::WANDB: model: critic_0, step: 1132, train_lr: 0.000208922
TORCHFORT::WANDB: model: actor, step: 1132, train_loss: -0.187685
TORCHFORT::WANDB: model: actor, step: 1132, train_lr: 0.000208922
TORCHFORT::WANDB: model: alpha, step: 1132, train_loss: -2.7812
TORCHFORT::WANDB: model: alpha, step: 1132, train_lr: 0.0001
TORCHFORT::WANDB: model: critic_0, step: 1133, train_loss: 0.117763
TORCHFORT::WANDB: model: critic_0, step: 1133, train_lr: 0.000209106
TORCHFORT::WANDB: model: actor, step: 1133, train_loss: -0.187584
TORCHFORT::WANDB: model: actor, step: 1133, train_lr: 0.000209106
TORCHFORT::WANDB: model: alpha, step: 1133, train_loss: -2.85064
TORCHFORT::WANDB: model: alpha, step: 1133, train_lr: 0.0001
TORCHFORT::WANDB: model: critic_0, step: 1134, train_loss: 0.110827
TORCHFORT::WANDB: model: critic_0, step: 1134, train_lr: 0.000209291
TORCHFORT::WANDB: model: actor, step: 1134, train_loss: -0.170831
TORCHFORT::WANDB: model: actor, step: 1134, train_lr: 0.000209291
TORCHFORT::WANDB: model: alpha, step: 1134, train_loss: -2.83892
TORCHFORT::WANDB: model: alpha, step: 1134, train_lr: 0.0001
TORCHFORT::WANDB: model: critic_0, step: 1135, train_loss: 0.0847195
TORCHFORT::WANDB: model: critic_0, step: 1135, train_lr: 0.000209475
TORCHFORT::WANDB: model: actor, step: 1135, train_loss: -0.17505
TORCHFORT::WANDB: model: actor, step: 1135, train_lr: 0.000209475
TORCHFORT::WANDB: model: alpha, step: 1135, train_loss: -2.81108
TORCHFORT::WANDB: model: alpha, step: 1135, train_lr: 0.0001
TORCHFORT::WANDB: model: critic_0, step: 1136, train_loss: 0.141613
TORCHFORT::WANDB: model: critic_0, step: 1136, train_lr: 0.00020966
TORCHFORT::WANDB: model: actor, step: 1136, train_loss: -0.157747
TORCHFORT::WANDB: model: actor, step: 1136, train_lr: 0.00020966
TORCHFORT::WANDB: model: alpha, step: 1136, train_loss: -2.81509
TORCHFORT::WANDB: model: alpha, step: 1136, train_lr: 0.0001
TORCHFORT::WANDB: model: critic_0, step: 1137, train_loss: 0.136031
TORCHFORT::WANDB: model: critic_0, step: 1137, train_lr: 0.000209845
TORCHFORT::WANDB: model: actor, step: 1137, train_loss: -0.201736
TORCHFORT::WANDB: model: actor, step: 1137, train_lr: 0.000209845
TORCHFORT::WANDB: model: alpha, step: 1137, train_loss: -2.7541
TORCHFORT::WANDB: model: alpha, step: 1137, train_lr: 0.0001
TORCHFORT::WANDB: model: critic_0, step: 1138, train_loss: 0.0839012
TORCHFORT::WANDB: model: critic_0, step: 1138, train_lr: 0.000210031
TORCHFORT::WANDB: model: actor, step: 1138, train_loss: -0.157522
TORCHFORT::WANDB: model: actor, step: 1138, train_lr: 0.000210031
TORCHFORT::WANDB: model: alpha, step: 1138, train_loss: -2.77894
TORCHFORT::WANDB: model: alpha, step: 1138, train_lr: 0.0001
TORCHFORT::WANDB: model: critic_0, step: 1139, train_loss: 0.126645
TORCHFORT::WANDB: model: critic_0, step: 1139, train_lr: 0.000210216
TORCHFORT::WANDB: model: actor, step: 1139, train_loss: -0.165068
TORCHFORT::WANDB: model: actor, step: 1139, train_lr: 0.000210216
TORCHFORT::WANDB: model: alpha, step: 1139, train_loss: -2.83382
TORCHFORT::WANDB: model: alpha, step: 1139, train_lr: 0.0001
TORCHFORT::WANDB: model: critic_0, step: 1140, train_loss: 0.0833158
TORCHFORT::WANDB: model: critic_0, step: 1140, train_lr: 0.000210401
TORCHFORT::WANDB: model: actor, step: 1140, train_loss: -0.164622
TORCHFORT::WANDB: model: actor, step: 1140, train_lr: 0.000210401
TORCHFORT::WANDB: model: alpha, step: 1140, train_loss: -2.87453
TORCHFORT::WANDB: model: alpha, step: 1140, train_lr: 0.0001
TORCHFORT::WANDB: model: critic_0, step: 1141, train_loss: 0.0822192
TORCHFORT::WANDB: model: critic_0, step: 1141, train_lr: 0.000210587
TORCHFORT::WANDB: model: actor, step: 1141, train_loss: -0.168867
TORCHFORT::WANDB: model: actor, step: 1141, train_lr: 0.000210587
TORCHFORT::WANDB: model: alpha, step: 1141, train_loss: -2.79166
TORCHFORT::WANDB: model: alpha, step: 1141, train_lr: 0.0001
TORCHFORT::WANDB: model: critic_0, step: 1142, train_loss: 0.0989551
TORCHFORT::WANDB: model: critic_0, step: 1142, train_lr: 0.000210773
TORCHFORT::WANDB: model: actor, step: 1142, train_loss: -0.185822
TORCHFORT::WANDB: model: actor, step: 1142, train_lr: 0.000210773
TORCHFORT::WANDB: model: alpha, step: 1142, train_loss: -2.88972
TORCHFORT::WANDB: model: alpha, step: 1142, train_lr: 0.0001
TORCHFORT::WANDB: model: critic_0, step: 1143, train_loss: 0.122413
TORCHFORT::WANDB: model: critic_0, step: 1143, train_lr: 0.000210958
TORCHFORT::WANDB: model: actor, step: 1143, train_loss: -0.154551
TORCHFORT::WANDB: model: actor, step: 1143, train_lr: 0.000210958
TORCHFORT::WANDB: model: alpha, step: 1143, train_loss: -2.82468
TORCHFORT::WANDB: model: alpha, step: 1143, train_lr: 0.0001
TORCHFORT::WANDB: model: critic_0, step: 1144, train_loss: 0.114219
TORCHFORT::WANDB: model: critic_0, step: 1144, train_lr: 0.000211144
TORCHFORT::WANDB: model: actor, step: 1144, train_loss: -0.163891
TORCHFORT::WANDB: model: actor, step: 1144, train_lr: 0.000211144
TORCHFORT::WANDB: model: alpha, step: 1144, train_loss: -2.85904
TORCHFORT::WANDB: model: alpha, step: 1144, train_lr: 0.0001
TORCHFORT::WANDB: model: critic_0, step: 1145, train_loss: 0.0885177
TORCHFORT::WANDB: model: critic_0, step: 1145, train_lr: 0.000211331
TORCHFORT::WANDB: model: actor, step: 1145, train_loss: -0.173654
TORCHFORT::WANDB: model: actor, step: 1145, train_lr: 0.000211331
TORCHFORT::WANDB: model: alpha, step: 1145, train_loss: -2.87505
TORCHFORT::WANDB: model: alpha, step: 1145, train_lr: 0.0001
TORCHFORT::WANDB: model: critic_0, step: 1146, train_loss: 0.0755201
TORCHFORT::WANDB: model: critic_0, step: 1146, train_lr: 0.000211517
TORCHFORT::WANDB: model: actor, step: 1146, train_loss: -0.169724
TORCHFORT::WANDB: model: actor, step: 1146, train_lr: 0.000211517
TORCHFORT::WANDB: model: alpha, step: 1146, train_loss: -2.8839
TORCHFORT::WANDB: model: alpha, step: 1146, train_lr: 0.0001
TORCHFORT::WANDB: model: critic_0, step: 1147, train_loss: 0.0704563
TORCHFORT::WANDB: model: critic_0, step: 1147, train_lr: 0.000211703
TORCHFORT::WANDB: model: actor, step: 1147, train_loss: -0.176193
TORCHFORT::WANDB: model: actor, step: 1147, train_lr: 0.000211703
TORCHFORT::WANDB: model: alpha, step: 1147, train_loss: -2.86062
TORCHFORT::WANDB: model: alpha, step: 1147, train_lr: 0.0001
TORCHFORT::WANDB: model: critic_0, step: 1148, train_loss: 0.0824353
TORCHFORT::WANDB: model: critic_0, step: 1148, train_lr: 0.00021189
TORCHFORT::WANDB: model: actor, step: 1148, train_loss: -0.177435
TORCHFORT::WANDB: model: actor, step: 1148, train_lr: 0.00021189
TORCHFORT::WANDB: model: alpha, step: 1148, train_loss: -2.81979
TORCHFORT::WANDB: model: alpha, step: 1148, train_lr: 0.0001
TORCHFORT::WANDB: model: critic_0, step: 1149, train_loss: 0.102834
TORCHFORT::WANDB: model: critic_0, step: 1149, train_lr: 0.000212076
TORCHFORT::WANDB: model: actor, step: 1149, train_loss: -0.176412
TORCHFORT::WANDB: model: actor, step: 1149, train_lr: 0.000212076
TORCHFORT::WANDB: model: alpha, step: 1149, train_loss: -2.84355
TORCHFORT::WANDB: model: alpha, step: 1149, train_lr: 0.0001
TORCHFORT::WANDB: model: critic_0, step: 1150, train_loss: 0.0779282
TORCHFORT::WANDB: model: critic_0, step: 1150, train_lr: 0.000212263
TORCHFORT::WANDB: model: actor, step: 1150, train_loss: -0.177354
TORCHFORT::WANDB: model: actor, step: 1150, train_lr: 0.000212263
TORCHFORT::WANDB: model: alpha, step: 1150, train_loss: -2.83844
TORCHFORT::WANDB: model: alpha, step: 1150, train_lr: 0.0001
TORCHFORT::WANDB: model: critic_0, step: 1151, train_loss: 0.13213
TORCHFORT::WANDB: model: critic_0, step: 1151, train_lr: 0.00021245
TORCHFORT::WANDB: model: actor, step: 1151, train_loss: -0.173003
TORCHFORT::WANDB: model: actor, step: 1151, train_lr: 0.00021245
TORCHFORT::WANDB: model: alpha, step: 1151, train_loss: -2.7518
TORCHFORT::WANDB: model: alpha, step: 1151, train_lr: 0.0001
TORCHFORT::WANDB: model: critic_0, step: 1152, train_loss: 0.105057
TORCHFORT::WANDB: model: critic_0, step: 1152, train_lr: 0.000212637
TORCHFORT::WANDB: model: actor, step: 1152, train_loss: -0.202932
TORCHFORT::WANDB: model: actor, step: 1152, train_lr: 0.000212637
TORCHFORT::WANDB: model: alpha, step: 1152, train_loss: -2.71348
TORCHFORT::WANDB: model: alpha, step: 1152, train_lr: 0.0001
TORCHFORT::WANDB: model: critic_0, step: 1153, train_loss: 0.096853
TORCHFORT::WANDB: model: critic_0, step: 1153, train_lr: 0.000212824
TORCHFORT::WANDB: model: actor, step: 1153, train_loss: -0.184354
TORCHFORT::WANDB: model: actor, step: 1153, train_lr: 0.000212824
TORCHFORT::WANDB: model: alpha, step: 1153, train_loss: -2.91018
TORCHFORT::WANDB: model: alpha, step: 1153, train_lr: 0.0001
TORCHFORT::WANDB: model: critic_0, step: 1154, train_loss: 0.0895914
TORCHFORT::WANDB: model: critic_0, step: 1154, train_lr: 0.000213012
TORCHFORT::WANDB: model: actor, step: 1154, train_loss: -0.18502
TORCHFORT::WANDB: model: actor, step: 1154, train_lr: 0.000213012
TORCHFORT::WANDB: model: alpha, step: 1154, train_loss: -2.90163
TORCHFORT::WANDB: model: alpha, step: 1154, train_lr: 0.0001
TORCHFORT::WANDB: model: critic_0, step: 1155, train_loss: 0.0954058
TORCHFORT::WANDB: model: critic_0, step: 1155, train_lr: 0.000213199
TORCHFORT::WANDB: model: actor, step: 1155, train_loss: -0.196585
TORCHFORT::WANDB: model: actor, step: 1155, train_lr: 0.000213199
TORCHFORT::WANDB: model: alpha, step: 1155, train_loss: -2.86184
TORCHFORT::WANDB: model: alpha, step: 1155, train_lr: 0.0001
TORCHFORT::WANDB: model: critic_0, step: 1156, train_loss: 0.107829
TORCHFORT::WANDB: model: critic_0, step: 1156, train_lr: 0.000213387
TORCHFORT::WANDB: model: actor, step: 1156, train_loss: -0.179235
TORCHFORT::WANDB: model: actor, step: 1156, train_lr: 0.000213387
TORCHFORT::WANDB: model: alpha, step: 1156, train_loss: -2.73858
TORCHFORT::WANDB: model: alpha, step: 1156, train_lr: 0.0001
TORCHFORT::WANDB: model: critic_0, step: 1157, train_loss: 0.0902549
TORCHFORT::WANDB: model: critic_0, step: 1157, train_lr: 0.000213574
TORCHFORT::WANDB: model: actor, step: 1157, train_loss: -0.189639
TORCHFORT::WANDB: model: actor, step: 1157, train_lr: 0.000213574
TORCHFORT::WANDB: model: alpha, step: 1157, train_loss: -2.7966
TORCHFORT::WANDB: model: alpha, step: 1157, train_lr: 0.0001
TORCHFORT::WANDB: model: critic_0, step: 1158, train_loss: 0.161078
TORCHFORT::WANDB: model: critic_0, step: 1158, train_lr: 0.000213762
TORCHFORT::WANDB: model: actor, step: 1158, train_loss: -0.20026
TORCHFORT::WANDB: model: actor, step: 1158, train_lr: 0.000213762
TORCHFORT::WANDB: model: alpha, step: 1158, train_loss: -2.92348
TORCHFORT::WANDB: model: alpha, step: 1158, train_lr: 0.0001
TORCHFORT::WANDB: model: critic_0, step: 1159, train_loss: 0.0871695
TORCHFORT::WANDB: model: critic_0, step: 1159, train_lr: 0.00021395
TORCHFORT::WANDB: model: actor, step: 1159, train_loss: -0.189354
TORCHFORT::WANDB: model: actor, step: 1159, train_lr: 0.00021395
TORCHFORT::WANDB: model: alpha, step: 1159, train_loss: -2.73678
TORCHFORT::WANDB: model: alpha, step: 1159, train_lr: 0.0001
TORCHFORT::WANDB: model: critic_0, step: 1160, train_loss: 0.0690942
TORCHFORT::WANDB: model: critic_0, step: 1160, train_lr: 0.000214138
TORCHFORT::WANDB: model: actor, step: 1160, train_loss: -0.171981
TORCHFORT::WANDB: model: actor, step: 1160, train_lr: 0.000214138
TORCHFORT::WANDB: model: alpha, step: 1160, train_loss: -2.88283
TORCHFORT::WANDB: model: alpha, step: 1160, train_lr: 0.0001
TORCHFORT::WANDB: model: critic_0, step: 1161, train_loss: 0.0768502
TORCHFORT::WANDB: model: critic_0, step: 1161, train_lr: 0.000214326
TORCHFORT::WANDB: model: actor, step: 1161, train_loss: -0.166778
TORCHFORT::WANDB: model: actor, step: 1161, train_lr: 0.000214326
TORCHFORT::WANDB: model: alpha, step: 1161, train_loss: -2.81069
TORCHFORT::WANDB: model: alpha, step: 1161, train_lr: 0.0001
TORCHFORT::WANDB: model: critic_0, step: 1162, train_loss: 0.0616844
TORCHFORT::WANDB: model: critic_0, step: 1162, train_lr: 0.000214515
TORCHFORT::WANDB: model: actor, step: 1162, train_loss: -0.159194
TORCHFORT::WANDB: model: actor, step: 1162, train_lr: 0.000214515
TORCHFORT::WANDB: model: alpha, step: 1162, train_loss: -2.70173
TORCHFORT::WANDB: model: alpha, step: 1162, train_lr: 0.0001
TORCHFORT::WANDB: model: critic_0, step: 1163, train_loss: 0.0768919
TORCHFORT::WANDB: model: critic_0, step: 1163, train_lr: 0.000214703
TORCHFORT::WANDB: model: actor, step: 1163, train_loss: -0.155195
TORCHFORT::WANDB: model: actor, step: 1163, train_lr: 0.000214703
TORCHFORT::WANDB: model: alpha, step: 1163, train_loss: -2.80494
TORCHFORT::WANDB: model: alpha, step: 1163, train_lr: 0.0001
TORCHFORT::WANDB: model: critic_0, step: 1164, train_loss: 0.13303
TORCHFORT::WANDB: model: critic_0, step: 1164, train_lr: 0.000214892
TORCHFORT::WANDB: model: actor, step: 1164, train_loss: -0.152031
TORCHFORT::WANDB: model: actor, step: 1164, train_lr: 0.000214892
TORCHFORT::WANDB: model: alpha, step: 1164, train_loss: -2.723
TORCHFORT::WANDB: model: alpha, step: 1164, train_lr: 0.0001
TORCHFORT::WANDB: model: critic_0, step: 1165, train_loss: 0.105118
TORCHFORT::WANDB: model: critic_0, step: 1165, train_lr: 0.000215081
TORCHFORT::WANDB: model: actor, step: 1165, train_loss: -0.167567
TORCHFORT::WANDB: model: actor, step: 1165, train_lr: 0.000215081
TORCHFORT::WANDB: model: alpha, step: 1165, train_loss: -2.83259
TORCHFORT::WANDB: model: alpha, step: 1165, train_lr: 0.0001
TORCHFORT::WANDB: model: critic_0, step: 1166, train_loss: 0.0710134
TORCHFORT::WANDB: model: critic_0, step: 1166, train_lr: 0.00021527
TORCHFORT::WANDB: model: actor, step: 1166, train_loss: -0.158007
TORCHFORT::WANDB: model: actor, step: 1166, train_lr: 0.00021527
TORCHFORT::WANDB: model: alpha, step: 1166, train_loss: -2.67711
TORCHFORT::WANDB: model: alpha, step: 1166, train_lr: 0.0001
TORCHFORT::WANDB: model: critic_0, step: 1167, train_loss: 0.0856557
TORCHFORT::WANDB: model: critic_0, step: 1167, train_lr: 0.000215459
TORCHFORT::WANDB: model: actor, step: 1167, train_loss: -0.170608
TORCHFORT::WANDB: model: actor, step: 1167, train_lr: 0.000215459
TORCHFORT::WANDB: model: alpha, step: 1167, train_loss: -2.80068
TORCHFORT::WANDB: model: alpha, step: 1167, train_lr: 0.0001
TORCHFORT::WANDB: model: critic_0, step: 1168, train_loss: 0.0935648
TORCHFORT::WANDB: model: critic_0, step: 1168, train_lr: 0.000215648
TORCHFORT::WANDB: model: actor, step: 1168, train_loss: -0.136942
TORCHFORT::WANDB: model: actor, step: 1168, train_lr: 0.000215648
TORCHFORT::WANDB: model: alpha, step: 1168, train_loss: -2.83544
TORCHFORT::WANDB: model: alpha, step: 1168, train_lr: 0.0001
TORCHFORT::WANDB: model: critic_0, step: 1169, train_loss: 0.0933554
TORCHFORT::WANDB: model: critic_0, step: 1169, train_lr: 0.000215837
TORCHFORT::WANDB: model: actor, step: 1169, train_loss: -0.15488
TORCHFORT::WANDB: model: actor, step: 1169, train_lr: 0.000215837
TORCHFORT::WANDB: model: alpha, step: 1169, train_loss: -2.75042
TORCHFORT::WANDB: model: alpha, step: 1169, train_lr: 0.0001
TORCHFORT::WANDB: model: critic_0, step: 1170, train_loss: 0.0753297
TORCHFORT::WANDB: model: critic_0, step: 1170, train_lr: 0.000216027
TORCHFORT::WANDB: model: actor, step: 1170, train_loss: -0.168262
TORCHFORT::WANDB: model: actor, step: 1170, train_lr: 0.000216027
TORCHFORT::WANDB: model: alpha, step: 1170, train_loss: -2.80287
TORCHFORT::WANDB: model: alpha, step: 1170, train_lr: 0.0001
TORCHFORT::WANDB: model: critic_0, step: 1171, train_loss: 0.112639
TORCHFORT::WANDB: model: critic_0, step: 1171, train_lr: 0.000216216
TORCHFORT::WANDB: model: actor, step: 1171, train_loss: -0.165363
TORCHFORT::WANDB: model: actor, step: 1171, train_lr: 0.000216216
TORCHFORT::WANDB: model: alpha, step: 1171, train_loss: -2.7427
TORCHFORT::WANDB: model: alpha, step: 1171, train_lr: 0.0001
TORCHFORT::WANDB: model: critic_0, step: 1172, train_loss: 0.126132
TORCHFORT::WANDB: model: critic_0, step: 1172, train_lr: 0.000216406
TORCHFORT::WANDB: model: actor, step: 1172, train_loss: -0.168914
TORCHFORT::WANDB: model: actor, step: 1172, train_lr: 0.000216406
TORCHFORT::WANDB: model: alpha, step: 1172, train_loss: -2.81699
TORCHFORT::WANDB: model: alpha, step: 1172, train_lr: 0.0001
TORCHFORT::WANDB: model: critic_0, step: 1173, train_loss: 0.107908
TORCHFORT::WANDB: model: critic_0, step: 1173, train_lr: 0.000216596
TORCHFORT::WANDB: model: actor, step: 1173, train_loss: -0.17314
TORCHFORT::WANDB: model: actor, step: 1173, train_lr: 0.000216596
TORCHFORT::WANDB: model: alpha, step: 1173, train_loss: -2.79768
TORCHFORT::WANDB: model: alpha, step: 1173, train_lr: 0.0001
TORCHFORT::WANDB: model: critic_0, step: 1174, train_loss: 0.0827115
TORCHFORT::WANDB: model: critic_0, step: 1174, train_lr: 0.000216786
TORCHFORT::WANDB: model: actor, step: 1174, train_loss: -0.170293
TORCHFORT::WANDB: model: actor, step: 1174, train_lr: 0.000216786
TORCHFORT::WANDB: model: alpha, step: 1174, train_loss: -2.82281
TORCHFORT::WANDB: model: alpha, step: 1174, train_lr: 0.0001
TORCHFORT::WANDB: model: critic_0, step: 1175, train_loss: 0.12268
TORCHFORT::WANDB: model: critic_0, step: 1175, train_lr: 0.000216976
TORCHFORT::WANDB: model: actor, step: 1175, train_loss: -0.176373
TORCHFORT::WANDB: model: actor, step: 1175, train_lr: 0.000216976
TORCHFORT::WANDB: model: alpha, step: 1175, train_loss: -2.75028
TORCHFORT::WANDB: model: alpha, step: 1175, train_lr: 0.0001
TORCHFORT::WANDB: model: critic_0, step: 1176, train_loss: 0.073918
TORCHFORT::WANDB: model: critic_0, step: 1176, train_lr: 0.000217166
TORCHFORT::WANDB: model: actor, step: 1176, train_loss: -0.183894
TORCHFORT::WANDB: model: actor, step: 1176, train_lr: 0.000217166
TORCHFORT::WANDB: model: alpha, step: 1176, train_loss: -2.92512
TORCHFORT::WANDB: model: alpha, step: 1176, train_lr: 0.0001
TORCHFORT::WANDB: model: critic_0, step: 1177, train_loss: 0.107463
TORCHFORT::WANDB: model: critic_0, step: 1177, train_lr: 0.000217356
TORCHFORT::WANDB: model: actor, step: 1177, train_loss: -0.189381
TORCHFORT::WANDB: model: actor, step: 1177, train_lr: 0.000217356
TORCHFORT::WANDB: model: alpha, step: 1177, train_loss: -2.76502
TORCHFORT::WANDB: model: alpha, step: 1177, train_lr: 0.0001
TORCHFORT::WANDB: model: critic_0, step: 1178, train_loss: 0.128515
TORCHFORT::WANDB: model: critic_0, step: 1178, train_lr: 0.000217547
TORCHFORT::WANDB: model: actor, step: 1178, train_loss: -0.175629
TORCHFORT::WANDB: model: actor, step: 1178, train_lr: 0.000217547
TORCHFORT::WANDB: model: alpha, step: 1178, train_loss: -2.85093
TORCHFORT::WANDB: model: alpha, step: 1178, train_lr: 0.0001
TORCHFORT::WANDB: model: critic_0, step: 1179, train_loss: 0.145886
TORCHFORT::WANDB: model: critic_0, step: 1179, train_lr: 0.000217737
TORCHFORT::WANDB: model: actor, step: 1179, train_loss: -0.199595
TORCHFORT::WANDB: model: actor, step: 1179, train_lr: 0.000217737
TORCHFORT::WANDB: model: alpha, step: 1179, train_loss: -2.71171
TORCHFORT::WANDB: model: alpha, step: 1179, train_lr: 0.0001
TORCHFORT::WANDB: model: critic_0, step: 1180, train_loss: 0.0494892
TORCHFORT::WANDB: model: critic_0, step: 1180, train_lr: 0.000217928
TORCHFORT::WANDB: model: actor, step: 1180, train_loss: -0.202151
TORCHFORT::WANDB: model: actor, step: 1180, train_lr: 0.000217928
TORCHFORT::WANDB: model: alpha, step: 1180, train_loss: -2.77327
TORCHFORT::WANDB: model: alpha, step: 1180, train_lr: 0.0001
TORCHFORT::WANDB: model: critic_0, step: 1181, train_loss: 0.120241
TORCHFORT::WANDB: model: critic_0, step: 1181, train_lr: 0.000218119
TORCHFORT::WANDB: model: actor, step: 1181, train_loss: -0.204579
TORCHFORT::WANDB: model: actor, step: 1181, train_lr: 0.000218119
TORCHFORT::WANDB: model: alpha, step: 1181, train_loss: -2.76241
TORCHFORT::WANDB: model: alpha, step: 1181, train_lr: 0.0001
TORCHFORT::WANDB: model: critic_0, step: 1182, train_loss: 0.117971
TORCHFORT::WANDB: model: critic_0, step: 1182, train_lr: 0.00021831
TORCHFORT::WANDB: model: actor, step: 1182, train_loss: -0.18842
TORCHFORT::WANDB: model: actor, step: 1182, train_lr: 0.00021831
TORCHFORT::WANDB: model: alpha, step: 1182, train_loss: -2.79153
TORCHFORT::WANDB: model: alpha, step: 1182, train_lr: 0.0001
TORCHFORT::WANDB: model: critic_0, step: 1183, train_loss: 0.155266
TORCHFORT::WANDB: model: critic_0, step: 1183, train_lr: 0.000218501
TORCHFORT::WANDB: model: actor, step: 1183, train_loss: -0.201234
TORCHFORT::WANDB: model: actor, step: 1183, train_lr: 0.000218501
TORCHFORT::WANDB: model: alpha, step: 1183, train_loss: -2.7503
TORCHFORT::WANDB: model: alpha, step: 1183, train_lr: 0.0001
TORCHFORT::WANDB: model: critic_0, step: 1184, train_loss: 0.0729063
TORCHFORT::WANDB: model: critic_0, step: 1184, train_lr: 0.000218693
TORCHFORT::WANDB: model: actor, step: 1184, train_loss: -0.179419
TORCHFORT::WANDB: model: actor, step: 1184, train_lr: 0.000218693
TORCHFORT::WANDB: model: alpha, step: 1184, train_loss: -2.83739
TORCHFORT::WANDB: model: alpha, step: 1184, train_lr: 0.0001
TORCHFORT::WANDB: model: critic_0, step: 1185, train_loss: 0.13414
TORCHFORT::WANDB: model: critic_0, step: 1185, train_lr: 0.000218884
TORCHFORT::WANDB: model: actor, step: 1185, train_loss: -0.210324
TORCHFORT::WANDB: model: actor, step: 1185, train_lr: 0.000218884
TORCHFORT::WANDB: model: alpha, step: 1185, train_loss: -2.78237
TORCHFORT::WANDB: model: alpha, step: 1185, train_lr: 0.0001
TORCHFORT::WANDB: model: critic_0, step: 1186, train_loss: 0.0609881
TORCHFORT::WANDB: model: critic_0, step: 1186, train_lr: 0.000219075
TORCHFORT::WANDB: model: actor, step: 1186, train_loss: -0.183151
TORCHFORT::WANDB: model: actor, step: 1186, train_lr: 0.000219075
TORCHFORT::WANDB: model: alpha, step: 1186, train_loss: -2.85499
TORCHFORT::WANDB: model: alpha, step: 1186, train_lr: 0.0001
TORCHFORT::WANDB: model: critic_0, step: 1187, train_loss: 0.126877
TORCHFORT::WANDB: model: critic_0, step: 1187, train_lr: 0.000219267
TORCHFORT::WANDB: model: actor, step: 1187, train_loss: -0.174317
TORCHFORT::WANDB: model: actor, step: 1187, train_lr: 0.000219267
TORCHFORT::WANDB: model: alpha, step: 1187, train_loss: -2.74921
TORCHFORT::WANDB: model: alpha, step: 1187, train_lr: 0.0001
TORCHFORT::WANDB: model: critic_0, step: 1188, train_loss: 0.102556
TORCHFORT::WANDB: model: critic_0, step: 1188, train_lr: 0.000219459
TORCHFORT::WANDB: model: actor, step: 1188, train_loss: -0.164252
TORCHFORT::WANDB: model: actor, step: 1188, train_lr: 0.000219459
TORCHFORT::WANDB: model: alpha, step: 1188, train_loss: -2.80984
TORCHFORT::WANDB: model: alpha, step: 1188, train_lr: 0.0001
TORCHFORT::WANDB: model: critic_0, step: 1189, train_loss: 0.130608
TORCHFORT::WANDB: model: critic_0, step: 1189, train_lr: 0.000219651
TORCHFORT::WANDB: model: actor, step: 1189, train_loss: -0.184891
TORCHFORT::WANDB: model: actor, step: 1189, train_lr: 0.000219651
TORCHFORT::WANDB: model: alpha, step: 1189, train_loss: -2.95374
TORCHFORT::WANDB: model: alpha, step: 1189, train_lr: 0.0001
TORCHFORT::WANDB: model: critic_0, step: 1190, train_loss: 0.141599
TORCHFORT::WANDB: model: critic_0, step: 1190, train_lr: 0.000219843
TORCHFORT::WANDB: model: actor, step: 1190, train_loss: -0.192274
TORCHFORT::WANDB: model: actor, step: 1190, train_lr: 0.000219843
TORCHFORT::WANDB: model: alpha, step: 1190, train_loss: -2.81196
TORCHFORT::WANDB: model: alpha, step: 1190, train_lr: 0.0001
TORCHFORT::WANDB: model: critic_0, step: 1191, train_loss: 0.114272
TORCHFORT::WANDB: model: critic_0, step: 1191, train_lr: 0.000220035
TORCHFORT::WANDB: model: actor, step: 1191, train_loss: -0.17107
TORCHFORT::WANDB: model: actor, step: 1191, train_lr: 0.000220035
TORCHFORT::WANDB: model: alpha, step: 1191, train_loss: -2.84464
TORCHFORT::WANDB: model: alpha, step: 1191, train_lr: 0.0001
TORCHFORT::WANDB: model: critic_0, step: 1192, train_loss: 0.0961552
TORCHFORT::WANDB: model: critic_0, step: 1192, train_lr: 0.000220227
TORCHFORT::WANDB: model: actor, step: 1192, train_loss: -0.172131
TORCHFORT::WANDB: model: actor, step: 1192, train_lr: 0.000220227
TORCHFORT::WANDB: model: alpha, step: 1192, train_loss: -2.93216
TORCHFORT::WANDB: model: alpha, step: 1192, train_lr: 0.0001
TORCHFORT::WANDB: model: critic_0, step: 1193, train_loss: 0.0809465
TORCHFORT::WANDB: model: critic_0, step: 1193, train_lr: 0.00022042
TORCHFORT::WANDB: model: actor, step: 1193, train_loss: -0.176307
TORCHFORT::WANDB: model: actor, step: 1193, train_lr: 0.00022042
TORCHFORT::WANDB: model: alpha, step: 1193, train_loss: -2.65469
TORCHFORT::WANDB: model: alpha, step: 1193, train_lr: 0.0001
TORCHFORT::WANDB: model: critic_0, step: 1194, train_loss: 0.0695022
TORCHFORT::WANDB: model: critic_0, step: 1194, train_lr: 0.000220612
TORCHFORT::WANDB: model: actor, step: 1194, train_loss: -0.171332
TORCHFORT::WANDB: model: actor, step: 1194, train_lr: 0.000220612
TORCHFORT::WANDB: model: alpha, step: 1194, train_loss: -2.74885
TORCHFORT::WANDB: model: alpha, step: 1194, train_lr: 0.0001
TORCHFORT::WANDB: model: critic_0, step: 1195, train_loss: 0.121005
TORCHFORT::WANDB: model: critic_0, step: 1195, train_lr: 0.000220805
TORCHFORT::WANDB: model: actor, step: 1195, train_loss: -0.167045
TORCHFORT::WANDB: model: actor, step: 1195, train_lr: 0.000220805
TORCHFORT::WANDB: model: alpha, step: 1195, train_loss: -2.90398
TORCHFORT::WANDB: model: alpha, step: 1195, train_lr: 0.0001
TORCHFORT::WANDB: model: critic_0, step: 1196, train_loss: 0.117612
TORCHFORT::WANDB: model: critic_0, step: 1196, train_lr: 0.000220998
TORCHFORT::WANDB: model: actor, step: 1196, train_loss: -0.170979
TORCHFORT::WANDB: model: actor, step: 1196, train_lr: 0.000220998
TORCHFORT::WANDB: model: alpha, step: 1196, train_loss: -2.88887
TORCHFORT::WANDB: model: alpha, step: 1196, train_lr: 0.0001
TORCHFORT::WANDB: model: critic_0, step: 1197, train_loss: 0.124999
TORCHFORT::WANDB: model: critic_0, step: 1197, train_lr: 0.000221191
TORCHFORT::WANDB: model: actor, step: 1197, train_loss: -0.160613
TORCHFORT::WANDB: model: actor, step: 1197, train_lr: 0.000221191
TORCHFORT::WANDB: model: alpha, step: 1197, train_loss: -2.78701
TORCHFORT::WANDB: model: alpha, step: 1197, train_lr: 0.0001
TORCHFORT::WANDB: model: critic_0, step: 1198, train_loss: 0.14555
TORCHFORT::WANDB: model: critic_0, step: 1198, train_lr: 0.000221384
TORCHFORT::WANDB: model: actor, step: 1198, train_loss: -0.165295
TORCHFORT::WANDB: model: actor, step: 1198, train_lr: 0.000221384
TORCHFORT::WANDB: model: alpha, step: 1198, train_loss: -2.808
TORCHFORT::WANDB: model: alpha, step: 1198, train_lr: 0.0001
TORCHFORT::WANDB: model: critic_0, step: 1199, train_loss: 0.117872
TORCHFORT::WANDB: model: critic_0, step: 1199, train_lr: 0.000221577
TORCHFORT::WANDB: model: actor, step: 1199, train_loss: -0.181867
TORCHFORT::WANDB: model: actor, step: 1199, train_lr: 0.000221577
TORCHFORT::WANDB: model: alpha, step: 1199, train_loss: -2.81316
TORCHFORT::WANDB: model: alpha, step: 1199, train_lr: 0.0001
TORCHFORT::WANDB: model: critic_0, step: 1200, train_loss: 0.100268
TORCHFORT::WANDB: model: critic_0, step: 1200, train_lr: 0.000221771
TORCHFORT::WANDB: model: actor, step: 1200, train_loss: -0.179375
TORCHFORT::WANDB: model: actor, step: 1200, train_lr: 0.000221771
TORCHFORT::WANDB: model: alpha, step: 1200, train_loss: -2.87448
TORCHFORT::WANDB: model: alpha, step: 1200, train_lr: 0.0001
TORCHFORT::WANDB: model: rlwm, step: 12, reward_sum: 1577.86
TORCHFORT::WANDB: model: rlwm, step: 12, policy_loss: -0.179375
TORCHFORT::WANDB: model: rlwm, step: 12, critic_loss: 0.100268
TORCHFORT::WANDB: model: critic_0, step: 1201, train_loss: 0.113784
TORCHFORT::WANDB: model: critic_0, step: 1201, train_lr: 0.000221964
TORCHFORT::WANDB: model: actor, step: 1201, train_loss: -0.178183
TORCHFORT::WANDB: model: actor, step: 1201, train_lr: 0.000221964
TORCHFORT::WANDB: model: alpha, step: 1201, train_loss: -2.81203
TORCHFORT::WANDB: model: alpha, step: 1201, train_lr: 0.0001
TORCHFORT::WANDB: model: critic_0, step: 1202, train_loss: 0.08066
TORCHFORT::WANDB: model: critic_0, step: 1202, train_lr: 0.000222158
TORCHFORT::WANDB: model: actor, step: 1202, train_loss: -0.195083
TORCHFORT::WANDB: model: actor, step: 1202, train_lr: 0.000222158
TORCHFORT::WANDB: model: alpha, step: 1202, train_loss: -2.72308
TORCHFORT::WANDB: model: alpha, step: 1202, train_lr: 0.0001
TORCHFORT::WANDB: model: critic_0, step: 1203, train_loss: 0.0778259
TORCHFORT::WANDB: model: critic_0, step: 1203, train_lr: 0.000222351
TORCHFORT::WANDB: model: actor, step: 1203, train_loss: -0.173933
TORCHFORT::WANDB: model: actor, step: 1203, train_lr: 0.000222351
TORCHFORT::WANDB: model: alpha, step: 1203, train_loss: -2.77456
TORCHFORT::WANDB: model: alpha, step: 1203, train_lr: 0.0001
TORCHFORT::WANDB: model: critic_0, step: 1204, train_loss: 0.0965323
TORCHFORT::WANDB: model: critic_0, step: 1204, train_lr: 0.000222545
TORCHFORT::WANDB: model: actor, step: 1204, train_loss: -0.170299
TORCHFORT::WANDB: model: actor, step: 1204, train_lr: 0.000222545
TORCHFORT::WANDB: model: alpha, step: 1204, train_loss: -2.78238
TORCHFORT::WANDB: model: alpha, step: 1204, train_lr: 0.0001
TORCHFORT::WANDB: model: critic_0, step: 1205, train_loss: 0.0867102
TORCHFORT::WANDB: model: critic_0, step: 1205, train_lr: 0.000222739
TORCHFORT::WANDB: model: actor, step: 1205, train_loss: -0.181873
TORCHFORT::WANDB: model: actor, step: 1205, train_lr: 0.000222739
TORCHFORT::WANDB: model: alpha, step: 1205, train_loss: -2.82361
TORCHFORT::WANDB: model: alpha, step: 1205, train_lr: 0.0001
TORCHFORT::WANDB: model: critic_0, step: 1206, train_loss: 0.0880328
TORCHFORT::WANDB: model: critic_0, step: 1206, train_lr: 0.000222933
TORCHFORT::WANDB: model: actor, step: 1206, train_loss: -0.153876
TORCHFORT::WANDB: model: actor, step: 1206, train_lr: 0.000222933
TORCHFORT::WANDB: model: alpha, step: 1206, train_loss: -2.7716
TORCHFORT::WANDB: model: alpha, step: 1206, train_lr: 0.0001
TORCHFORT::WANDB: model: critic_0, step: 1207, train_loss: 0.113161
TORCHFORT::WANDB: model: critic_0, step: 1207, train_lr: 0.000223128
TORCHFORT::WANDB: model: actor, step: 1207, train_loss: -0.156579
TORCHFORT::WANDB: model: actor, step: 1207, train_lr: 0.000223128
TORCHFORT::WANDB: model: alpha, step: 1207, train_loss: -2.79097
TORCHFORT::WANDB: model: alpha, step: 1207, train_lr: 0.0001
TORCHFORT::WANDB: model: critic_0, step: 1208, train_loss: 0.0767626
TORCHFORT::WANDB: model: critic_0, step: 1208, train_lr: 0.000223322
TORCHFORT::WANDB: model: actor, step: 1208, train_loss: -0.147213
TORCHFORT::WANDB: model: actor, step: 1208, train_lr: 0.000223322
TORCHFORT::WANDB: model: alpha, step: 1208, train_loss: -2.79909
TORCHFORT::WANDB: model: alpha, step: 1208, train_lr: 0.0001
TORCHFORT::WANDB: model: critic_0, step: 1209, train_loss: 0.159178
TORCHFORT::WANDB: model: critic_0, step: 1209, train_lr: 0.000223517
TORCHFORT::WANDB: model: actor, step: 1209, train_loss: -0.160739
TORCHFORT::WANDB: model: actor, step: 1209, train_lr: 0.000223517
TORCHFORT::WANDB: model: alpha, step: 1209, train_loss: -2.80678
TORCHFORT::WANDB: model: alpha, step: 1209, train_lr: 0.0001
TORCHFORT::WANDB: model: critic_0, step: 1210, train_loss: 0.0811578
TORCHFORT::WANDB: model: critic_0, step: 1210, train_lr: 0.000223711
TORCHFORT::WANDB: model: actor, step: 1210, train_loss: -0.135353
TORCHFORT::WANDB: model: actor, step: 1210, train_lr: 0.000223711
TORCHFORT::WANDB: model: alpha, step: 1210, train_loss: -2.84006
TORCHFORT::WANDB: model: alpha, step: 1210, train_lr: 0.0001
TORCHFORT::WANDB: model: critic_0, step: 1211, train_loss: 0.164151
TORCHFORT::WANDB: model: critic_0, step: 1211, train_lr: 0.000223906
TORCHFORT::WANDB: model: actor, step: 1211, train_loss: -0.182536
TORCHFORT::WANDB: model: actor, step: 1211, train_lr: 0.000223906
TORCHFORT::WANDB: model: alpha, step: 1211, train_loss: -2.86403
TORCHFORT::WANDB: model: alpha, step: 1211, train_lr: 0.0001
TORCHFORT::WANDB: model: critic_0, step: 1212, train_loss: 0.0949364
TORCHFORT::WANDB: model: critic_0, step: 1212, train_lr: 0.000224101
TORCHFORT::WANDB: model: actor, step: 1212, train_loss: -0.158406
TORCHFORT::WANDB: model: actor, step: 1212, train_lr: 0.000224101
TORCHFORT::WANDB: model: alpha, step: 1212, train_loss: -2.79426
TORCHFORT::WANDB: model: alpha, step: 1212, train_lr: 0.0001
TORCHFORT::WANDB: model: critic_0, step: 1213, train_loss: 0.114379
TORCHFORT::WANDB: model: critic_0, step: 1213, train_lr: 0.000224296
TORCHFORT::WANDB: model: actor, step: 1213, train_loss: -0.165036
TORCHFORT::WANDB: model: actor, step: 1213, train_lr: 0.000224296
TORCHFORT::WANDB: model: alpha, step: 1213, train_loss: -2.80356
TORCHFORT::WANDB: model: alpha, step: 1213, train_lr: 0.0001
TORCHFORT::WANDB: model: critic_0, step: 1214, train_loss: 0.151569
TORCHFORT::WANDB: model: critic_0, step: 1214, train_lr: 0.000224491
TORCHFORT::WANDB: model: actor, step: 1214, train_loss: -0.143038
TORCHFORT::WANDB: model: actor, step: 1214, train_lr: 0.000224491
TORCHFORT::WANDB: model: alpha, step: 1214, train_loss: -2.89077
TORCHFORT::WANDB: model: alpha, step: 1214, train_lr: 0.0001
TORCHFORT::WANDB: model: critic_0, step: 1215, train_loss: 0.0796666
TORCHFORT::WANDB: model: critic_0, step: 1215, train_lr: 0.000224686
TORCHFORT::WANDB: model: actor, step: 1215, train_loss: -0.148414
TORCHFORT::WANDB: model: actor, step: 1215, train_lr: 0.000224686
TORCHFORT::WANDB: model: alpha, step: 1215, train_loss: -2.79879
TORCHFORT::WANDB: model: alpha, step: 1215, train_lr: 0.0001
TORCHFORT::WANDB: model: critic_0, step: 1216, train_loss: 0.0688241
TORCHFORT::WANDB: model: critic_0, step: 1216, train_lr: 0.000224882
TORCHFORT::WANDB: model: actor, step: 1216, train_loss: -0.163591
TORCHFORT::WANDB: model: actor, step: 1216, train_lr: 0.000224882
TORCHFORT::WANDB: model: alpha, step: 1216, train_loss: -2.89488
TORCHFORT::WANDB: model: alpha, step: 1216, train_lr: 0.0001
TORCHFORT::WANDB: model: critic_0, step: 1217, train_loss: 0.101466
TORCHFORT::WANDB: model: critic_0, step: 1217, train_lr: 0.000225077
TORCHFORT::WANDB: model: actor, step: 1217, train_loss: -0.153228
TORCHFORT::WANDB: model: actor, step: 1217, train_lr: 0.000225077
TORCHFORT::WANDB: model: alpha, step: 1217, train_loss: -2.82029
TORCHFORT::WANDB: model: alpha, step: 1217, train_lr: 0.0001
TORCHFORT::WANDB: model: critic_0, step: 1218, train_loss: 0.0569272
TORCHFORT::WANDB: model: critic_0, step: 1218, train_lr: 0.000225273
TORCHFORT::WANDB: model: actor, step: 1218, train_loss: -0.160205
TORCHFORT::WANDB: model: actor, step: 1218, train_lr: 0.000225273
TORCHFORT::WANDB: model: alpha, step: 1218, train_loss: -2.74451
TORCHFORT::WANDB: model: alpha, step: 1218, train_lr: 0.0001
TORCHFORT::WANDB: model: critic_0, step: 1219, train_loss: 0.0774595
TORCHFORT::WANDB: model: critic_0, step: 1219, train_lr: 0.000225469
TORCHFORT::WANDB: model: actor, step: 1219, train_loss: -0.173919
TORCHFORT::WANDB: model: actor, step: 1219, train_lr: 0.000225469
TORCHFORT::WANDB: model: alpha, step: 1219, train_loss: -2.87437
TORCHFORT::WANDB: model: alpha, step: 1219, train_lr: 0.0001
TORCHFORT::WANDB: model: critic_0, step: 1220, train_loss: 0.0978007
TORCHFORT::WANDB: model: critic_0, step: 1220, train_lr: 0.000225665
TORCHFORT::WANDB: model: actor, step: 1220, train_loss: -0.180457
TORCHFORT::WANDB: model: actor, step: 1220, train_lr: 0.000225665
TORCHFORT::WANDB: model: alpha, step: 1220, train_loss: -2.83667
TORCHFORT::WANDB: model: alpha, step: 1220, train_lr: 0.0001
TORCHFORT::WANDB: model: critic_0, step: 1221, train_loss: 0.1074
TORCHFORT::WANDB: model: critic_0, step: 1221, train_lr: 0.000225861
TORCHFORT::WANDB: model: actor, step: 1221, train_loss: -0.176312
TORCHFORT::WANDB: model: actor, step: 1221, train_lr: 0.000225861
TORCHFORT::WANDB: model: alpha, step: 1221, train_loss: -2.8378
TORCHFORT::WANDB: model: alpha, step: 1221, train_lr: 0.0001
TORCHFORT::WANDB: model: critic_0, step: 1222, train_loss: 0.117853
TORCHFORT::WANDB: model: critic_0, step: 1222, train_lr: 0.000226057
TORCHFORT::WANDB: model: actor, step: 1222, train_loss: -0.151984
TORCHFORT::WANDB: model: actor, step: 1222, train_lr: 0.000226057
TORCHFORT::WANDB: model: alpha, step: 1222, train_loss: -2.90076
TORCHFORT::WANDB: model: alpha, step: 1222, train_lr: 0.0001
TORCHFORT::WANDB: model: critic_0, step: 1223, train_loss: 0.138839
TORCHFORT::WANDB: model: critic_0, step: 1223, train_lr: 0.000226253
TORCHFORT::WANDB: model: actor, step: 1223, train_loss: -0.195294
TORCHFORT::WANDB: model: actor, step: 1223, train_lr: 0.000226253
TORCHFORT::WANDB: model: alpha, step: 1223, train_loss: -2.86916
TORCHFORT::WANDB: model: alpha, step: 1223, train_lr: 0.0001
TORCHFORT::WANDB: model: critic_0, step: 1224, train_loss: 0.114809
TORCHFORT::WANDB: model: critic_0, step: 1224, train_lr: 0.00022645
TORCHFORT::WANDB: model: actor, step: 1224, train_loss: -0.158805
TORCHFORT::WANDB: model: actor, step: 1224, train_lr: 0.00022645
TORCHFORT::WANDB: model: alpha, step: 1224, train_loss: -2.79288
TORCHFORT::WANDB: model: alpha, step: 1224, train_lr: 0.0001
TORCHFORT::WANDB: model: critic_0, step: 1225, train_loss: 0.070053
TORCHFORT::WANDB: model: critic_0, step: 1225, train_lr: 0.000226646
TORCHFORT::WANDB: model: actor, step: 1225, train_loss: -0.164519
TORCHFORT::WANDB: model: actor, step: 1225, train_lr: 0.000226646
TORCHFORT::WANDB: model: alpha, step: 1225, train_loss: -2.83644
TORCHFORT::WANDB: model: alpha, step: 1225, train_lr: 0.0001
TORCHFORT::WANDB: model: critic_0, step: 1226, train_loss: 0.0646212
TORCHFORT::WANDB: model: critic_0, step: 1226, train_lr: 0.000226843
TORCHFORT::WANDB: model: actor, step: 1226, train_loss: -0.171637
TORCHFORT::WANDB: model: actor, step: 1226, train_lr: 0.000226843
TORCHFORT::WANDB: model: alpha, step: 1226, train_loss: -2.7531
TORCHFORT::WANDB: model: alpha, step: 1226, train_lr: 0.0001
TORCHFORT::WANDB: model: critic_0, step: 1227, train_loss: 0.0831433
TORCHFORT::WANDB: model: critic_0, step: 1227, train_lr: 0.00022704
TORCHFORT::WANDB: model: actor, step: 1227, train_loss: -0.162585
TORCHFORT::WANDB: model: actor, step: 1227, train_lr: 0.00022704
TORCHFORT::WANDB: model: alpha, step: 1227, train_loss: -2.83724
TORCHFORT::WANDB: model: alpha, step: 1227, train_lr: 0.0001
TORCHFORT::WANDB: model: critic_0, step: 1228, train_loss: 0.0922125
TORCHFORT::WANDB: model: critic_0, step: 1228, train_lr: 0.000227237
TORCHFORT::WANDB: model: actor, step: 1228, train_loss: -0.159371
TORCHFORT::WANDB: model: actor, step: 1228, train_lr: 0.000227237
TORCHFORT::WANDB: model: alpha, step: 1228, train_loss: -2.85276
TORCHFORT::WANDB: model: alpha, step: 1228, train_lr: 0.0001
TORCHFORT::WANDB: model: critic_0, step: 1229, train_loss: 0.0780738
TORCHFORT::WANDB: model: critic_0, step: 1229, train_lr: 0.000227434
TORCHFORT::WANDB: model: actor, step: 1229, train_loss: -0.160319
TORCHFORT::WANDB: model: actor, step: 1229, train_lr: 0.000227434
TORCHFORT::WANDB: model: alpha, step: 1229, train_loss: -2.85382
TORCHFORT::WANDB: model: alpha, step: 1229, train_lr: 0.0001
TORCHFORT::WANDB: model: critic_0, step: 1230, train_loss: 0.0675084
TORCHFORT::WANDB: model: critic_0, step: 1230, train_lr: 0.000227631
TORCHFORT::WANDB: model: actor, step: 1230, train_loss: -0.177265
TORCHFORT::WANDB: model: actor, step: 1230, train_lr: 0.000227631
TORCHFORT::WANDB: model: alpha, step: 1230, train_loss: -2.78189
TORCHFORT::WANDB: model: alpha, step: 1230, train_lr: 0.0001
TORCHFORT::WANDB: model: critic_0, step: 1231, train_loss: 0.098978
TORCHFORT::WANDB: model: critic_0, step: 1231, train_lr: 0.000227829
TORCHFORT::WANDB: model: actor, step: 1231, train_loss: -0.171662
TORCHFORT::WANDB: model: actor, step: 1231, train_lr: 0.000227829
TORCHFORT::WANDB: model: alpha, step: 1231, train_loss: -2.78024
TORCHFORT::WANDB: model: alpha, step: 1231, train_lr: 0.0001
TORCHFORT::WANDB: model: critic_0, step: 1232, train_loss: 0.107711
TORCHFORT::WANDB: model: critic_0, step: 1232, train_lr: 0.000228026
TORCHFORT::WANDB: model: actor, step: 1232, train_loss: -0.177643
TORCHFORT::WANDB: model: actor, step: 1232, train_lr: 0.000228026
TORCHFORT::WANDB: model: alpha, step: 1232, train_loss: -2.90946
TORCHFORT::WANDB: model: alpha, step: 1232, train_lr: 0.0001
TORCHFORT::WANDB: model: critic_0, step: 1233, train_loss: 0.100775
TORCHFORT::WANDB: model: critic_0, step: 1233, train_lr: 0.000228224
TORCHFORT::WANDB: model: actor, step: 1233, train_loss: -0.193837
TORCHFORT::WANDB: model: actor, step: 1233, train_lr: 0.000228224
TORCHFORT::WANDB: model: alpha, step: 1233, train_loss: -2.77413
TORCHFORT::WANDB: model: alpha, step: 1233, train_lr: 0.0001
TORCHFORT::WANDB: model: critic_0, step: 1234, train_loss: 0.110539
TORCHFORT::WANDB: model: critic_0, step: 1234, train_lr: 0.000228421
TORCHFORT::WANDB: model: actor, step: 1234, train_loss: -0.186236
TORCHFORT::WANDB: model: actor, step: 1234, train_lr: 0.000228421
TORCHFORT::WANDB: model: alpha, step: 1234, train_loss: -2.79431
TORCHFORT::WANDB: model: alpha, step: 1234, train_lr: 0.0001
TORCHFORT::WANDB: model: critic_0, step: 1235, train_loss: 0.0814918
TORCHFORT::WANDB: model: critic_0, step: 1235, train_lr: 0.000228619
TORCHFORT::WANDB: model: actor, step: 1235, train_loss: -0.207931
TORCHFORT::WANDB: model: actor, step: 1235, train_lr: 0.000228619
TORCHFORT::WANDB: model: alpha, step: 1235, train_loss: -2.85884
TORCHFORT::WANDB: model: alpha, step: 1235, train_lr: 0.0001
TORCHFORT::WANDB: model: critic_0, step: 1236, train_loss: 0.117903
TORCHFORT::WANDB: model: critic_0, step: 1236, train_lr: 0.000228817
TORCHFORT::WANDB: model: actor, step: 1236, train_loss: -0.179355
TORCHFORT::WANDB: model: actor, step: 1236, train_lr: 0.000228817
TORCHFORT::WANDB: model: alpha, step: 1236, train_loss: -2.78394
TORCHFORT::WANDB: model: alpha, step: 1236, train_lr: 0.0001
TORCHFORT::WANDB: model: critic_0, step: 1237, train_loss: 0.10491
TORCHFORT::WANDB: model: critic_0, step: 1237, train_lr: 0.000229015
TORCHFORT::WANDB: model: actor, step: 1237, train_loss: -0.186223
TORCHFORT::WANDB: model: actor, step: 1237, train_lr: 0.000229015
TORCHFORT::WANDB: model: alpha, step: 1237, train_loss: -2.81695
TORCHFORT::WANDB: model: alpha, step: 1237, train_lr: 0.0001
TORCHFORT::WANDB: model: critic_0, step: 1238, train_loss: 0.0975059
TORCHFORT::WANDB: model: critic_0, step: 1238, train_lr: 0.000229214
TORCHFORT::WANDB: model: actor, step: 1238, train_loss: -0.168808
TORCHFORT::WANDB: model: actor, step: 1238, train_lr: 0.000229214
TORCHFORT::WANDB: model: alpha, step: 1238, train_loss: -2.77034
TORCHFORT::WANDB: model: alpha, step: 1238, train_lr: 0.0001
TORCHFORT::WANDB: model: critic_0, step: 1239, train_loss: 0.12417
TORCHFORT::WANDB: model: critic_0, step: 1239, train_lr: 0.000229412
TORCHFORT::WANDB: model: actor, step: 1239, train_loss: -0.186524
TORCHFORT::WANDB: model: actor, step: 1239, train_lr: 0.000229412
TORCHFORT::WANDB: model: alpha, step: 1239, train_loss: -2.77068
TORCHFORT::WANDB: model: alpha, step: 1239, train_lr: 0.0001
TORCHFORT::WANDB: model: critic_0, step: 1240, train_loss: 0.126668
TORCHFORT::WANDB: model: critic_0, step: 1240, train_lr: 0.00022961
TORCHFORT::WANDB: model: actor, step: 1240, train_loss: -0.183392
TORCHFORT::WANDB: model: actor, step: 1240, train_lr: 0.00022961
TORCHFORT::WANDB: model: alpha, step: 1240, train_loss: -2.82375
TORCHFORT::WANDB: model: alpha, step: 1240, train_lr: 0.0001
TORCHFORT::WANDB: model: critic_0, step: 1241, train_loss: 0.0638576
TORCHFORT::WANDB: model: critic_0, step: 1241, train_lr: 0.000229809
TORCHFORT::WANDB: model: actor, step: 1241, train_loss: -0.180002
TORCHFORT::WANDB: model: actor, step: 1241, train_lr: 0.000229809
TORCHFORT::WANDB: model: alpha, step: 1241, train_loss: -2.94769
TORCHFORT::WANDB: model: alpha, step: 1241, train_lr: 0.0001
TORCHFORT::WANDB: model: critic_0, step: 1242, train_loss: 0.125816
TORCHFORT::WANDB: model: critic_0, step: 1242, train_lr: 0.000230008
TORCHFORT::WANDB: model: actor, step: 1242, train_loss: -0.165006
TORCHFORT::WANDB: model: actor, step: 1242, train_lr: 0.000230008
TORCHFORT::WANDB: model: alpha, step: 1242, train_loss: -2.78841
TORCHFORT::WANDB: model: alpha, step: 1242, train_lr: 0.0001
TORCHFORT::WANDB: model: critic_0, step: 1243, train_loss: 0.0749088
TORCHFORT::WANDB: model: critic_0, step: 1243, train_lr: 0.000230207
TORCHFORT::WANDB: model: actor, step: 1243, train_loss: -0.183289
TORCHFORT::WANDB: model: actor, step: 1243, train_lr: 0.000230207
TORCHFORT::WANDB: model: alpha, step: 1243, train_loss: -2.77143
TORCHFORT::WANDB: model: alpha, step: 1243, train_lr: 0.0001
TORCHFORT::WANDB: model: critic_0, step: 1244, train_loss: 0.125582
TORCHFORT::WANDB: model: critic_0, step: 1244, train_lr: 0.000230406
TORCHFORT::WANDB: model: actor, step: 1244, train_loss: -0.165819
TORCHFORT::WANDB: model: actor, step: 1244, train_lr: 0.000230406
TORCHFORT::WANDB: model: alpha, step: 1244, train_loss: -2.82264
TORCHFORT::WANDB: model: alpha, step: 1244, train_lr: 0.0001
TORCHFORT::WANDB: model: critic_0, step: 1245, train_loss: 0.111512
TORCHFORT::WANDB: model: critic_0, step: 1245, train_lr: 0.000230605
TORCHFORT::WANDB: model: actor, step: 1245, train_loss: -0.148519
TORCHFORT::WANDB: model: actor, step: 1245, train_lr: 0.000230605
TORCHFORT::WANDB: model: alpha, step: 1245, train_loss: -2.73911
TORCHFORT::WANDB: model: alpha, step: 1245, train_lr: 0.0001
TORCHFORT::WANDB: model: critic_0, step: 1246, train_loss: 0.0709585
TORCHFORT::WANDB: model: critic_0, step: 1246, train_lr: 0.000230804
TORCHFORT::WANDB: model: actor, step: 1246, train_loss: -0.163567
TORCHFORT::WANDB: model: actor, step: 1246, train_lr: 0.000230804
TORCHFORT::WANDB: model: alpha, step: 1246, train_loss: -2.87
TORCHFORT::WANDB: model: alpha, step: 1246, train_lr: 0.0001
TORCHFORT::WANDB: model: critic_0, step: 1247, train_loss: 0.0744094
TORCHFORT::WANDB: model: critic_0, step: 1247, train_lr: 0.000231003
TORCHFORT::WANDB: model: actor, step: 1247, train_loss: -0.154966
TORCHFORT::WANDB: model: actor, step: 1247, train_lr: 0.000231003
TORCHFORT::WANDB: model: alpha, step: 1247, train_loss: -2.80342
TORCHFORT::WANDB: model: alpha, step: 1247, train_lr: 0.0001
TORCHFORT::WANDB: model: critic_0, step: 1248, train_loss: 0.0727624
TORCHFORT::WANDB: model: critic_0, step: 1248, train_lr: 0.000231203
TORCHFORT::WANDB: model: actor, step: 1248, train_loss: -0.144182
TORCHFORT::WANDB: model: actor, step: 1248, train_lr: 0.000231203
TORCHFORT::WANDB: model: alpha, step: 1248, train_loss: -2.83766
TORCHFORT::WANDB: model: alpha, step: 1248, train_lr: 0.0001
TORCHFORT::WANDB: model: critic_0, step: 1249, train_loss: 0.106451
TORCHFORT::WANDB: model: critic_0, step: 1249, train_lr: 0.000231402
TORCHFORT::WANDB: model: actor, step: 1249, train_loss: -0.129536
TORCHFORT::WANDB: model: actor, step: 1249, train_lr: 0.000231402
TORCHFORT::WANDB: model: alpha, step: 1249, train_loss: -2.79131
TORCHFORT::WANDB: model: alpha, step: 1249, train_lr: 0.0001
TORCHFORT::WANDB: model: critic_0, step: 1250, train_loss: 0.125232
TORCHFORT::WANDB: model: critic_0, step: 1250, train_lr: 0.000231602
TORCHFORT::WANDB: model: actor, step: 1250, train_loss: -0.139008
TORCHFORT::WANDB: model: actor, step: 1250, train_lr: 0.000231602
TORCHFORT::WANDB: model: alpha, step: 1250, train_loss: -2.79473
TORCHFORT::WANDB: model: alpha, step: 1250, train_lr: 0.0001
TORCHFORT::WANDB: model: critic_0, step: 1251, train_loss: 0.109101
TORCHFORT::WANDB: model: critic_0, step: 1251, train_lr: 0.000231802
TORCHFORT::WANDB: model: actor, step: 1251, train_loss: -0.149827
TORCHFORT::WANDB: model: actor, step: 1251, train_lr: 0.000231802
TORCHFORT::WANDB: model: alpha, step: 1251, train_loss: -2.80175
TORCHFORT::WANDB: model: alpha, step: 1251, train_lr: 0.0001
TORCHFORT::WANDB: model: critic_0, step: 1252, train_loss: 0.0920381
TORCHFORT::WANDB: model: critic_0, step: 1252, train_lr: 0.000232002
TORCHFORT::WANDB: model: actor, step: 1252, train_loss: -0.164088
TORCHFORT::WANDB: model: actor, step: 1252, train_lr: 0.000232002
TORCHFORT::WANDB: model: alpha, step: 1252, train_loss: -2.73117
TORCHFORT::WANDB: model: alpha, step: 1252, train_lr: 0.0001
TORCHFORT::WANDB: model: critic_0, step: 1253, train_loss: 0.101774
TORCHFORT::WANDB: model: critic_0, step: 1253, train_lr: 0.000232202
TORCHFORT::WANDB: model: actor, step: 1253, train_loss: -0.169822
TORCHFORT::WANDB: model: actor, step: 1253, train_lr: 0.000232202
TORCHFORT::WANDB: model: alpha, step: 1253, train_loss: -2.88914
TORCHFORT::WANDB: model: alpha, step: 1253, train_lr: 0.0001
TORCHFORT::WANDB: model: critic_0, step: 1254, train_loss: 0.0973069
TORCHFORT::WANDB: model: critic_0, step: 1254, train_lr: 0.000232402
TORCHFORT::WANDB: model: actor, step: 1254, train_loss: -0.170562
TORCHFORT::WANDB: model: actor, step: 1254, train_lr: 0.000232402
TORCHFORT::WANDB: model: alpha, step: 1254, train_loss: -2.85971
TORCHFORT::WANDB: model: alpha, step: 1254, train_lr: 0.0001
TORCHFORT::WANDB: model: critic_0, step: 1255, train_loss: 0.0789451
TORCHFORT::WANDB: model: critic_0, step: 1255, train_lr: 0.000232603
TORCHFORT::WANDB: model: actor, step: 1255, train_loss: -0.18625
TORCHFORT::WANDB: model: actor, step: 1255, train_lr: 0.000232603
TORCHFORT::WANDB: model: alpha, step: 1255, train_loss: -2.81053
TORCHFORT::WANDB: model: alpha, step: 1255, train_lr: 0.0001
TORCHFORT::WANDB: model: critic_0, step: 1256, train_loss: 0.10116
TORCHFORT::WANDB: model: critic_0, step: 1256, train_lr: 0.000232803
TORCHFORT::WANDB: model: actor, step: 1256, train_loss: -0.194959
TORCHFORT::WANDB: model: actor, step: 1256, train_lr: 0.000232803
TORCHFORT::WANDB: model: alpha, step: 1256, train_loss: -2.70259
TORCHFORT::WANDB: model: alpha, step: 1256, train_lr: 0.0001
TORCHFORT::WANDB: model: critic_0, step: 1257, train_loss: 0.0715903
TORCHFORT::WANDB: model: critic_0, step: 1257, train_lr: 0.000233004
TORCHFORT::WANDB: model: actor, step: 1257, train_loss: -0.188969
TORCHFORT::WANDB: model: actor, step: 1257, train_lr: 0.000233004
TORCHFORT::WANDB: model: alpha, step: 1257, train_loss: -2.71949
TORCHFORT::WANDB: model: alpha, step: 1257, train_lr: 0.0001
TORCHFORT::WANDB: model: critic_0, step: 1258, train_loss: 0.0747261
TORCHFORT::WANDB: model: critic_0, step: 1258, train_lr: 0.000233205
TORCHFORT::WANDB: model: actor, step: 1258, train_loss: -0.196546
TORCHFORT::WANDB: model: actor, step: 1258, train_lr: 0.000233205
TORCHFORT::WANDB: model: alpha, step: 1258, train_loss: -2.87922
TORCHFORT::WANDB: model: alpha, step: 1258, train_lr: 0.0001
TORCHFORT::WANDB: model: critic_0, step: 1259, train_loss: 0.0930614
TORCHFORT::WANDB: model: critic_0, step: 1259, train_lr: 0.000233405
TORCHFORT::WANDB: model: actor, step: 1259, train_loss: -0.18732
TORCHFORT::WANDB: model: actor, step: 1259, train_lr: 0.000233405
TORCHFORT::WANDB: model: alpha, step: 1259, train_loss: -2.90509
TORCHFORT::WANDB: model: alpha, step: 1259, train_lr: 0.0001
TORCHFORT::WANDB: model: critic_0, step: 1260, train_loss: 0.0711208
TORCHFORT::WANDB: model: critic_0, step: 1260, train_lr: 0.000233606
TORCHFORT::WANDB: model: actor, step: 1260, train_loss: -0.183284
TORCHFORT::WANDB: model: actor, step: 1260, train_lr: 0.000233606
TORCHFORT::WANDB: model: alpha, step: 1260, train_loss: -2.83139
TORCHFORT::WANDB: model: alpha, step: 1260, train_lr: 0.0001
TORCHFORT::WANDB: model: critic_0, step: 1261, train_loss: 0.0715624
TORCHFORT::WANDB: model: critic_0, step: 1261, train_lr: 0.000233808
TORCHFORT::WANDB: model: actor, step: 1261, train_loss: -0.184426
TORCHFORT::WANDB: model: actor, step: 1261, train_lr: 0.000233808
TORCHFORT::WANDB: model: alpha, step: 1261, train_loss: -2.87517
TORCHFORT::WANDB: model: alpha, step: 1261, train_lr: 0.0001
TORCHFORT::WANDB: model: critic_0, step: 1262, train_loss: 0.0947197
TORCHFORT::WANDB: model: critic_0, step: 1262, train_lr: 0.000234009
TORCHFORT::WANDB: model: actor, step: 1262, train_loss: -0.162194
TORCHFORT::WANDB: model: actor, step: 1262, train_lr: 0.000234009
TORCHFORT::WANDB: model: alpha, step: 1262, train_loss: -2.84645
TORCHFORT::WANDB: model: alpha, step: 1262, train_lr: 0.0001
TORCHFORT::WANDB: model: critic_0, step: 1263, train_loss: 0.126664
TORCHFORT::WANDB: model: critic_0, step: 1263, train_lr: 0.00023421
TORCHFORT::WANDB: model: actor, step: 1263, train_loss: -0.184889
TORCHFORT::WANDB: model: actor, step: 1263, train_lr: 0.00023421
TORCHFORT::WANDB: model: alpha, step: 1263, train_loss: -2.90807
TORCHFORT::WANDB: model: alpha, step: 1263, train_lr: 0.0001
TORCHFORT::WANDB: model: critic_0, step: 1264, train_loss: 0.0820738
TORCHFORT::WANDB: model: critic_0, step: 1264, train_lr: 0.000234412
TORCHFORT::WANDB: model: actor, step: 1264, train_loss: -0.167408
TORCHFORT::WANDB: model: actor, step: 1264, train_lr: 0.000234412
TORCHFORT::WANDB: model: alpha, step: 1264, train_loss: -2.89519
TORCHFORT::WANDB: model: alpha, step: 1264, train_lr: 0.0001
TORCHFORT::WANDB: model: critic_0, step: 1265, train_loss: 0.11054
TORCHFORT::WANDB: model: critic_0, step: 1265, train_lr: 0.000234613
TORCHFORT::WANDB: model: actor, step: 1265, train_loss: -0.1647
TORCHFORT::WANDB: model: actor, step: 1265, train_lr: 0.000234613
TORCHFORT::WANDB: model: alpha, step: 1265, train_loss: -2.90577
TORCHFORT::WANDB: model: alpha, step: 1265, train_lr: 0.0001
TORCHFORT::WANDB: model: critic_0, step: 1266, train_loss: 0.134079
TORCHFORT::WANDB: model: critic_0, step: 1266, train_lr: 0.000234815
TORCHFORT::WANDB: model: actor, step: 1266, train_loss: -0.172139
TORCHFORT::WANDB: model: actor, step: 1266, train_lr: 0.000234815
TORCHFORT::WANDB: model: alpha, step: 1266, train_loss: -2.88765
TORCHFORT::WANDB: model: alpha, step: 1266, train_lr: 0.0001
TORCHFORT::WANDB: model: critic_0, step: 1267, train_loss: 0.0969938
TORCHFORT::WANDB: model: critic_0, step: 1267, train_lr: 0.000235017
TORCHFORT::WANDB: model: actor, step: 1267, train_loss: -0.156948
TORCHFORT::WANDB: model: actor, step: 1267, train_lr: 0.000235017
TORCHFORT::WANDB: model: alpha, step: 1267, train_loss: -2.87587
TORCHFORT::WANDB: model: alpha, step: 1267, train_lr: 0.0001
TORCHFORT::WANDB: model: critic_0, step: 1268, train_loss: 0.0767015
TORCHFORT::WANDB: model: critic_0, step: 1268, train_lr: 0.000235219
TORCHFORT::WANDB: model: actor, step: 1268, train_loss: -0.181927
TORCHFORT::WANDB: model: actor, step: 1268, train_lr: 0.000235219
TORCHFORT::WANDB: model: alpha, step: 1268, train_loss: -2.86848
TORCHFORT::WANDB: model: alpha, step: 1268, train_lr: 0.0001
TORCHFORT::WANDB: model: critic_0, step: 1269, train_loss: 0.104796
TORCHFORT::WANDB: model: critic_0, step: 1269, train_lr: 0.000235421
TORCHFORT::WANDB: model: actor, step: 1269, train_loss: -0.158773
TORCHFORT::WANDB: model: actor, step: 1269, train_lr: 0.000235421
TORCHFORT::WANDB: model: alpha, step: 1269, train_loss: -2.8409
TORCHFORT::WANDB: model: alpha, step: 1269, train_lr: 0.0001
TORCHFORT::WANDB: model: critic_0, step: 1270, train_loss: 0.102544
TORCHFORT::WANDB: model: critic_0, step: 1270, train_lr: 0.000235623
TORCHFORT::WANDB: model: actor, step: 1270, train_loss: -0.170378
TORCHFORT::WANDB: model: actor, step: 1270, train_lr: 0.000235623
TORCHFORT::WANDB: model: alpha, step: 1270, train_loss: -2.93278
TORCHFORT::WANDB: model: alpha, step: 1270, train_lr: 0.0001
TORCHFORT::WANDB: model: critic_0, step: 1271, train_loss: 0.11326
TORCHFORT::WANDB: model: critic_0, step: 1271, train_lr: 0.000235826
TORCHFORT::WANDB: model: actor, step: 1271, train_loss: -0.164444
TORCHFORT::WANDB: model: actor, step: 1271, train_lr: 0.000235826
TORCHFORT::WANDB: model: alpha, step: 1271, train_loss: -2.87174
TORCHFORT::WANDB: model: alpha, step: 1271, train_lr: 0.0001
TORCHFORT::WANDB: model: critic_0, step: 1272, train_loss: 0.170324
TORCHFORT::WANDB: model: critic_0, step: 1272, train_lr: 0.000236028
TORCHFORT::WANDB: model: actor, step: 1272, train_loss: -0.173962
TORCHFORT::WANDB: model: actor, step: 1272, train_lr: 0.000236028
TORCHFORT::WANDB: model: alpha, step: 1272, train_loss: -2.85297
TORCHFORT::WANDB: model: alpha, step: 1272, train_lr: 0.0001
TORCHFORT::WANDB: model: critic_0, step: 1273, train_loss: 0.124122
TORCHFORT::WANDB: model: critic_0, step: 1273, train_lr: 0.000236231
TORCHFORT::WANDB: model: actor, step: 1273, train_loss: -0.180862
TORCHFORT::WANDB: model: actor, step: 1273, train_lr: 0.000236231
TORCHFORT::WANDB: model: alpha, step: 1273, train_loss: -2.8424
TORCHFORT::WANDB: model: alpha, step: 1273, train_lr: 0.0001
TORCHFORT::WANDB: model: critic_0, step: 1274, train_loss: 0.0787702
TORCHFORT::WANDB: model: critic_0, step: 1274, train_lr: 0.000236433
TORCHFORT::WANDB: model: actor, step: 1274, train_loss: -0.18512
TORCHFORT::WANDB: model: actor, step: 1274, train_lr: 0.000236433
TORCHFORT::WANDB: model: alpha, step: 1274, train_loss: -2.78324
TORCHFORT::WANDB: model: alpha, step: 1274, train_lr: 0.0001
TORCHFORT::WANDB: model: critic_0, step: 1275, train_loss: 0.120913
TORCHFORT::WANDB: model: critic_0, step: 1275, train_lr: 0.000236636
TORCHFORT::WANDB: model: actor, step: 1275, train_loss: -0.184253
TORCHFORT::WANDB: model: actor, step: 1275, train_lr: 0.000236636
TORCHFORT::WANDB: model: alpha, step: 1275, train_loss: -2.77937
TORCHFORT::WANDB: model: alpha, step: 1275, train_lr: 0.0001
TORCHFORT::WANDB: model: critic_0, step: 1276, train_loss: 0.0963997
TORCHFORT::WANDB: model: critic_0, step: 1276, train_lr: 0.000236839
TORCHFORT::WANDB: model: actor, step: 1276, train_loss: -0.180786
TORCHFORT::WANDB: model: actor, step: 1276, train_lr: 0.000236839
TORCHFORT::WANDB: model: alpha, step: 1276, train_loss: -2.90458
TORCHFORT::WANDB: model: alpha, step: 1276, train_lr: 0.0001
TORCHFORT::WANDB: model: critic_0, step: 1277, train_loss: 0.120762
TORCHFORT::WANDB: model: critic_0, step: 1277, train_lr: 0.000237042
TORCHFORT::WANDB: model: actor, step: 1277, train_loss: -0.161609
TORCHFORT::WANDB: model: actor, step: 1277, train_lr: 0.000237042
TORCHFORT::WANDB: model: alpha, step: 1277, train_loss: -2.82959
TORCHFORT::WANDB: model: alpha, step: 1277, train_lr: 0.0001
TORCHFORT::WANDB: model: critic_0, step: 1278, train_loss: 0.0765891
TORCHFORT::WANDB: model: critic_0, step: 1278, train_lr: 0.000237246
TORCHFORT::WANDB: model: actor, step: 1278, train_loss: -0.188767
TORCHFORT::WANDB: model: actor, step: 1278, train_lr: 0.000237246
TORCHFORT::WANDB: model: alpha, step: 1278, train_loss: -2.76391
TORCHFORT::WANDB: model: alpha, step: 1278, train_lr: 0.0001
TORCHFORT::WANDB: model: critic_0, step: 1279, train_loss: 0.0592788
TORCHFORT::WANDB: model: critic_0, step: 1279, train_lr: 0.000237449
TORCHFORT::WANDB: model: actor, step: 1279, train_loss: -0.175978
TORCHFORT::WANDB: model: actor, step: 1279, train_lr: 0.000237449
TORCHFORT::WANDB: model: alpha, step: 1279, train_loss: -2.80292
TORCHFORT::WANDB: model: alpha, step: 1279, train_lr: 0.0001
TORCHFORT::WANDB: model: critic_0, step: 1280, train_loss: 0.0820667
TORCHFORT::WANDB: model: critic_0, step: 1280, train_lr: 0.000237652
TORCHFORT::WANDB: model: actor, step: 1280, train_loss: -0.186231
TORCHFORT::WANDB: model: actor, step: 1280, train_lr: 0.000237652
TORCHFORT::WANDB: model: alpha, step: 1280, train_loss: -2.75935
TORCHFORT::WANDB: model: alpha, step: 1280, train_lr: 0.0001
TORCHFORT::WANDB: model: critic_0, step: 1281, train_loss: 0.129201
TORCHFORT::WANDB: model: critic_0, step: 1281, train_lr: 0.000237856
TORCHFORT::WANDB: model: actor, step: 1281, train_loss: -0.175418
TORCHFORT::WANDB: model: actor, step: 1281, train_lr: 0.000237856
TORCHFORT::WANDB: model: alpha, step: 1281, train_loss: -2.73973
TORCHFORT::WANDB: model: alpha, step: 1281, train_lr: 0.0001
TORCHFORT::WANDB: model: critic_0, step: 1282, train_loss: 0.0729696
TORCHFORT::WANDB: model: critic_0, step: 1282, train_lr: 0.00023806
TORCHFORT::WANDB: model: actor, step: 1282, train_loss: -0.176179
TORCHFORT::WANDB: model: actor, step: 1282, train_lr: 0.00023806
TORCHFORT::WANDB: model: alpha, step: 1282, train_loss: -2.74756
TORCHFORT::WANDB: model: alpha, step: 1282, train_lr: 0.0001
TORCHFORT::WANDB: model: critic_0, step: 1283, train_loss: 0.0867801
TORCHFORT::WANDB: model: critic_0, step: 1283, train_lr: 0.000238264
TORCHFORT::WANDB: model: actor, step: 1283, train_loss: -0.16915
TORCHFORT::WANDB: model: actor, step: 1283, train_lr: 0.000238264
TORCHFORT::WANDB: model: alpha, step: 1283, train_loss: -2.88084
TORCHFORT::WANDB: model: alpha, step: 1283, train_lr: 0.0001
TORCHFORT::WANDB: model: critic_0, step: 1284, train_loss: 0.102686
TORCHFORT::WANDB: model: critic_0, step: 1284, train_lr: 0.000238468
TORCHFORT::WANDB: model: actor, step: 1284, train_loss: -0.173977
TORCHFORT::WANDB: model: actor, step: 1284, train_lr: 0.000238468
TORCHFORT::WANDB: model: alpha, step: 1284, train_loss: -2.72993
TORCHFORT::WANDB: model: alpha, step: 1284, train_lr: 0.0001
TORCHFORT::WANDB: model: critic_0, step: 1285, train_loss: 0.108018
TORCHFORT::WANDB: model: critic_0, step: 1285, train_lr: 0.000238672
TORCHFORT::WANDB: model: actor, step: 1285, train_loss: -0.180875
TORCHFORT::WANDB: model: actor, step: 1285, train_lr: 0.000238672
TORCHFORT::WANDB: model: alpha, step: 1285, train_loss: -2.88321
TORCHFORT::WANDB: model: alpha, step: 1285, train_lr: 0.0001
TORCHFORT::WANDB: model: critic_0, step: 1286, train_loss: 0.106572
TORCHFORT::WANDB: model: critic_0, step: 1286, train_lr: 0.000238876
TORCHFORT::WANDB: model: actor, step: 1286, train_loss: -0.159048
TORCHFORT::WANDB: model: actor, step: 1286, train_lr: 0.000238876
TORCHFORT::WANDB: model: alpha, step: 1286, train_loss: -2.74451
TORCHFORT::WANDB: model: alpha, step: 1286, train_lr: 0.0001
TORCHFORT::WANDB: model: critic_0, step: 1287, train_loss: 0.0811188
TORCHFORT::WANDB: model: critic_0, step: 1287, train_lr: 0.00023908
TORCHFORT::WANDB: model: actor, step: 1287, train_loss: -0.168353
TORCHFORT::WANDB: model: actor, step: 1287, train_lr: 0.00023908
TORCHFORT::WANDB: model: alpha, step: 1287, train_loss: -2.79565
TORCHFORT::WANDB: model: alpha, step: 1287, train_lr: 0.0001
TORCHFORT::WANDB: model: critic_0, step: 1288, train_loss: 0.0913837
TORCHFORT::WANDB: model: critic_0, step: 1288, train_lr: 0.000239285
TORCHFORT::WANDB: model: actor, step: 1288, train_loss: -0.161589
TORCHFORT::WANDB: model: actor, step: 1288, train_lr: 0.000239285
TORCHFORT::WANDB: model: alpha, step: 1288, train_loss: -2.83644
TORCHFORT::WANDB: model: alpha, step: 1288, train_lr: 0.0001
TORCHFORT::WANDB: model: critic_0, step: 1289, train_loss: 0.109777
TORCHFORT::WANDB: model: critic_0, step: 1289, train_lr: 0.000239489
TORCHFORT::WANDB: model: actor, step: 1289, train_loss: -0.179759
TORCHFORT::WANDB: model: actor, step: 1289, train_lr: 0.000239489
TORCHFORT::WANDB: model: alpha, step: 1289, train_loss: -2.9398
TORCHFORT::WANDB: model: alpha, step: 1289, train_lr: 0.0001
TORCHFORT::WANDB: model: critic_0, step: 1290, train_loss: 0.0923418
TORCHFORT::WANDB: model: critic_0, step: 1290, train_lr: 0.000239694
TORCHFORT::WANDB: model: actor, step: 1290, train_loss: -0.162338
TORCHFORT::WANDB: model: actor, step: 1290, train_lr: 0.000239694
TORCHFORT::WANDB: model: alpha, step: 1290, train_loss: -2.75433
TORCHFORT::WANDB: model: alpha, step: 1290, train_lr: 0.0001
TORCHFORT::WANDB: model: critic_0, step: 1291, train_loss: 0.113229
TORCHFORT::WANDB: model: critic_0, step: 1291, train_lr: 0.000239899
TORCHFORT::WANDB: model: actor, step: 1291, train_loss: -0.176925
TORCHFORT::WANDB: model: actor, step: 1291, train_lr: 0.000239899
TORCHFORT::WANDB: model: alpha, step: 1291, train_loss: -2.78017
TORCHFORT::WANDB: model: alpha, step: 1291, train_lr: 0.0001
TORCHFORT::WANDB: model: critic_0, step: 1292, train_loss: 0.100306
TORCHFORT::WANDB: model: critic_0, step: 1292, train_lr: 0.000240104
TORCHFORT::WANDB: model: actor, step: 1292, train_loss: -0.160478
TORCHFORT::WANDB: model: actor, step: 1292, train_lr: 0.000240104
TORCHFORT::WANDB: model: alpha, step: 1292, train_loss: -2.82809
TORCHFORT::WANDB: model: alpha, step: 1292, train_lr: 0.0001
TORCHFORT::WANDB: model: critic_0, step: 1293, train_loss: 0.0780194
TORCHFORT::WANDB: model: critic_0, step: 1293, train_lr: 0.000240309
TORCHFORT::WANDB: model: actor, step: 1293, train_loss: -0.16894
TORCHFORT::WANDB: model: actor, step: 1293, train_lr: 0.000240309
TORCHFORT::WANDB: model: alpha, step: 1293, train_loss: -2.75334
TORCHFORT::WANDB: model: alpha, step: 1293, train_lr: 0.0001
TORCHFORT::WANDB: model: critic_0, step: 1294, train_loss: 0.101109
TORCHFORT::WANDB: model: critic_0, step: 1294, train_lr: 0.000240514
TORCHFORT::WANDB: model: actor, step: 1294, train_loss: -0.177137
TORCHFORT::WANDB: model: actor, step: 1294, train_lr: 0.000240514
TORCHFORT::WANDB: model: alpha, step: 1294, train_loss: -2.82959
TORCHFORT::WANDB: model: alpha, step: 1294, train_lr: 0.0001
TORCHFORT::WANDB: model: critic_0, step: 1295, train_loss: 0.106292
TORCHFORT::WANDB: model: critic_0, step: 1295, train_lr: 0.000240719
TORCHFORT::WANDB: model: actor, step: 1295, train_loss: -0.163466
TORCHFORT::WANDB: model: actor, step: 1295, train_lr: 0.000240719
TORCHFORT::WANDB: model: alpha, step: 1295, train_loss: -2.88719
TORCHFORT::WANDB: model: alpha, step: 1295, train_lr: 0.0001
TORCHFORT::WANDB: model: critic_0, step: 1296, train_loss: 0.0758677
TORCHFORT::WANDB: model: critic_0, step: 1296, train_lr: 0.000240925
TORCHFORT::WANDB: model: actor, step: 1296, train_loss: -0.158653
TORCHFORT::WANDB: model: actor, step: 1296, train_lr: 0.000240925
TORCHFORT::WANDB: model: alpha, step: 1296, train_loss: -2.86713
TORCHFORT::WANDB: model: alpha, step: 1296, train_lr: 0.0001
TORCHFORT::WANDB: model: critic_0, step: 1297, train_loss: 0.108957
TORCHFORT::WANDB: model: critic_0, step: 1297, train_lr: 0.00024113
TORCHFORT::WANDB: model: actor, step: 1297, train_loss: -0.155212
TORCHFORT::WANDB: model: actor, step: 1297, train_lr: 0.00024113
TORCHFORT::WANDB: model: alpha, step: 1297, train_loss: -2.81966
TORCHFORT::WANDB: model: alpha, step: 1297, train_lr: 0.0001
TORCHFORT::WANDB: model: critic_0, step: 1298, train_loss: 0.0813356
TORCHFORT::WANDB: model: critic_0, step: 1298, train_lr: 0.000241336
TORCHFORT::WANDB: model: actor, step: 1298, train_loss: -0.165681
TORCHFORT::WANDB: model: actor, step: 1298, train_lr: 0.000241336
TORCHFORT::WANDB: model: alpha, step: 1298, train_loss: -2.8635
TORCHFORT::WANDB: model: alpha, step: 1298, train_lr: 0.0001
TORCHFORT::WANDB: model: critic_0, step: 1299, train_loss: 0.086406
TORCHFORT::WANDB: model: critic_0, step: 1299, train_lr: 0.000241542
TORCHFORT::WANDB: model: actor, step: 1299, train_loss: -0.148805
TORCHFORT::WANDB: model: actor, step: 1299, train_lr: 0.000241542
TORCHFORT::WANDB: model: alpha, step: 1299, train_loss: -2.74843
TORCHFORT::WANDB: model: alpha, step: 1299, train_lr: 0.0001
TORCHFORT::WANDB: model: critic_0, step: 1300, train_loss: 0.0906789
TORCHFORT::WANDB: model: critic_0, step: 1300, train_lr: 0.000241748
TORCHFORT::WANDB: model: actor, step: 1300, train_loss: -0.15352
TORCHFORT::WANDB: model: actor, step: 1300, train_lr: 0.000241748
TORCHFORT::WANDB: model: alpha, step: 1300, train_loss: -2.80991
TORCHFORT::WANDB: model: alpha, step: 1300, train_lr: 0.0001
TORCHFORT::WANDB: model: rlwm, step: 13, reward_sum: 1724.13
TORCHFORT::WANDB: model: rlwm, step: 13, policy_loss: -0.15352
TORCHFORT::WANDB: model: rlwm, step: 13, critic_loss: 0.0906789
TORCHFORT::WANDB: model: critic_0, step: 1301, train_loss: 0.154431
TORCHFORT::WANDB: model: critic_0, step: 1301, train_lr: 0.000241954
TORCHFORT::WANDB: model: actor, step: 1301, train_loss: -0.150331
TORCHFORT::WANDB: model: actor, step: 1301, train_lr: 0.000241954
TORCHFORT::WANDB: model: alpha, step: 1301, train_loss: -2.86957
TORCHFORT::WANDB: model: alpha, step: 1301, train_lr: 0.0001
TORCHFORT::WANDB: model: critic_0, step: 1302, train_loss: 0.104538
TORCHFORT::WANDB: model: critic_0, step: 1302, train_lr: 0.00024216
TORCHFORT::WANDB: model: actor, step: 1302, train_loss: -0.141835
TORCHFORT::WANDB: model: actor, step: 1302, train_lr: 0.00024216
TORCHFORT::WANDB: model: alpha, step: 1302, train_loss: -2.90181
TORCHFORT::WANDB: model: alpha, step: 1302, train_lr: 0.0001
TORCHFORT::WANDB: model: critic_0, step: 1303, train_loss: 0.107386
TORCHFORT::WANDB: model: critic_0, step: 1303, train_lr: 0.000242366
TORCHFORT::WANDB: model: actor, step: 1303, train_loss: -0.156257
TORCHFORT::WANDB: model: actor, step: 1303, train_lr: 0.000242366
TORCHFORT::WANDB: model: alpha, step: 1303, train_loss: -2.82832
TORCHFORT::WANDB: model: alpha, step: 1303, train_lr: 0.0001
TORCHFORT::WANDB: model: critic_0, step: 1304, train_loss: 0.098958
TORCHFORT::WANDB: model: critic_0, step: 1304, train_lr: 0.000242573
TORCHFORT::WANDB: model: actor, step: 1304, train_loss: -0.168879
TORCHFORT::WANDB: model: actor, step: 1304, train_lr: 0.000242573
TORCHFORT::WANDB: model: alpha, step: 1304, train_loss: -2.8534
TORCHFORT::WANDB: model: alpha, step: 1304, train_lr: 0.0001
TORCHFORT::WANDB: model: critic_0, step: 1305, train_loss: 0.149117
TORCHFORT::WANDB: model: critic_0, step: 1305, train_lr: 0.000242779
TORCHFORT::WANDB: model: actor, step: 1305, train_loss: -0.153074
TORCHFORT::WANDB: model: actor, step: 1305, train_lr: 0.000242779
TORCHFORT::WANDB: model: alpha, step: 1305, train_loss: -2.78592
TORCHFORT::WANDB: model: alpha, step: 1305, train_lr: 0.0001
TORCHFORT::WANDB: model: critic_0, step: 1306, train_loss: 0.0800551
TORCHFORT::WANDB: model: critic_0, step: 1306, train_lr: 0.000242986
TORCHFORT::WANDB: model: actor, step: 1306, train_loss: -0.156597
TORCHFORT::WANDB: model: actor, step: 1306, train_lr: 0.000242986
TORCHFORT::WANDB: model: alpha, step: 1306, train_loss: -2.85329
TORCHFORT::WANDB: model: alpha, step: 1306, train_lr: 0.0001
TORCHFORT::WANDB: model: critic_0, step: 1307, train_loss: 0.0884815
TORCHFORT::WANDB: model: critic_0, step: 1307, train_lr: 0.000243193
TORCHFORT::WANDB: model: actor, step: 1307, train_loss: -0.149942
TORCHFORT::WANDB: model: actor, step: 1307, train_lr: 0.000243193
TORCHFORT::WANDB: model: alpha, step: 1307, train_loss: -2.86159
TORCHFORT::WANDB: model: alpha, step: 1307, train_lr: 0.0001
TORCHFORT::WANDB: model: critic_0, step: 1308, train_loss: 0.0825612
TORCHFORT::WANDB: model: critic_0, step: 1308, train_lr: 0.0002434
TORCHFORT::WANDB: model: actor, step: 1308, train_loss: -0.156266
TORCHFORT::WANDB: model: actor, step: 1308, train_lr: 0.0002434
TORCHFORT::WANDB: model: alpha, step: 1308, train_loss: -2.78361
TORCHFORT::WANDB: model: alpha, step: 1308, train_lr: 0.0001
TORCHFORT::WANDB: model: critic_0, step: 1309, train_loss: 0.110934
TORCHFORT::WANDB: model: critic_0, step: 1309, train_lr: 0.000243607
TORCHFORT::WANDB: model: actor, step: 1309, train_loss: -0.160153
TORCHFORT::WANDB: model: actor, step: 1309, train_lr: 0.000243607
TORCHFORT::WANDB: model: alpha, step: 1309, train_loss: -2.80507
TORCHFORT::WANDB: model: alpha, step: 1309, train_lr: 0.0001
TORCHFORT::WANDB: model: critic_0, step: 1310, train_loss: 0.106794
TORCHFORT::WANDB: model: critic_0, step: 1310, train_lr: 0.000243814
TORCHFORT::WANDB: model: actor, step: 1310, train_loss: -0.163448
TORCHFORT::WANDB: model: actor, step: 1310, train_lr: 0.000243814
TORCHFORT::WANDB: model: alpha, step: 1310, train_loss: -2.80831
TORCHFORT::WANDB: model: alpha, step: 1310, train_lr: 0.0001
TORCHFORT::WANDB: model: critic_0, step: 1311, train_loss: 0.122917
TORCHFORT::WANDB: model: critic_0, step: 1311, train_lr: 0.000244021
TORCHFORT::WANDB: model: actor, step: 1311, train_loss: -0.163274
TORCHFORT::WANDB: model: actor, step: 1311, train_lr: 0.000244021
TORCHFORT::WANDB: model: alpha, step: 1311, train_loss: -2.87721
TORCHFORT::WANDB: model: alpha, step: 1311, train_lr: 0.0001
TORCHFORT::WANDB: model: critic_0, step: 1312, train_loss: 0.0911386
TORCHFORT::WANDB: model: critic_0, step: 1312, train_lr: 0.000244228
TORCHFORT::WANDB: model: actor, step: 1312, train_loss: -0.156054
TORCHFORT::WANDB: model: actor, step: 1312, train_lr: 0.000244228
TORCHFORT::WANDB: model: alpha, step: 1312, train_loss: -2.79819
TORCHFORT::WANDB: model: alpha, step: 1312, train_lr: 0.0001
TORCHFORT::WANDB: model: critic_0, step: 1313, train_loss: 0.0938563
TORCHFORT::WANDB: model: critic_0, step: 1313, train_lr: 0.000244436
TORCHFORT::WANDB: model: actor, step: 1313, train_loss: -0.160487
TORCHFORT::WANDB: model: actor, step: 1313, train_lr: 0.000244436
TORCHFORT::WANDB: model: alpha, step: 1313, train_loss: -2.89902
TORCHFORT::WANDB: model: alpha, step: 1313, train_lr: 0.0001
TORCHFORT::WANDB: model: critic_0, step: 1314, train_loss: 0.109442
TORCHFORT::WANDB: model: critic_0, step: 1314, train_lr: 0.000244643
TORCHFORT::WANDB: model: actor, step: 1314, train_loss: -0.161049
TORCHFORT::WANDB: model: actor, step: 1314, train_lr: 0.000244643
TORCHFORT::WANDB: model: alpha, step: 1314, train_loss: -2.9079
TORCHFORT::WANDB: model: alpha, step: 1314, train_lr: 0.0001
TORCHFORT::WANDB: model: critic_0, step: 1315, train_loss: 0.0913754
TORCHFORT::WANDB: model: critic_0, step: 1315, train_lr: 0.000244851
TORCHFORT::WANDB: model: actor, step: 1315, train_loss: -0.178477
TORCHFORT::WANDB: model: actor, step: 1315, train_lr: 0.000244851
TORCHFORT::WANDB: model: alpha, step: 1315, train_loss: -2.81148
TORCHFORT::WANDB: model: alpha, step: 1315, train_lr: 0.0001
TORCHFORT::WANDB: model: critic_0, step: 1316, train_loss: 0.132923
TORCHFORT::WANDB: model: critic_0, step: 1316, train_lr: 0.000245059
TORCHFORT::WANDB: model: actor, step: 1316, train_loss: -0.181969
TORCHFORT::WANDB: model: actor, step: 1316, train_lr: 0.000245059
TORCHFORT::WANDB: model: alpha, step: 1316, train_loss: -2.80286
TORCHFORT::WANDB: model: alpha, step: 1316, train_lr: 0.0001
TORCHFORT::WANDB: model: critic_0, step: 1317, train_loss: 0.0653969
TORCHFORT::WANDB: model: critic_0, step: 1317, train_lr: 0.000245267
TORCHFORT::WANDB: model: actor, step: 1317, train_loss: -0.174503
TORCHFORT::WANDB: model: actor, step: 1317, train_lr: 0.000245267
TORCHFORT::WANDB: model: alpha, step: 1317, train_loss: -2.90745
TORCHFORT::WANDB: model: alpha, step: 1317, train_lr: 0.0001
TORCHFORT::WANDB: model: critic_0, step: 1318, train_loss: 0.10676
TORCHFORT::WANDB: model: critic_0, step: 1318, train_lr: 0.000245475
TORCHFORT::WANDB: model: actor, step: 1318, train_loss: -0.196835
TORCHFORT::WANDB: model: actor, step: 1318, train_lr: 0.000245475
TORCHFORT::WANDB: model: alpha, step: 1318, train_loss: -2.8654
TORCHFORT::WANDB: model: alpha, step: 1318, train_lr: 0.0001
TORCHFORT::WANDB: model: critic_0, step: 1319, train_loss: 0.0801975
TORCHFORT::WANDB: model: critic_0, step: 1319, train_lr: 0.000245683
TORCHFORT::WANDB: model: actor, step: 1319, train_loss: -0.17843
TORCHFORT::WANDB: model: actor, step: 1319, train_lr: 0.000245683
TORCHFORT::WANDB: model: alpha, step: 1319, train_loss: -2.84408
TORCHFORT::WANDB: model: alpha, step: 1319, train_lr: 0.0001
TORCHFORT::WANDB: model: critic_0, step: 1320, train_loss: 0.07293
TORCHFORT::WANDB: model: critic_0, step: 1320, train_lr: 0.000245892
TORCHFORT::WANDB: model: actor, step: 1320, train_loss: -0.176563
TORCHFORT::WANDB: model: actor, step: 1320, train_lr: 0.000245892
TORCHFORT::WANDB: model: alpha, step: 1320, train_loss: -2.91022
TORCHFORT::WANDB: model: alpha, step: 1320, train_lr: 0.0001
TORCHFORT::WANDB: model: critic_0, step: 1321, train_loss: 0.0909246
TORCHFORT::WANDB: model: critic_0, step: 1321, train_lr: 0.0002461
TORCHFORT::WANDB: model: actor, step: 1321, train_loss: -0.182832
TORCHFORT::WANDB: model: actor, step: 1321, train_lr: 0.0002461
TORCHFORT::WANDB: model: alpha, step: 1321, train_loss: -2.82133
TORCHFORT::WANDB: model: alpha, step: 1321, train_lr: 0.0001
TORCHFORT::WANDB: model: critic_0, step: 1322, train_loss: 0.0712265
TORCHFORT::WANDB: model: critic_0, step: 1322, train_lr: 0.000246309
TORCHFORT::WANDB: model: actor, step: 1322, train_loss: -0.163894
TORCHFORT::WANDB: model: actor, step: 1322, train_lr: 0.000246309
TORCHFORT::WANDB: model: alpha, step: 1322, train_loss: -2.78628
TORCHFORT::WANDB: model: alpha, step: 1322, train_lr: 0.0001
TORCHFORT::WANDB: model: critic_0, step: 1323, train_loss: 0.0433475
TORCHFORT::WANDB: model: critic_0, step: 1323, train_lr: 0.000246518
TORCHFORT::WANDB: model: actor, step: 1323, train_loss: -0.160545
TORCHFORT::WANDB: model: actor, step: 1323, train_lr: 0.000246518
TORCHFORT::WANDB: model: alpha, step: 1323, train_loss: -2.77763
TORCHFORT::WANDB: model: alpha, step: 1323, train_lr: 0.0001
TORCHFORT::WANDB: model: critic_0, step: 1324, train_loss: 0.0613518
TORCHFORT::WANDB: model: critic_0, step: 1324, train_lr: 0.000246726
TORCHFORT::WANDB: model: actor, step: 1324, train_loss: -0.172572
TORCHFORT::WANDB: model: actor, step: 1324, train_lr: 0.000246726
TORCHFORT::WANDB: model: alpha, step: 1324, train_loss: -2.88659
TORCHFORT::WANDB: model: alpha, step: 1324, train_lr: 0.0001
TORCHFORT::WANDB: model: critic_0, step: 1325, train_loss: 0.0877696
TORCHFORT::WANDB: model: critic_0, step: 1325, train_lr: 0.000246935
TORCHFORT::WANDB: model: actor, step: 1325, train_loss: -0.168945
TORCHFORT::WANDB: model: actor, step: 1325, train_lr: 0.000246935
TORCHFORT::WANDB: model: alpha, step: 1325, train_loss: -2.94496
TORCHFORT::WANDB: model: alpha, step: 1325, train_lr: 0.0001
TORCHFORT::WANDB: model: critic_0, step: 1326, train_loss: 0.109474
TORCHFORT::WANDB: model: critic_0, step: 1326, train_lr: 0.000247144
TORCHFORT::WANDB: model: actor, step: 1326, train_loss: -0.179915
TORCHFORT::WANDB: model: actor, step: 1326, train_lr: 0.000247144
TORCHFORT::WANDB: model: alpha, step: 1326, train_loss: -2.75181
TORCHFORT::WANDB: model: alpha, step: 1326, train_lr: 0.0001
TORCHFORT::WANDB: model: critic_0, step: 1327, train_loss: 0.070289
TORCHFORT::WANDB: model: critic_0, step: 1327, train_lr: 0.000247354
TORCHFORT::WANDB: model: actor, step: 1327, train_loss: -0.165508
TORCHFORT::WANDB: model: actor, step: 1327, train_lr: 0.000247354
TORCHFORT::WANDB: model: alpha, step: 1327, train_loss: -2.84372
TORCHFORT::WANDB: model: alpha, step: 1327, train_lr: 0.0001
TORCHFORT::WANDB: model: critic_0, step: 1328, train_loss: 0.105302
TORCHFORT::WANDB: model: critic_0, step: 1328, train_lr: 0.000247563
TORCHFORT::WANDB: model: actor, step: 1328, train_loss: -0.159172
TORCHFORT::WANDB: model: actor, step: 1328, train_lr: 0.000247563
TORCHFORT::WANDB: model: alpha, step: 1328, train_loss: -2.85157
TORCHFORT::WANDB: model: alpha, step: 1328, train_lr: 0.0001
TORCHFORT::WANDB: model: critic_0, step: 1329, train_loss: 0.0947306
TORCHFORT::WANDB: model: critic_0, step: 1329, train_lr: 0.000247772
TORCHFORT::WANDB: model: actor, step: 1329, train_loss: -0.168182
TORCHFORT::WANDB: model: actor, step: 1329, train_lr: 0.000247772
TORCHFORT::WANDB: model: alpha, step: 1329, train_loss: -2.80036
TORCHFORT::WANDB: model: alpha, step: 1329, train_lr: 0.0001
TORCHFORT::WANDB: model: critic_0, step: 1330, train_loss: 0.0618996
TORCHFORT::WANDB: model: critic_0, step: 1330, train_lr: 0.000247982
TORCHFORT::WANDB: model: actor, step: 1330, train_loss: -0.138495
TORCHFORT::WANDB: model: actor, step: 1330, train_lr: 0.000247982
TORCHFORT::WANDB: model: alpha, step: 1330, train_loss: -2.69008
TORCHFORT::WANDB: model: alpha, step: 1330, train_lr: 0.0001
TORCHFORT::WANDB: model: critic_0, step: 1331, train_loss: 0.117609
TORCHFORT::WANDB: model: critic_0, step: 1331, train_lr: 0.000248191
TORCHFORT::WANDB: model: actor, step: 1331, train_loss: -0.153686
TORCHFORT::WANDB: model: actor, step: 1331, train_lr: 0.000248191
TORCHFORT::WANDB: model: alpha, step: 1331, train_loss: -2.83451
TORCHFORT::WANDB: model: alpha, step: 1331, train_lr: 0.0001
TORCHFORT::WANDB: model: critic_0, step: 1332, train_loss: 0.0881239
TORCHFORT::WANDB: model: critic_0, step: 1332, train_lr: 0.000248401
TORCHFORT::WANDB: model: actor, step: 1332, train_loss: -0.165361
TORCHFORT::WANDB: model: actor, step: 1332, train_lr: 0.000248401
TORCHFORT::WANDB: model: alpha, step: 1332, train_loss: -2.88487
TORCHFORT::WANDB: model: alpha, step: 1332, train_lr: 0.0001
TORCHFORT::WANDB: model: critic_0, step: 1333, train_loss: 0.129615
TORCHFORT::WANDB: model: critic_0, step: 1333, train_lr: 0.000248611
TORCHFORT::WANDB: model: actor, step: 1333, train_loss: -0.164796
TORCHFORT::WANDB: model: actor, step: 1333, train_lr: 0.000248611
TORCHFORT::WANDB: model: alpha, step: 1333, train_loss: -2.83818
TORCHFORT::WANDB: model: alpha, step: 1333, train_lr: 0.0001
TORCHFORT::WANDB: model: critic_0, step: 1334, train_loss: 0.106204
TORCHFORT::WANDB: model: critic_0, step: 1334, train_lr: 0.000248821
TORCHFORT::WANDB: model: actor, step: 1334, train_loss: -0.168465
TORCHFORT::WANDB: model: actor, step: 1334, train_lr: 0.000248821
TORCHFORT::WANDB: model: alpha, step: 1334, train_loss: -2.8928
TORCHFORT::WANDB: model: alpha, step: 1334, train_lr: 0.0001
TORCHFORT::WANDB: model: critic_0, step: 1335, train_loss: 0.13435
TORCHFORT::WANDB: model: critic_0, step: 1335, train_lr: 0.000249031
TORCHFORT::WANDB: model: actor, step: 1335, train_loss: -0.160367
TORCHFORT::WANDB: model: actor, step: 1335, train_lr: 0.000249031
TORCHFORT::WANDB: model: alpha, step: 1335, train_loss: -2.80771
TORCHFORT::WANDB: model: alpha, step: 1335, train_lr: 0.0001
TORCHFORT::WANDB: model: critic_0, step: 1336, train_loss: 0.138961
TORCHFORT::WANDB: model: critic_0, step: 1336, train_lr: 0.000249242
TORCHFORT::WANDB: model: actor, step: 1336, train_loss: -0.170895
TORCHFORT::WANDB: model: actor, step: 1336, train_lr: 0.000249242
TORCHFORT::WANDB: model: alpha, step: 1336, train_loss: -2.77323
TORCHFORT::WANDB: model: alpha, step: 1336, train_lr: 0.0001
TORCHFORT::WANDB: model: critic_0, step: 1337, train_loss: 0.120401
TORCHFORT::WANDB: model: critic_0, step: 1337, train_lr: 0.000249452
TORCHFORT::WANDB: model: actor, step: 1337, train_loss: -0.173147
TORCHFORT::WANDB: model: actor, step: 1337, train_lr: 0.000249452
TORCHFORT::WANDB: model: alpha, step: 1337, train_loss: -2.83479
TORCHFORT::WANDB: model: alpha, step: 1337, train_lr: 0.0001
TORCHFORT::WANDB: model: critic_0, step: 1338, train_loss: 0.0952694
TORCHFORT::WANDB: model: critic_0, step: 1338, train_lr: 0.000249662
TORCHFORT::WANDB: model: actor, step: 1338, train_loss: -0.17908
TORCHFORT::WANDB: model: actor, step: 1338, train_lr: 0.000249662
TORCHFORT::WANDB: model: alpha, step: 1338, train_loss: -2.83268
TORCHFORT::WANDB: model: alpha, step: 1338, train_lr: 0.0001
TORCHFORT::WANDB: model: critic_0, step: 1339, train_loss: 0.10239
TORCHFORT::WANDB: model: critic_0, step: 1339, train_lr: 0.000249873
TORCHFORT::WANDB: model: actor, step: 1339, train_loss: -0.193312
TORCHFORT::WANDB: model: actor, step: 1339, train_lr: 0.000249873
TORCHFORT::WANDB: model: alpha, step: 1339, train_loss: -2.84171
TORCHFORT::WANDB: model: alpha, step: 1339, train_lr: 0.0001
TORCHFORT::WANDB: model: critic_0, step: 1340, train_loss: 0.10031
TORCHFORT::WANDB: model: critic_0, step: 1340, train_lr: 0.000250084
TORCHFORT::WANDB: model: actor, step: 1340, train_loss: -0.186691
TORCHFORT::WANDB: model: actor, step: 1340, train_lr: 0.000250084
TORCHFORT::WANDB: model: alpha, step: 1340, train_loss: -2.8474
TORCHFORT::WANDB: model: alpha, step: 1340, train_lr: 0.0001
TORCHFORT::WANDB: model: critic_0, step: 1341, train_loss: 0.0652314
TORCHFORT::WANDB: model: critic_0, step: 1341, train_lr: 0.000250295
TORCHFORT::WANDB: model: actor, step: 1341, train_loss: -0.191535
TORCHFORT::WANDB: model: actor, step: 1341, train_lr: 0.000250295
TORCHFORT::WANDB: model: alpha, step: 1341, train_loss: -2.78573
TORCHFORT::WANDB: model: alpha, step: 1341, train_lr: 0.0001
TORCHFORT::WANDB: model: critic_0, step: 1342, train_loss: 0.108653
TORCHFORT::WANDB: model: critic_0, step: 1342, train_lr: 0.000250506
TORCHFORT::WANDB: model: actor, step: 1342, train_loss: -0.193716
TORCHFORT::WANDB: model: actor, step: 1342, train_lr: 0.000250506
TORCHFORT::WANDB: model: alpha, step: 1342, train_loss: -2.80365
TORCHFORT::WANDB: model: alpha, step: 1342, train_lr: 0.0001
TORCHFORT::WANDB: model: critic_0, step: 1343, train_loss: 0.0951399
TORCHFORT::WANDB: model: critic_0, step: 1343, train_lr: 0.000250717
TORCHFORT::WANDB: model: actor, step: 1343, train_loss: -0.181152
TORCHFORT::WANDB: model: actor, step: 1343, train_lr: 0.000250717
TORCHFORT::WANDB: model: alpha, step: 1343, train_loss: -2.77141
TORCHFORT::WANDB: model: alpha, step: 1343, train_lr: 0.0001
TORCHFORT::WANDB: model: critic_0, step: 1344, train_loss: 0.137109
TORCHFORT::WANDB: model: critic_0, step: 1344, train_lr: 0.000250928
TORCHFORT::WANDB: model: actor, step: 1344, train_loss: -0.170384
TORCHFORT::WANDB: model: actor, step: 1344, train_lr: 0.000250928
TORCHFORT::WANDB: model: alpha, step: 1344, train_loss: -2.87122
TORCHFORT::WANDB: model: alpha, step: 1344, train_lr: 0.0001
TORCHFORT::WANDB: model: critic_0, step: 1345, train_loss: 0.0607229
TORCHFORT::WANDB: model: critic_0, step: 1345, train_lr: 0.000251139
TORCHFORT::WANDB: model: actor, step: 1345, train_loss: -0.172668
TORCHFORT::WANDB: model: actor, step: 1345, train_lr: 0.000251139
TORCHFORT::WANDB: model: alpha, step: 1345, train_loss: -2.79429
TORCHFORT::WANDB: model: alpha, step: 1345, train_lr: 0.0001
TORCHFORT::WANDB: model: critic_0, step: 1346, train_loss: 0.133896
TORCHFORT::WANDB: model: critic_0, step: 1346, train_lr: 0.000251351
TORCHFORT::WANDB: model: actor, step: 1346, train_loss: -0.177368
TORCHFORT::WANDB: model: actor, step: 1346, train_lr: 0.000251351
TORCHFORT::WANDB: model: alpha, step: 1346, train_loss: -2.84554
TORCHFORT::WANDB: model: alpha, step: 1346, train_lr: 0.0001
TORCHFORT::WANDB: model: critic_0, step: 1347, train_loss: 0.0905202
TORCHFORT::WANDB: model: critic_0, step: 1347, train_lr: 0.000251562
TORCHFORT::WANDB: model: actor, step: 1347, train_loss: -0.180874
TORCHFORT::WANDB: model: actor, step: 1347, train_lr: 0.000251562
TORCHFORT::WANDB: model: alpha, step: 1347, train_loss: -2.82748
TORCHFORT::WANDB: model: alpha, step: 1347, train_lr: 0.0001
TORCHFORT::WANDB: model: critic_0, step: 1348, train_loss: 0.185154
TORCHFORT::WANDB: model: critic_0, step: 1348, train_lr: 0.000251774
TORCHFORT::WANDB: model: actor, step: 1348, train_loss: -0.141708
TORCHFORT::WANDB: model: actor, step: 1348, train_lr: 0.000251774
TORCHFORT::WANDB: model: alpha, step: 1348, train_loss: -2.79871
TORCHFORT::WANDB: model: alpha, step: 1348, train_lr: 0.0001
TORCHFORT::WANDB: model: critic_0, step: 1349, train_loss: 0.06782
TORCHFORT::WANDB: model: critic_0, step: 1349, train_lr: 0.000251986
TORCHFORT::WANDB: model: actor, step: 1349, train_loss: -0.168385
TORCHFORT::WANDB: model: actor, step: 1349, train_lr: 0.000251986
TORCHFORT::WANDB: model: alpha, step: 1349, train_loss: -2.86579
TORCHFORT::WANDB: model: alpha, step: 1349, train_lr: 0.0001
TORCHFORT::WANDB: model: critic_0, step: 1350, train_loss: 0.0815713
TORCHFORT::WANDB: model: critic_0, step: 1350, train_lr: 0.000252198
TORCHFORT::WANDB: model: actor, step: 1350, train_loss: -0.164625
TORCHFORT::WANDB: model: actor, step: 1350, train_lr: 0.000252198
TORCHFORT::WANDB: model: alpha, step: 1350, train_loss: -2.85029
TORCHFORT::WANDB: model: alpha, step: 1350, train_lr: 0.0001
TORCHFORT::WANDB: model: critic_0, step: 1351, train_loss: 0.0833107
TORCHFORT::WANDB: model: critic_0, step: 1351, train_lr: 0.00025241
TORCHFORT::WANDB: model: actor, step: 1351, train_loss: -0.173497
TORCHFORT::WANDB: model: actor, step: 1351, train_lr: 0.00025241
TORCHFORT::WANDB: model: alpha, step: 1351, train_loss: -2.8922
TORCHFORT::WANDB: model: alpha, step: 1351, train_lr: 0.0001
TORCHFORT::WANDB: model: critic_0, step: 1352, train_loss: 0.0892403
TORCHFORT::WANDB: model: critic_0, step: 1352, train_lr: 0.000252622
TORCHFORT::WANDB: model: actor, step: 1352, train_loss: -0.1759
TORCHFORT::WANDB: model: actor, step: 1352, train_lr: 0.000252622
TORCHFORT::WANDB: model: alpha, step: 1352, train_loss: -2.8831
TORCHFORT::WANDB: model: alpha, step: 1352, train_lr: 0.0001
TORCHFORT::WANDB: model: critic_0, step: 1353, train_loss: 0.106955
TORCHFORT::WANDB: model: critic_0, step: 1353, train_lr: 0.000252834
TORCHFORT::WANDB: model: actor, step: 1353, train_loss: -0.149482
TORCHFORT::WANDB: model: actor, step: 1353, train_lr: 0.000252834
TORCHFORT::WANDB: model: alpha, step: 1353, train_loss: -2.86881
TORCHFORT::WANDB: model: alpha, step: 1353, train_lr: 0.0001
TORCHFORT::WANDB: model: critic_0, step: 1354, train_loss: 0.117709
TORCHFORT::WANDB: model: critic_0, step: 1354, train_lr: 0.000253046
TORCHFORT::WANDB: model: actor, step: 1354, train_loss: -0.162655
TORCHFORT::WANDB: model: actor, step: 1354, train_lr: 0.000253046
TORCHFORT::WANDB: model: alpha, step: 1354, train_loss: -2.87506
TORCHFORT::WANDB: model: alpha, step: 1354, train_lr: 0.0001
TORCHFORT::WANDB: model: critic_0, step: 1355, train_loss: 0.138398
TORCHFORT::WANDB: model: critic_0, step: 1355, train_lr: 0.000253259
TORCHFORT::WANDB: model: actor, step: 1355, train_loss: -0.165933
TORCHFORT::WANDB: model: actor, step: 1355, train_lr: 0.000253259
TORCHFORT::WANDB: model: alpha, step: 1355, train_loss: -2.79885
TORCHFORT::WANDB: model: alpha, step: 1355, train_lr: 0.0001
TORCHFORT::WANDB: model: critic_0, step: 1356, train_loss: 0.105952
TORCHFORT::WANDB: model: critic_0, step: 1356, train_lr: 0.000253472
TORCHFORT::WANDB: model: actor, step: 1356, train_loss: -0.16049
TORCHFORT::WANDB: model: actor, step: 1356, train_lr: 0.000253472
TORCHFORT::WANDB: model: alpha, step: 1356, train_loss: -2.93054
TORCHFORT::WANDB: model: alpha, step: 1356, train_lr: 0.0001
TORCHFORT::WANDB: model: critic_0, step: 1357, train_loss: 0.10119
TORCHFORT::WANDB: model: critic_0, step: 1357, train_lr: 0.000253684
TORCHFORT::WANDB: model: actor, step: 1357, train_loss: -0.165938
TORCHFORT::WANDB: model: actor, step: 1357, train_lr: 0.000253684
TORCHFORT::WANDB: model: alpha, step: 1357, train_loss: -2.8509
TORCHFORT::WANDB: model: alpha, step: 1357, train_lr: 0.0001
TORCHFORT::WANDB: model: critic_0, step: 1358, train_loss: 0.0777936
TORCHFORT::WANDB: model: critic_0, step: 1358, train_lr: 0.000253897
TORCHFORT::WANDB: model: actor, step: 1358, train_loss: -0.172713
TORCHFORT::WANDB: model: actor, step: 1358, train_lr: 0.000253897
TORCHFORT::WANDB: model: alpha, step: 1358, train_loss: -2.8191
TORCHFORT::WANDB: model: alpha, step: 1358, train_lr: 0.0001
TORCHFORT::WANDB: model: critic_0, step: 1359, train_loss: 0.0894679
TORCHFORT::WANDB: model: critic_0, step: 1359, train_lr: 0.00025411
TORCHFORT::WANDB: model: actor, step: 1359, train_loss: -0.175394
TORCHFORT::WANDB: model: actor, step: 1359, train_lr: 0.00025411
TORCHFORT::WANDB: model: alpha, step: 1359, train_loss: -2.89361
TORCHFORT::WANDB: model: alpha, step: 1359, train_lr: 0.0001
TORCHFORT::WANDB: model: critic_0, step: 1360, train_loss: 0.124907
TORCHFORT::WANDB: model: critic_0, step: 1360, train_lr: 0.000254323
TORCHFORT::WANDB: model: actor, step: 1360, train_loss: -0.162612
TORCHFORT::WANDB: model: actor, step: 1360, train_lr: 0.000254323
TORCHFORT::WANDB: model: alpha, step: 1360, train_loss: -2.9252
TORCHFORT::WANDB: model: alpha, step: 1360, train_lr: 0.0001
TORCHFORT::WANDB: model: critic_0, step: 1361, train_loss: 0.0682745
TORCHFORT::WANDB: model: critic_0, step: 1361, train_lr: 0.000254536
TORCHFORT::WANDB: model: actor, step: 1361, train_loss: -0.188978
TORCHFORT::WANDB: model: actor, step: 1361, train_lr: 0.000254536
TORCHFORT::WANDB: model: alpha, step: 1361, train_loss: -2.78822
TORCHFORT::WANDB: model: alpha, step: 1361, train_lr: 0.0001
TORCHFORT::WANDB: model: critic_0, step: 1362, train_loss: 0.0811221
TORCHFORT::WANDB: model: critic_0, step: 1362, train_lr: 0.00025475
TORCHFORT::WANDB: model: actor, step: 1362, train_loss: -0.169707
TORCHFORT::WANDB: model: actor, step: 1362, train_lr: 0.00025475
TORCHFORT::WANDB: model: alpha, step: 1362, train_loss: -2.75407
TORCHFORT::WANDB: model: alpha, step: 1362, train_lr: 0.0001
TORCHFORT::WANDB: model: critic_0, step: 1363, train_loss: 0.0854135
TORCHFORT::WANDB: model: critic_0, step: 1363, train_lr: 0.000254963
TORCHFORT::WANDB: model: actor, step: 1363, train_loss: -0.182013
TORCHFORT::WANDB: model: actor, step: 1363, train_lr: 0.000254963
TORCHFORT::WANDB: model: alpha, step: 1363, train_loss: -2.79201
TORCHFORT::WANDB: model: alpha, step: 1363, train_lr: 0.0001
TORCHFORT::WANDB: model: critic_0, step: 1364, train_loss: 0.124606
TORCHFORT::WANDB: model: critic_0, step: 1364, train_lr: 0.000255177
TORCHFORT::WANDB: model: actor, step: 1364, train_loss: -0.186576
TORCHFORT::WANDB: model: actor, step: 1364, train_lr: 0.000255177
TORCHFORT::WANDB: model: alpha, step: 1364, train_loss: -2.75866
TORCHFORT::WANDB: model: alpha, step: 1364, train_lr: 0.0001
TORCHFORT::WANDB: model: critic_0, step: 1365, train_loss: 0.105731
TORCHFORT::WANDB: model: critic_0, step: 1365, train_lr: 0.00025539
TORCHFORT::WANDB: model: actor, step: 1365, train_loss: -0.17367
TORCHFORT::WANDB: model: actor, step: 1365, train_lr: 0.00025539
TORCHFORT::WANDB: model: alpha, step: 1365, train_loss: -2.70969
TORCHFORT::WANDB: model: alpha, step: 1365, train_lr: 0.0001
TORCHFORT::WANDB: model: critic_0, step: 1366, train_loss: 0.0755177
TORCHFORT::WANDB: model: critic_0, step: 1366, train_lr: 0.000255604
TORCHFORT::WANDB: model: actor, step: 1366, train_loss: -0.181696
TORCHFORT::WANDB: model: actor, step: 1366, train_lr: 0.000255604
TORCHFORT::WANDB: model: alpha, step: 1366, train_loss: -2.95602
TORCHFORT::WANDB: model: alpha, step: 1366, train_lr: 0.0001
TORCHFORT::WANDB: model: critic_0, step: 1367, train_loss: 0.182883
TORCHFORT::WANDB: model: critic_0, step: 1367, train_lr: 0.000255818
TORCHFORT::WANDB: model: actor, step: 1367, train_loss: -0.192795
TORCHFORT::WANDB: model: actor, step: 1367, train_lr: 0.000255818
TORCHFORT::WANDB: model: alpha, step: 1367, train_loss: -2.96575
TORCHFORT::WANDB: model: alpha, step: 1367, train_lr: 0.0001
TORCHFORT::WANDB: model: critic_0, step: 1368, train_loss: 0.138931
TORCHFORT::WANDB: model: critic_0, step: 1368, train_lr: 0.000256032
TORCHFORT::WANDB: model: actor, step: 1368, train_loss: -0.180141
TORCHFORT::WANDB: model: actor, step: 1368, train_lr: 0.000256032
TORCHFORT::WANDB: model: alpha, step: 1368, train_loss: -2.72878
TORCHFORT::WANDB: model: alpha, step: 1368, train_lr: 0.0001
TORCHFORT::WANDB: model: critic_0, step: 1369, train_loss: 0.102966
TORCHFORT::WANDB: model: critic_0, step: 1369, train_lr: 0.000256246
TORCHFORT::WANDB: model: actor, step: 1369, train_loss: -0.182521
TORCHFORT::WANDB: model: actor, step: 1369, train_lr: 0.000256246
TORCHFORT::WANDB: model: alpha, step: 1369, train_loss: -2.72746
TORCHFORT::WANDB: model: alpha, step: 1369, train_lr: 0.0001
TORCHFORT::WANDB: model: critic_0, step: 1370, train_loss: 0.10203
TORCHFORT::WANDB: model: critic_0, step: 1370, train_lr: 0.00025646
TORCHFORT::WANDB: model: actor, step: 1370, train_loss: -0.185004
TORCHFORT::WANDB: model: actor, step: 1370, train_lr: 0.00025646
TORCHFORT::WANDB: model: alpha, step: 1370, train_loss: -2.79385
TORCHFORT::WANDB: model: alpha, step: 1370, train_lr: 0.0001
TORCHFORT::WANDB: model: critic_0, step: 1371, train_loss: 0.0776984
TORCHFORT::WANDB: model: critic_0, step: 1371, train_lr: 0.000256675
TORCHFORT::WANDB: model: actor, step: 1371, train_loss: -0.197866
TORCHFORT::WANDB: model: actor, step: 1371, train_lr: 0.000256675
TORCHFORT::WANDB: model: alpha, step: 1371, train_loss: -2.74474
TORCHFORT::WANDB: model: alpha, step: 1371, train_lr: 0.0001
TORCHFORT::WANDB: model: critic_0, step: 1372, train_loss: 0.131113
TORCHFORT::WANDB: model: critic_0, step: 1372, train_lr: 0.000256889
TORCHFORT::WANDB: model: actor, step: 1372, train_loss: -0.170245
TORCHFORT::WANDB: model: actor, step: 1372, train_lr: 0.000256889
TORCHFORT::WANDB: model: alpha, step: 1372, train_loss: -2.73069
TORCHFORT::WANDB: model: alpha, step: 1372, train_lr: 0.0001
TORCHFORT::WANDB: model: critic_0, step: 1373, train_loss: 0.0826388
TORCHFORT::WANDB: model: critic_0, step: 1373, train_lr: 0.000257104
TORCHFORT::WANDB: model: actor, step: 1373, train_loss: -0.202693
TORCHFORT::WANDB: model: actor, step: 1373, train_lr: 0.000257104
TORCHFORT::WANDB: model: alpha, step: 1373, train_loss: -2.81246
TORCHFORT::WANDB: model: alpha, step: 1373, train_lr: 0.0001
TORCHFORT::WANDB: model: critic_0, step: 1374, train_loss: 0.0743086
TORCHFORT::WANDB: model: critic_0, step: 1374, train_lr: 0.000257319
TORCHFORT::WANDB: model: actor, step: 1374, train_loss: -0.196783
TORCHFORT::WANDB: model: actor, step: 1374, train_lr: 0.000257319
TORCHFORT::WANDB: model: alpha, step: 1374, train_loss: -2.8919
TORCHFORT::WANDB: model: alpha, step: 1374, train_lr: 0.0001
TORCHFORT::WANDB: model: critic_0, step: 1375, train_loss: 0.118884
TORCHFORT::WANDB: model: critic_0, step: 1375, train_lr: 0.000257533
TORCHFORT::WANDB: model: actor, step: 1375, train_loss: -0.181168
TORCHFORT::WANDB: model: actor, step: 1375, train_lr: 0.000257533
TORCHFORT::WANDB: model: alpha, step: 1375, train_loss: -2.76705
TORCHFORT::WANDB: model: alpha, step: 1375, train_lr: 0.0001
TORCHFORT::WANDB: model: critic_0, step: 1376, train_loss: 0.113338
TORCHFORT::WANDB: model: critic_0, step: 1376, train_lr: 0.000257748
TORCHFORT::WANDB: model: actor, step: 1376, train_loss: -0.177925
TORCHFORT::WANDB: model: actor, step: 1376, train_lr: 0.000257748
TORCHFORT::WANDB: model: alpha, step: 1376, train_loss: -2.879
TORCHFORT::WANDB: model: alpha, step: 1376, train_lr: 0.0001
TORCHFORT::WANDB: model: critic_0, step: 1377, train_loss: 0.0931936
TORCHFORT::WANDB: model: critic_0, step: 1377, train_lr: 0.000257963
TORCHFORT::WANDB: model: actor, step: 1377, train_loss: -0.179168
TORCHFORT::WANDB: model: actor, step: 1377, train_lr: 0.000257963
TORCHFORT::WANDB: model: alpha, step: 1377, train_loss: -2.91836
TORCHFORT::WANDB: model: alpha, step: 1377, train_lr: 0.0001
TORCHFORT::WANDB: model: critic_0, step: 1378, train_loss: 0.0634745
TORCHFORT::WANDB: model: critic_0, step: 1378, train_lr: 0.000258179
TORCHFORT::WANDB: model: actor, step: 1378, train_loss: -0.194605
TORCHFORT::WANDB: model: actor, step: 1378, train_lr: 0.000258179
TORCHFORT::WANDB: model: alpha, step: 1378, train_loss: -2.8053
TORCHFORT::WANDB: model: alpha, step: 1378, train_lr: 0.0001
TORCHFORT::WANDB: model: critic_0, step: 1379, train_loss: 0.103386
TORCHFORT::WANDB: model: critic_0, step: 1379, train_lr: 0.000258394
TORCHFORT::WANDB: model: actor, step: 1379, train_loss: -0.154698
TORCHFORT::WANDB: model: actor, step: 1379, train_lr: 0.000258394
TORCHFORT::WANDB: model: alpha, step: 1379, train_loss: -2.82153
TORCHFORT::WANDB: model: alpha, step: 1379, train_lr: 0.0001
TORCHFORT::WANDB: model: critic_0, step: 1380, train_loss: 0.0939944
TORCHFORT::WANDB: model: critic_0, step: 1380, train_lr: 0.000258609
TORCHFORT::WANDB: model: actor, step: 1380, train_loss: -0.171744
TORCHFORT::WANDB: model: actor, step: 1380, train_lr: 0.000258609
TORCHFORT::WANDB: model: alpha, step: 1380, train_loss: -2.77575
TORCHFORT::WANDB: model: alpha, step: 1380, train_lr: 0.0001
TORCHFORT::WANDB: model: critic_0, step: 1381, train_loss: 0.0907752
TORCHFORT::WANDB: model: critic_0, step: 1381, train_lr: 0.000258825
TORCHFORT::WANDB: model: actor, step: 1381, train_loss: -0.153929
TORCHFORT::WANDB: model: actor, step: 1381, train_lr: 0.000258825
TORCHFORT::WANDB: model: alpha, step: 1381, train_loss: -2.80535
TORCHFORT::WANDB: model: alpha, step: 1381, train_lr: 0.0001
TORCHFORT::WANDB: model: critic_0, step: 1382, train_loss: 0.0998574
TORCHFORT::WANDB: model: critic_0, step: 1382, train_lr: 0.00025904
TORCHFORT::WANDB: model: actor, step: 1382, train_loss: -0.153451
TORCHFORT::WANDB: model: actor, step: 1382, train_lr: 0.00025904
TORCHFORT::WANDB: model: alpha, step: 1382, train_loss: -2.89942
TORCHFORT::WANDB: model: alpha, step: 1382, train_lr: 0.0001
TORCHFORT::WANDB: model: critic_0, step: 1383, train_loss: 0.0945064
TORCHFORT::WANDB: model: critic_0, step: 1383, train_lr: 0.000259256
TORCHFORT::WANDB: model: actor, step: 1383, train_loss: -0.148821
TORCHFORT::WANDB: model: actor, step: 1383, train_lr: 0.000259256
TORCHFORT::WANDB: model: alpha, step: 1383, train_loss: -2.91455
TORCHFORT::WANDB: model: alpha, step: 1383, train_lr: 0.0001
TORCHFORT::WANDB: model: critic_0, step: 1384, train_loss: 0.0761194
TORCHFORT::WANDB: model: critic_0, step: 1384, train_lr: 0.000259472
TORCHFORT::WANDB: model: actor, step: 1384, train_loss: -0.142307
TORCHFORT::WANDB: model: actor, step: 1384, train_lr: 0.000259472
TORCHFORT::WANDB: model: alpha, step: 1384, train_loss: -2.79894
TORCHFORT::WANDB: model: alpha, step: 1384, train_lr: 0.0001
TORCHFORT::WANDB: model: critic_0, step: 1385, train_loss: 0.0908438
TORCHFORT::WANDB: model: critic_0, step: 1385, train_lr: 0.000259688
TORCHFORT::WANDB: model: actor, step: 1385, train_loss: -0.160615
TORCHFORT::WANDB: model: actor, step: 1385, train_lr: 0.000259688
TORCHFORT::WANDB: model: alpha, step: 1385, train_loss: -2.79542
TORCHFORT::WANDB: model: alpha, step: 1385, train_lr: 0.0001
TORCHFORT::WANDB: model: critic_0, step: 1386, train_loss: 0.0980113
TORCHFORT::WANDB: model: critic_0, step: 1386, train_lr: 0.000259904
TORCHFORT::WANDB: model: actor, step: 1386, train_loss: -0.150488
TORCHFORT::WANDB: model: actor, step: 1386, train_lr: 0.000259904
TORCHFORT::WANDB: model: alpha, step: 1386, train_loss: -2.86872
TORCHFORT::WANDB: model: alpha, step: 1386, train_lr: 0.0001
TORCHFORT::WANDB: model: critic_0, step: 1387, train_loss: 0.0990473
TORCHFORT::WANDB: model: critic_0, step: 1387, train_lr: 0.00026012
TORCHFORT::WANDB: model: actor, step: 1387, train_loss: -0.150882
TORCHFORT::WANDB: model: actor, step: 1387, train_lr: 0.00026012
TORCHFORT::WANDB: model: alpha, step: 1387, train_loss: -2.79205
TORCHFORT::WANDB: model: alpha, step: 1387, train_lr: 0.0001
TORCHFORT::WANDB: model: critic_0, step: 1388, train_loss: 0.140669
TORCHFORT::WANDB: model: critic_0, step: 1388, train_lr: 0.000260337
TORCHFORT::WANDB: model: actor, step: 1388, train_loss: -0.137289
TORCHFORT::WANDB: model: actor, step: 1388, train_lr: 0.000260337
TORCHFORT::WANDB: model: alpha, step: 1388, train_loss: -2.80607
TORCHFORT::WANDB: model: alpha, step: 1388, train_lr: 0.0001
TORCHFORT::WANDB: model: critic_0, step: 1389, train_loss: 0.0910623
TORCHFORT::WANDB: model: critic_0, step: 1389, train_lr: 0.000260553
TORCHFORT::WANDB: model: actor, step: 1389, train_loss: -0.159259
TORCHFORT::WANDB: model: actor, step: 1389, train_lr: 0.000260553
TORCHFORT::WANDB: model: alpha, step: 1389, train_loss: -2.9187
TORCHFORT::WANDB: model: alpha, step: 1389, train_lr: 0.0001
TORCHFORT::WANDB: model: critic_0, step: 1390, train_loss: 0.120888
TORCHFORT::WANDB: model: critic_0, step: 1390, train_lr: 0.00026077
TORCHFORT::WANDB: model: actor, step: 1390, train_loss: -0.134533
TORCHFORT::WANDB: model: actor, step: 1390, train_lr: 0.00026077
TORCHFORT::WANDB: model: alpha, step: 1390, train_loss: -2.82408
TORCHFORT::WANDB: model: alpha, step: 1390, train_lr: 0.0001
TORCHFORT::WANDB: model: critic_0, step: 1391, train_loss: 0.148402
TORCHFORT::WANDB: model: critic_0, step: 1391, train_lr: 0.000260986
TORCHFORT::WANDB: model: actor, step: 1391, train_loss: -0.150194
TORCHFORT::WANDB: model: actor, step: 1391, train_lr: 0.000260986
TORCHFORT::WANDB: model: alpha, step: 1391, train_loss: -2.86919
TORCHFORT::WANDB: model: alpha, step: 1391, train_lr: 0.0001
TORCHFORT::WANDB: model: critic_0, step: 1392, train_loss: 0.0717542
TORCHFORT::WANDB: model: critic_0, step: 1392, train_lr: 0.000261203
TORCHFORT::WANDB: model: actor, step: 1392, train_loss: -0.151687
TORCHFORT::WANDB: model: actor, step: 1392, train_lr: 0.000261203
TORCHFORT::WANDB: model: alpha, step: 1392, train_loss: -2.7682
TORCHFORT::WANDB: model: alpha, step: 1392, train_lr: 0.0001
TORCHFORT::WANDB: model: critic_0, step: 1393, train_loss: 0.066894
TORCHFORT::WANDB: model: critic_0, step: 1393, train_lr: 0.00026142
TORCHFORT::WANDB: model: actor, step: 1393, train_loss: -0.158052
TORCHFORT::WANDB: model: actor, step: 1393, train_lr: 0.00026142
TORCHFORT::WANDB: model: alpha, step: 1393, train_loss: -2.74045
TORCHFORT::WANDB: model: alpha, step: 1393, train_lr: 0.0001
TORCHFORT::WANDB: model: critic_0, step: 1394, train_loss: 0.173065
TORCHFORT::WANDB: model: critic_0, step: 1394, train_lr: 0.000261637
TORCHFORT::WANDB: model: actor, step: 1394, train_loss: -0.172488
TORCHFORT::WANDB: model: actor, step: 1394, train_lr: 0.000261637
TORCHFORT::WANDB: model: alpha, step: 1394, train_loss: -2.83436
TORCHFORT::WANDB: model: alpha, step: 1394, train_lr: 0.0001
TORCHFORT::WANDB: model: critic_0, step: 1395, train_loss: 0.0768869
TORCHFORT::WANDB: model: critic_0, step: 1395, train_lr: 0.000261854
TORCHFORT::WANDB: model: actor, step: 1395, train_loss: -0.186313
TORCHFORT::WANDB: model: actor, step: 1395, train_lr: 0.000261854
TORCHFORT::WANDB: model: alpha, step: 1395, train_loss: -2.91705
TORCHFORT::WANDB: model: alpha, step: 1395, train_lr: 0.0001
TORCHFORT::WANDB: model: critic_0, step: 1396, train_loss: 0.097937
TORCHFORT::WANDB: model: critic_0, step: 1396, train_lr: 0.000262071
TORCHFORT::WANDB: model: actor, step: 1396, train_loss: -0.179157
TORCHFORT::WANDB: model: actor, step: 1396, train_lr: 0.000262071
TORCHFORT::WANDB: model: alpha, step: 1396, train_loss: -2.90839
TORCHFORT::WANDB: model: alpha, step: 1396, train_lr: 0.0001
TORCHFORT::WANDB: model: critic_0, step: 1397, train_loss: 0.0936513
TORCHFORT::WANDB: model: critic_0, step: 1397, train_lr: 0.000262289
TORCHFORT::WANDB: model: actor, step: 1397, train_loss: -0.183687
TORCHFORT::WANDB: model: actor, step: 1397, train_lr: 0.000262289
TORCHFORT::WANDB: model: alpha, step: 1397, train_loss: -2.79777
TORCHFORT::WANDB: model: alpha, step: 1397, train_lr: 0.0001
TORCHFORT::WANDB: model: critic_0, step: 1398, train_loss: 0.0868877
TORCHFORT::WANDB: model: critic_0, step: 1398, train_lr: 0.000262506
TORCHFORT::WANDB: model: actor, step: 1398, train_loss: -0.183927
TORCHFORT::WANDB: model: actor, step: 1398, train_lr: 0.000262506
TORCHFORT::WANDB: model: alpha, step: 1398, train_loss: -2.78804
TORCHFORT::WANDB: model: alpha, step: 1398, train_lr: 0.0001
TORCHFORT::WANDB: model: critic_0, step: 1399, train_loss: 0.071007
TORCHFORT::WANDB: model: critic_0, step: 1399, train_lr: 0.000262724
TORCHFORT::WANDB: model: actor, step: 1399, train_loss: -0.181109
TORCHFORT::WANDB: model: actor, step: 1399, train_lr: 0.000262724
TORCHFORT::WANDB: model: alpha, step: 1399, train_loss: -2.83526
TORCHFORT::WANDB: model: alpha, step: 1399, train_lr: 0.0001
TORCHFORT::WANDB: model: critic_0, step: 1400, train_loss: 0.0748634
TORCHFORT::WANDB: model: critic_0, step: 1400, train_lr: 0.000262941
TORCHFORT::WANDB: model: actor, step: 1400, train_loss: -0.181977
TORCHFORT::WANDB: model: actor, step: 1400, train_lr: 0.000262941
TORCHFORT::WANDB: model: alpha, step: 1400, train_loss: -2.77038
TORCHFORT::WANDB: model: alpha, step: 1400, train_lr: 0.0001
TORCHFORT::WANDB: model: rlwm, step: 14, reward_sum: 1613.66
TORCHFORT::WANDB: model: rlwm, step: 14, policy_loss: -0.181977
TORCHFORT::WANDB: model: rlwm, step: 14, critic_loss: 0.0748634
TORCHFORT::WANDB: model: critic_0, step: 1401, train_loss: 0.115213
TORCHFORT::WANDB: model: critic_0, step: 1401, train_lr: 0.000263159
TORCHFORT::WANDB: model: actor, step: 1401, train_loss: -0.177191
TORCHFORT::WANDB: model: actor, step: 1401, train_lr: 0.000263159
TORCHFORT::WANDB: model: alpha, step: 1401, train_loss: -2.86519
TORCHFORT::WANDB: model: alpha, step: 1401, train_lr: 0.0001
TORCHFORT::WANDB: model: critic_0, step: 1402, train_loss: 0.0818895
TORCHFORT::WANDB: model: critic_0, step: 1402, train_lr: 0.000263377
TORCHFORT::WANDB: model: actor, step: 1402, train_loss: -0.180881
TORCHFORT::WANDB: model: actor, step: 1402, train_lr: 0.000263377
TORCHFORT::WANDB: model: alpha, step: 1402, train_loss: -2.93672
TORCHFORT::WANDB: model: alpha, step: 1402, train_lr: 0.0001
TORCHFORT::WANDB: model: critic_0, step: 1403, train_loss: 0.102287
TORCHFORT::WANDB: model: critic_0, step: 1403, train_lr: 0.000263595
TORCHFORT::WANDB: model: actor, step: 1403, train_loss: -0.1837
TORCHFORT::WANDB: model: actor, step: 1403, train_lr: 0.000263595
TORCHFORT::WANDB: model: alpha, step: 1403, train_loss: -2.86622
TORCHFORT::WANDB: model: alpha, step: 1403, train_lr: 0.0001
TORCHFORT::WANDB: model: critic_0, step: 1404, train_loss: 0.0834489
TORCHFORT::WANDB: model: critic_0, step: 1404, train_lr: 0.000263813
TORCHFORT::WANDB: model: actor, step: 1404, train_loss: -0.17628
TORCHFORT::WANDB: model: actor, step: 1404, train_lr: 0.000263813
TORCHFORT::WANDB: model: alpha, step: 1404, train_loss: -2.73499
TORCHFORT::WANDB: model: alpha, step: 1404, train_lr: 0.0001
TORCHFORT::WANDB: model: critic_0, step: 1405, train_loss: 0.0955656
TORCHFORT::WANDB: model: critic_0, step: 1405, train_lr: 0.000264032
TORCHFORT::WANDB: model: actor, step: 1405, train_loss: -0.170696
TORCHFORT::WANDB: model: actor, step: 1405, train_lr: 0.000264032
TORCHFORT::WANDB: model: alpha, step: 1405, train_loss: -2.73101
TORCHFORT::WANDB: model: alpha, step: 1405, train_lr: 0.0001
TORCHFORT::WANDB: model: critic_0, step: 1406, train_loss: 0.0917506
TORCHFORT::WANDB: model: critic_0, step: 1406, train_lr: 0.00026425
TORCHFORT::WANDB: model: actor, step: 1406, train_loss: -0.164192
TORCHFORT::WANDB: model: actor, step: 1406, train_lr: 0.00026425
TORCHFORT::WANDB: model: alpha, step: 1406, train_loss: -2.84752
TORCHFORT::WANDB: model: alpha, step: 1406, train_lr: 0.0001
TORCHFORT::WANDB: model: critic_0, step: 1407, train_loss: 0.188094
TORCHFORT::WANDB: model: critic_0, step: 1407, train_lr: 0.000264468
TORCHFORT::WANDB: model: actor, step: 1407, train_loss: -0.175323
TORCHFORT::WANDB: model: actor, step: 1407, train_lr: 0.000264468
TORCHFORT::WANDB: model: alpha, step: 1407, train_loss: -2.81219
TORCHFORT::WANDB: model: alpha, step: 1407, train_lr: 0.0001
TORCHFORT::WANDB: model: critic_0, step: 1408, train_loss: 0.0700738
TORCHFORT::WANDB: model: critic_0, step: 1408, train_lr: 0.000264687
TORCHFORT::WANDB: model: actor, step: 1408, train_loss: -0.167881
TORCHFORT::WANDB: model: actor, step: 1408, train_lr: 0.000264687
TORCHFORT::WANDB: model: alpha, step: 1408, train_loss: -2.72518
TORCHFORT::WANDB: model: alpha, step: 1408, train_lr: 0.0001
TORCHFORT::WANDB: model: critic_0, step: 1409, train_loss: 0.0865738
TORCHFORT::WANDB: model: critic_0, step: 1409, train_lr: 0.000264906
TORCHFORT::WANDB: model: actor, step: 1409, train_loss: -0.179366
TORCHFORT::WANDB: model: actor, step: 1409, train_lr: 0.000264906
TORCHFORT::WANDB: model: alpha, step: 1409, train_loss: -2.84269
TORCHFORT::WANDB: model: alpha, step: 1409, train_lr: 0.0001
TORCHFORT::WANDB: model: critic_0, step: 1410, train_loss: 0.0998624
TORCHFORT::WANDB: model: critic_0, step: 1410, train_lr: 0.000265124
TORCHFORT::WANDB: model: actor, step: 1410, train_loss: -0.178563
TORCHFORT::WANDB: model: actor, step: 1410, train_lr: 0.000265124
TORCHFORT::WANDB: model: alpha, step: 1410, train_loss: -2.81936
TORCHFORT::WANDB: model: alpha, step: 1410, train_lr: 0.0001
TORCHFORT::WANDB: model: critic_0, step: 1411, train_loss: 0.0743419
TORCHFORT::WANDB: model: critic_0, step: 1411, train_lr: 0.000265343
TORCHFORT::WANDB: model: actor, step: 1411, train_loss: -0.163693
TORCHFORT::WANDB: model: actor, step: 1411, train_lr: 0.000265343
TORCHFORT::WANDB: model: alpha, step: 1411, train_loss: -2.90159
TORCHFORT::WANDB: model: alpha, step: 1411, train_lr: 0.0001
TORCHFORT::WANDB: model: critic_0, step: 1412, train_loss: 0.0450647
TORCHFORT::WANDB: model: critic_0, step: 1412, train_lr: 0.000265562
TORCHFORT::WANDB: model: actor, step: 1412, train_loss: -0.179191
TORCHFORT::WANDB: model: actor, step: 1412, train_lr: 0.000265562
TORCHFORT::WANDB: model: alpha, step: 1412, train_loss: -2.84385
TORCHFORT::WANDB: model: alpha, step: 1412, train_lr: 0.0001
TORCHFORT::WANDB: model: critic_0, step: 1413, train_loss: 0.0748063
TORCHFORT::WANDB: model: critic_0, step: 1413, train_lr: 0.000265782
TORCHFORT::WANDB: model: actor, step: 1413, train_loss: -0.172235
TORCHFORT::WANDB: model: actor, step: 1413, train_lr: 0.000265782
TORCHFORT::WANDB: model: alpha, step: 1413, train_loss: -2.85845
TORCHFORT::WANDB: model: alpha, step: 1413, train_lr: 0.0001
TORCHFORT::WANDB: model: critic_0, step: 1414, train_loss: 0.0757063
TORCHFORT::WANDB: model: critic_0, step: 1414, train_lr: 0.000266001
TORCHFORT::WANDB: model: actor, step: 1414, train_loss: -0.173769
TORCHFORT::WANDB: model: actor, step: 1414, train_lr: 0.000266001
TORCHFORT::WANDB: model: alpha, step: 1414, train_loss: -2.86305
TORCHFORT::WANDB: model: alpha, step: 1414, train_lr: 0.0001
TORCHFORT::WANDB: model: critic_0, step: 1415, train_loss: 0.113452
TORCHFORT::WANDB: model: critic_0, step: 1415, train_lr: 0.00026622
TORCHFORT::WANDB: model: actor, step: 1415, train_loss: -0.15059
TORCHFORT::WANDB: model: actor, step: 1415, train_lr: 0.00026622
TORCHFORT::WANDB: model: alpha, step: 1415, train_loss: -2.93688
TORCHFORT::WANDB: model: alpha, step: 1415, train_lr: 0.0001
TORCHFORT::WANDB: model: critic_0, step: 1416, train_loss: 0.114654
TORCHFORT::WANDB: model: critic_0, step: 1416, train_lr: 0.00026644
TORCHFORT::WANDB: model: actor, step: 1416, train_loss: -0.149517
TORCHFORT::WANDB: model: actor, step: 1416, train_lr: 0.00026644
TORCHFORT::WANDB: model: alpha, step: 1416, train_loss: -2.8299
TORCHFORT::WANDB: model: alpha, step: 1416, train_lr: 0.0001
TORCHFORT::WANDB: model: critic_0, step: 1417, train_loss: 0.124577
TORCHFORT::WANDB: model: critic_0, step: 1417, train_lr: 0.000266659
TORCHFORT::WANDB: model: actor, step: 1417, train_loss: -0.144943
TORCHFORT::WANDB: model: actor, step: 1417, train_lr: 0.000266659
TORCHFORT::WANDB: model: alpha, step: 1417, train_loss: -2.83582
TORCHFORT::WANDB: model: alpha, step: 1417, train_lr: 0.0001
TORCHFORT::WANDB: model: critic_0, step: 1418, train_loss: 0.121626
TORCHFORT::WANDB: model: critic_0, step: 1418, train_lr: 0.000266879
TORCHFORT::WANDB: model: actor, step: 1418, train_loss: -0.159997
TORCHFORT::WANDB: model: actor, step: 1418, train_lr: 0.000266879
TORCHFORT::WANDB: model: alpha, step: 1418, train_loss: -2.89712
TORCHFORT::WANDB: model: alpha, step: 1418, train_lr: 0.0001
TORCHFORT::WANDB: model: critic_0, step: 1419, train_loss: 0.18943
TORCHFORT::WANDB: model: critic_0, step: 1419, train_lr: 0.000267099
TORCHFORT::WANDB: model: actor, step: 1419, train_loss: -0.144006
TORCHFORT::WANDB: model: actor, step: 1419, train_lr: 0.000267099
TORCHFORT::WANDB: model: alpha, step: 1419, train_loss: -2.84822
TORCHFORT::WANDB: model: alpha, step: 1419, train_lr: 0.0001
TORCHFORT::WANDB: model: critic_0, step: 1420, train_loss: 0.0576191
TORCHFORT::WANDB: model: critic_0, step: 1420, train_lr: 0.000267319
TORCHFORT::WANDB: model: actor, step: 1420, train_loss: -0.153304
TORCHFORT::WANDB: model: actor, step: 1420, train_lr: 0.000267319
TORCHFORT::WANDB: model: alpha, step: 1420, train_loss: -2.83732
TORCHFORT::WANDB: model: alpha, step: 1420, train_lr: 0.0001
TORCHFORT::WANDB: model: critic_0, step: 1421, train_loss: 0.110776
TORCHFORT::WANDB: model: critic_0, step: 1421, train_lr: 0.000267539
TORCHFORT::WANDB: model: actor, step: 1421, train_loss: -0.139166
TORCHFORT::WANDB: model: actor, step: 1421, train_lr: 0.000267539
TORCHFORT::WANDB: model: alpha, step: 1421, train_loss: -2.83235
TORCHFORT::WANDB: model: alpha, step: 1421, train_lr: 0.0001
TORCHFORT::WANDB: model: critic_0, step: 1422, train_loss: 0.116562
TORCHFORT::WANDB: model: critic_0, step: 1422, train_lr: 0.000267759
TORCHFORT::WANDB: model: actor, step: 1422, train_loss: -0.144723
TORCHFORT::WANDB: model: actor, step: 1422, train_lr: 0.000267759
TORCHFORT::WANDB: model: alpha, step: 1422, train_loss: -2.85977
TORCHFORT::WANDB: model: alpha, step: 1422, train_lr: 0.0001
TORCHFORT::WANDB: model: critic_0, step: 1423, train_loss: 0.0776521
TORCHFORT::WANDB: model: critic_0, step: 1423, train_lr: 0.000267979
TORCHFORT::WANDB: model: actor, step: 1423, train_loss: -0.150049
TORCHFORT::WANDB: model: actor, step: 1423, train_lr: 0.000267979
TORCHFORT::WANDB: model: alpha, step: 1423, train_loss: -2.80052
TORCHFORT::WANDB: model: alpha, step: 1423, train_lr: 0.0001
TORCHFORT::WANDB: model: critic_0, step: 1424, train_loss: 0.0842094
TORCHFORT::WANDB: model: critic_0, step: 1424, train_lr: 0.0002682
TORCHFORT::WANDB: model: actor, step: 1424, train_loss: -0.15327
TORCHFORT::WANDB: model: actor, step: 1424, train_lr: 0.0002682
TORCHFORT::WANDB: model: alpha, step: 1424, train_loss: -2.88056
TORCHFORT::WANDB: model: alpha, step: 1424, train_lr: 0.0001
TORCHFORT::WANDB: model: critic_0, step: 1425, train_loss: 0.117228
TORCHFORT::WANDB: model: critic_0, step: 1425, train_lr: 0.00026842
TORCHFORT::WANDB: model: actor, step: 1425, train_loss: -0.154973
TORCHFORT::WANDB: model: actor, step: 1425, train_lr: 0.00026842
TORCHFORT::WANDB: model: alpha, step: 1425, train_loss: -2.86046
TORCHFORT::WANDB: model: alpha, step: 1425, train_lr: 0.0001
TORCHFORT::WANDB: model: critic_0, step: 1426, train_loss: 0.124086
TORCHFORT::WANDB: model: critic_0, step: 1426, train_lr: 0.000268641
TORCHFORT::WANDB: model: actor, step: 1426, train_loss: -0.161223
TORCHFORT::WANDB: model: actor, step: 1426, train_lr: 0.000268641
TORCHFORT::WANDB: model: alpha, step: 1426, train_loss: -2.77542
TORCHFORT::WANDB: model: alpha, step: 1426, train_lr: 0.0001
TORCHFORT::WANDB: model: critic_0, step: 1427, train_loss: 0.122695
TORCHFORT::WANDB: model: critic_0, step: 1427, train_lr: 0.000268862
TORCHFORT::WANDB: model: actor, step: 1427, train_loss: -0.166396
TORCHFORT::WANDB: model: actor, step: 1427, train_lr: 0.000268862
TORCHFORT::WANDB: model: alpha, step: 1427, train_loss: -2.71302
TORCHFORT::WANDB: model: alpha, step: 1427, train_lr: 0.0001
TORCHFORT::WANDB: model: critic_0, step: 1428, train_loss: 0.0922026
TORCHFORT::WANDB: model: critic_0, step: 1428, train_lr: 0.000269082
TORCHFORT::WANDB: model: actor, step: 1428, train_loss: -0.178383
TORCHFORT::WANDB: model: actor, step: 1428, train_lr: 0.000269082
TORCHFORT::WANDB: model: alpha, step: 1428, train_loss: -2.80512
TORCHFORT::WANDB: model: alpha, step: 1428, train_lr: 0.0001
TORCHFORT::WANDB: model: critic_0, step: 1429, train_loss: 0.0858716
TORCHFORT::WANDB: model: critic_0, step: 1429, train_lr: 0.000269303
TORCHFORT::WANDB: model: actor, step: 1429, train_loss: -0.170643
TORCHFORT::WANDB: model: actor, step: 1429, train_lr: 0.000269303
TORCHFORT::WANDB: model: alpha, step: 1429, train_loss: -2.97507
TORCHFORT::WANDB: model: alpha, step: 1429, train_lr: 0.0001
TORCHFORT::WANDB: model: critic_0, step: 1430, train_loss: 0.108827
TORCHFORT::WANDB: model: critic_0, step: 1430, train_lr: 0.000269524
TORCHFORT::WANDB: model: actor, step: 1430, train_loss: -0.167226
TORCHFORT::WANDB: model: actor, step: 1430, train_lr: 0.000269524
TORCHFORT::WANDB: model: alpha, step: 1430, train_loss: -2.92162
TORCHFORT::WANDB: model: alpha, step: 1430, train_lr: 0.0001
TORCHFORT::WANDB: model: critic_0, step: 1431, train_loss: 0.145189
TORCHFORT::WANDB: model: critic_0, step: 1431, train_lr: 0.000269745
TORCHFORT::WANDB: model: actor, step: 1431, train_loss: -0.181512
TORCHFORT::WANDB: model: actor, step: 1431, train_lr: 0.000269745
TORCHFORT::WANDB: model: alpha, step: 1431, train_loss: -2.8952
TORCHFORT::WANDB: model: alpha, step: 1431, train_lr: 0.0001
TORCHFORT::WANDB: model: critic_0, step: 1432, train_loss: 0.109431
TORCHFORT::WANDB: model: critic_0, step: 1432, train_lr: 0.000269967
TORCHFORT::WANDB: model: actor, step: 1432, train_loss: -0.182164
TORCHFORT::WANDB: model: actor, step: 1432, train_lr: 0.000269967
TORCHFORT::WANDB: model: alpha, step: 1432, train_loss: -2.77903
TORCHFORT::WANDB: model: alpha, step: 1432, train_lr: 0.0001
TORCHFORT::WANDB: model: critic_0, step: 1433, train_loss: 0.093099
TORCHFORT::WANDB: model: critic_0, step: 1433, train_lr: 0.000270188
TORCHFORT::WANDB: model: actor, step: 1433, train_loss: -0.185594
TORCHFORT::WANDB: model: actor, step: 1433, train_lr: 0.000270188
TORCHFORT::WANDB: model: alpha, step: 1433, train_loss: -2.86876
TORCHFORT::WANDB: model: alpha, step: 1433, train_lr: 0.0001
TORCHFORT::WANDB: model: critic_0, step: 1434, train_loss: 0.0638594
TORCHFORT::WANDB: model: critic_0, step: 1434, train_lr: 0.00027041
TORCHFORT::WANDB: model: actor, step: 1434, train_loss: -0.18224
TORCHFORT::WANDB: model: actor, step: 1434, train_lr: 0.00027041
TORCHFORT::WANDB: model: alpha, step: 1434, train_loss: -2.79525
TORCHFORT::WANDB: model: alpha, step: 1434, train_lr: 0.0001
TORCHFORT::WANDB: model: critic_0, step: 1435, train_loss: 0.118047
TORCHFORT::WANDB: model: critic_0, step: 1435, train_lr: 0.000270631
TORCHFORT::WANDB: model: actor, step: 1435, train_loss: -0.205154
TORCHFORT::WANDB: model: actor, step: 1435, train_lr: 0.000270631
TORCHFORT::WANDB: model: alpha, step: 1435, train_loss: -2.85188
TORCHFORT::WANDB: model: alpha, step: 1435, train_lr: 0.0001
TORCHFORT::WANDB: model: critic_0, step: 1436, train_loss: 0.0583531
TORCHFORT::WANDB: model: critic_0, step: 1436, train_lr: 0.000270853
TORCHFORT::WANDB: model: actor, step: 1436, train_loss: -0.170829
TORCHFORT::WANDB: model: actor, step: 1436, train_lr: 0.000270853
TORCHFORT::WANDB: model: alpha, step: 1436, train_loss: -2.87891
TORCHFORT::WANDB: model: alpha, step: 1436, train_lr: 0.0001
TORCHFORT::WANDB: model: critic_0, step: 1437, train_loss: 0.149101
TORCHFORT::WANDB: model: critic_0, step: 1437, train_lr: 0.000271075
TORCHFORT::WANDB: model: actor, step: 1437, train_loss: -0.17704
TORCHFORT::WANDB: model: actor, step: 1437, train_lr: 0.000271075
TORCHFORT::WANDB: model: alpha, step: 1437, train_loss: -2.88552
TORCHFORT::WANDB: model: alpha, step: 1437, train_lr: 0.0001
TORCHFORT::WANDB: model: critic_0, step: 1438, train_loss: 0.0777129
TORCHFORT::WANDB: model: critic_0, step: 1438, train_lr: 0.000271297
TORCHFORT::WANDB: model: actor, step: 1438, train_loss: -0.190031
TORCHFORT::WANDB: model: actor, step: 1438, train_lr: 0.000271297
TORCHFORT::WANDB: model: alpha, step: 1438, train_loss: -2.87708
TORCHFORT::WANDB: model: alpha, step: 1438, train_lr: 0.0001
TORCHFORT::WANDB: model: critic_0, step: 1439, train_loss: 0.058842
TORCHFORT::WANDB: model: critic_0, step: 1439, train_lr: 0.000271519
TORCHFORT::WANDB: model: actor, step: 1439, train_loss: -0.174656
TORCHFORT::WANDB: model: actor, step: 1439, train_lr: 0.000271519
TORCHFORT::WANDB: model: alpha, step: 1439, train_loss: -2.85116
TORCHFORT::WANDB: model: alpha, step: 1439, train_lr: 0.0001
TORCHFORT::WANDB: model: critic_0, step: 1440, train_loss: 0.151848
TORCHFORT::WANDB: model: critic_0, step: 1440, train_lr: 0.000271741
TORCHFORT::WANDB: model: actor, step: 1440, train_loss: -0.180949
TORCHFORT::WANDB: model: actor, step: 1440, train_lr: 0.000271741
TORCHFORT::WANDB: model: alpha, step: 1440, train_loss: -2.89566
TORCHFORT::WANDB: model: alpha, step: 1440, train_lr: 0.0001
TORCHFORT::WANDB: model: critic_0, step: 1441, train_loss: 0.127789
TORCHFORT::WANDB: model: critic_0, step: 1441, train_lr: 0.000271963
TORCHFORT::WANDB: model: actor, step: 1441, train_loss: -0.189121
TORCHFORT::WANDB: model: actor, step: 1441, train_lr: 0.000271963
TORCHFORT::WANDB: model: alpha, step: 1441, train_loss: -2.95433
TORCHFORT::WANDB: model: alpha, step: 1441, train_lr: 0.0001
TORCHFORT::WANDB: model: critic_0, step: 1442, train_loss: 0.105708
TORCHFORT::WANDB: model: critic_0, step: 1442, train_lr: 0.000272186
TORCHFORT::WANDB: model: actor, step: 1442, train_loss: -0.180226
TORCHFORT::WANDB: model: actor, step: 1442, train_lr: 0.000272186
TORCHFORT::WANDB: model: alpha, step: 1442, train_loss: -2.79561
TORCHFORT::WANDB: model: alpha, step: 1442, train_lr: 0.0001
TORCHFORT::WANDB: model: critic_0, step: 1443, train_loss: 0.081815
TORCHFORT::WANDB: model: critic_0, step: 1443, train_lr: 0.000272408
TORCHFORT::WANDB: model: actor, step: 1443, train_loss: -0.183417
TORCHFORT::WANDB: model: actor, step: 1443, train_lr: 0.000272408
TORCHFORT::WANDB: model: alpha, step: 1443, train_loss: -2.92785
TORCHFORT::WANDB: model: alpha, step: 1443, train_lr: 0.0001
TORCHFORT::WANDB: model: critic_0, step: 1444, train_loss: 0.116016
TORCHFORT::WANDB: model: critic_0, step: 1444, train_lr: 0.000272631
TORCHFORT::WANDB: model: actor, step: 1444, train_loss: -0.182107
TORCHFORT::WANDB: model: actor, step: 1444, train_lr: 0.000272631
TORCHFORT::WANDB: model: alpha, step: 1444, train_loss: -2.85164
TORCHFORT::WANDB: model: alpha, step: 1444, train_lr: 0.0001
TORCHFORT::WANDB: model: critic_0, step: 1445, train_loss: 0.0807354
TORCHFORT::WANDB: model: critic_0, step: 1445, train_lr: 0.000272853
TORCHFORT::WANDB: model: actor, step: 1445, train_loss: -0.171527
TORCHFORT::WANDB: model: actor, step: 1445, train_lr: 0.000272853
TORCHFORT::WANDB: model: alpha, step: 1445, train_loss: -2.87355
TORCHFORT::WANDB: model: alpha, step: 1445, train_lr: 0.0001
TORCHFORT::WANDB: model: critic_0, step: 1446, train_loss: 0.122994
TORCHFORT::WANDB: model: critic_0, step: 1446, train_lr: 0.000273076
TORCHFORT::WANDB: model: actor, step: 1446, train_loss: -0.172622
TORCHFORT::WANDB: model: actor, step: 1446, train_lr: 0.000273076
TORCHFORT::WANDB: model: alpha, step: 1446, train_loss: -2.88108
TORCHFORT::WANDB: model: alpha, step: 1446, train_lr: 0.0001
TORCHFORT::WANDB: model: critic_0, step: 1447, train_loss: 0.070045
TORCHFORT::WANDB: model: critic_0, step: 1447, train_lr: 0.000273299
TORCHFORT::WANDB: model: actor, step: 1447, train_loss: -0.165012
TORCHFORT::WANDB: model: actor, step: 1447, train_lr: 0.000273299
TORCHFORT::WANDB: model: alpha, step: 1447, train_loss: -2.87388
TORCHFORT::WANDB: model: alpha, step: 1447, train_lr: 0.0001
TORCHFORT::WANDB: model: critic_0, step: 1448, train_loss: 0.0852586
TORCHFORT::WANDB: model: critic_0, step: 1448, train_lr: 0.000273522
TORCHFORT::WANDB: model: actor, step: 1448, train_loss: -0.163368
TORCHFORT::WANDB: model: actor, step: 1448, train_lr: 0.000273522
TORCHFORT::WANDB: model: alpha, step: 1448, train_loss: -2.89629
TORCHFORT::WANDB: model: alpha, step: 1448, train_lr: 0.0001
TORCHFORT::WANDB: model: critic_0, step: 1449, train_loss: 0.13942
TORCHFORT::WANDB: model: critic_0, step: 1449, train_lr: 0.000273745
TORCHFORT::WANDB: model: actor, step: 1449, train_loss: -0.170665
TORCHFORT::WANDB: model: actor, step: 1449, train_lr: 0.000273745
TORCHFORT::WANDB: model: alpha, step: 1449, train_loss: -2.9612
TORCHFORT::WANDB: model: alpha, step: 1449, train_lr: 0.0001
TORCHFORT::WANDB: model: critic_0, step: 1450, train_loss: 0.113677
TORCHFORT::WANDB: model: critic_0, step: 1450, train_lr: 0.000273968
TORCHFORT::WANDB: model: actor, step: 1450, train_loss: -0.167715
TORCHFORT::WANDB: model: actor, step: 1450, train_lr: 0.000273968
TORCHFORT::WANDB: model: alpha, step: 1450, train_loss: -2.81817
TORCHFORT::WANDB: model: alpha, step: 1450, train_lr: 0.0001
TORCHFORT::WANDB: model: critic_0, step: 1451, train_loss: 0.133315
TORCHFORT::WANDB: model: critic_0, step: 1451, train_lr: 0.000274192
TORCHFORT::WANDB: model: actor, step: 1451, train_loss: -0.159627
TORCHFORT::WANDB: model: actor, step: 1451, train_lr: 0.000274192
TORCHFORT::WANDB: model: alpha, step: 1451, train_loss: -2.89818
TORCHFORT::WANDB: model: alpha, step: 1451, train_lr: 0.0001
TORCHFORT::WANDB: model: critic_0, step: 1452, train_loss: 0.129965
TORCHFORT::WANDB: model: critic_0, step: 1452, train_lr: 0.000274415
TORCHFORT::WANDB: model: actor, step: 1452, train_loss: -0.152342
TORCHFORT::WANDB: model: actor, step: 1452, train_lr: 0.000274415
TORCHFORT::WANDB: model: alpha, step: 1452, train_loss: -2.9525
TORCHFORT::WANDB: model: alpha, step: 1452, train_lr: 0.0001
TORCHFORT::WANDB: model: critic_0, step: 1453, train_loss: 0.0977871
TORCHFORT::WANDB: model: critic_0, step: 1453, train_lr: 0.000274639
TORCHFORT::WANDB: model: actor, step: 1453, train_loss: -0.141612
TORCHFORT::WANDB: model: actor, step: 1453, train_lr: 0.000274639
TORCHFORT::WANDB: model: alpha, step: 1453, train_loss: -2.94865
TORCHFORT::WANDB: model: alpha, step: 1453, train_lr: 0.0001
TORCHFORT::WANDB: model: critic_0, step: 1454, train_loss: 0.107116
TORCHFORT::WANDB: model: critic_0, step: 1454, train_lr: 0.000274863
TORCHFORT::WANDB: model: actor, step: 1454, train_loss: -0.161957
TORCHFORT::WANDB: model: actor, step: 1454, train_lr: 0.000274863
TORCHFORT::WANDB: model: alpha, step: 1454, train_loss: -2.79364
TORCHFORT::WANDB: model: alpha, step: 1454, train_lr: 0.0001
TORCHFORT::WANDB: model: critic_0, step: 1455, train_loss: 0.121014
TORCHFORT::WANDB: model: critic_0, step: 1455, train_lr: 0.000275086
TORCHFORT::WANDB: model: actor, step: 1455, train_loss: -0.163783
TORCHFORT::WANDB: model: actor, step: 1455, train_lr: 0.000275086
TORCHFORT::WANDB: model: alpha, step: 1455, train_loss: -2.86067
TORCHFORT::WANDB: model: alpha, step: 1455, train_lr: 0.0001
TORCHFORT::WANDB: model: critic_0, step: 1456, train_loss: 0.0908756
TORCHFORT::WANDB: model: critic_0, step: 1456, train_lr: 0.00027531
TORCHFORT::WANDB: model: actor, step: 1456, train_loss: -0.155858
TORCHFORT::WANDB: model: actor, step: 1456, train_lr: 0.00027531
TORCHFORT::WANDB: model: alpha, step: 1456, train_loss: -2.85676
TORCHFORT::WANDB: model: alpha, step: 1456, train_lr: 0.0001
TORCHFORT::WANDB: model: critic_0, step: 1457, train_loss: 0.123464
TORCHFORT::WANDB: model: critic_0, step: 1457, train_lr: 0.000275534
TORCHFORT::WANDB: model: actor, step: 1457, train_loss: -0.183942
TORCHFORT::WANDB: model: actor, step: 1457, train_lr: 0.000275534
TORCHFORT::WANDB: model: alpha, step: 1457, train_loss: -2.90061
TORCHFORT::WANDB: model: alpha, step: 1457, train_lr: 0.0001
TORCHFORT::WANDB: model: critic_0, step: 1458, train_loss: 0.0691828
TORCHFORT::WANDB: model: critic_0, step: 1458, train_lr: 0.000275758
TORCHFORT::WANDB: model: actor, step: 1458, train_loss: -0.165838
TORCHFORT::WANDB: model: actor, step: 1458, train_lr: 0.000275758
TORCHFORT::WANDB: model: alpha, step: 1458, train_loss: -2.84864
TORCHFORT::WANDB: model: alpha, step: 1458, train_lr: 0.0001
TORCHFORT::WANDB: model: critic_0, step: 1459, train_loss: 0.104528
TORCHFORT::WANDB: model: critic_0, step: 1459, train_lr: 0.000275983
TORCHFORT::WANDB: model: actor, step: 1459, train_loss: -0.162296
TORCHFORT::WANDB: model: actor, step: 1459, train_lr: 0.000275983
TORCHFORT::WANDB: model: alpha, step: 1459, train_loss: -2.83397
TORCHFORT::WANDB: model: alpha, step: 1459, train_lr: 0.0001
TORCHFORT::WANDB: model: critic_0, step: 1460, train_loss: 0.118103
TORCHFORT::WANDB: model: critic_0, step: 1460, train_lr: 0.000276207
TORCHFORT::WANDB: model: actor, step: 1460, train_loss: -0.169648
TORCHFORT::WANDB: model: actor, step: 1460, train_lr: 0.000276207
TORCHFORT::WANDB: model: alpha, step: 1460, train_loss: -2.77398
TORCHFORT::WANDB: model: alpha, step: 1460, train_lr: 0.0001
TORCHFORT::WANDB: model: critic_0, step: 1461, train_loss: 0.0583375
TORCHFORT::WANDB: model: critic_0, step: 1461, train_lr: 0.000276431
TORCHFORT::WANDB: model: actor, step: 1461, train_loss: -0.169913
TORCHFORT::WANDB: model: actor, step: 1461, train_lr: 0.000276431
TORCHFORT::WANDB: model: alpha, step: 1461, train_loss: -2.93718
TORCHFORT::WANDB: model: alpha, step: 1461, train_lr: 0.0001
TORCHFORT::WANDB: model: critic_0, step: 1462, train_loss: 0.0937754
TORCHFORT::WANDB: model: critic_0, step: 1462, train_lr: 0.000276656
TORCHFORT::WANDB: model: actor, step: 1462, train_loss: -0.169798
TORCHFORT::WANDB: model: actor, step: 1462, train_lr: 0.000276656
TORCHFORT::WANDB: model: alpha, step: 1462, train_loss: -2.92075
TORCHFORT::WANDB: model: alpha, step: 1462, train_lr: 0.0001
TORCHFORT::WANDB: model: critic_0, step: 1463, train_loss: 0.135423
TORCHFORT::WANDB: model: critic_0, step: 1463, train_lr: 0.000276881
TORCHFORT::WANDB: model: actor, step: 1463, train_loss: -0.17545
TORCHFORT::WANDB: model: actor, step: 1463, train_lr: 0.000276881
TORCHFORT::WANDB: model: alpha, step: 1463, train_loss: -2.87585
TORCHFORT::WANDB: model: alpha, step: 1463, train_lr: 0.0001
TORCHFORT::WANDB: model: critic_0, step: 1464, train_loss: 0.0961342
TORCHFORT::WANDB: model: critic_0, step: 1464, train_lr: 0.000277105
TORCHFORT::WANDB: model: actor, step: 1464, train_loss: -0.179987
TORCHFORT::WANDB: model: actor, step: 1464, train_lr: 0.000277105
TORCHFORT::WANDB: model: alpha, step: 1464, train_loss: -2.9165
TORCHFORT::WANDB: model: alpha, step: 1464, train_lr: 0.0001
TORCHFORT::WANDB: model: critic_0, step: 1465, train_loss: 0.177847
TORCHFORT::WANDB: model: critic_0, step: 1465, train_lr: 0.00027733
TORCHFORT::WANDB: model: actor, step: 1465, train_loss: -0.198706
TORCHFORT::WANDB: model: actor, step: 1465, train_lr: 0.00027733
TORCHFORT::WANDB: model: alpha, step: 1465, train_loss: -2.94238
TORCHFORT::WANDB: model: alpha, step: 1465, train_lr: 0.0001
TORCHFORT::WANDB: model: critic_0, step: 1466, train_loss: 0.112514
TORCHFORT::WANDB: model: critic_0, step: 1466, train_lr: 0.000277555
TORCHFORT::WANDB: model: actor, step: 1466, train_loss: -0.182102
TORCHFORT::WANDB: model: actor, step: 1466, train_lr: 0.000277555
TORCHFORT::WANDB: model: alpha, step: 1466, train_loss: -2.84344
TORCHFORT::WANDB: model: alpha, step: 1466, train_lr: 0.0001
TORCHFORT::WANDB: model: critic_0, step: 1467, train_loss: 0.220062
TORCHFORT::WANDB: model: critic_0, step: 1467, train_lr: 0.00027778
TORCHFORT::WANDB: model: actor, step: 1467, train_loss: -0.198155
TORCHFORT::WANDB: model: actor, step: 1467, train_lr: 0.00027778
TORCHFORT::WANDB: model: alpha, step: 1467, train_loss: -2.86433
TORCHFORT::WANDB: model: alpha, step: 1467, train_lr: 0.0001
TORCHFORT::WANDB: model: critic_0, step: 1468, train_loss: 0.112909
TORCHFORT::WANDB: model: critic_0, step: 1468, train_lr: 0.000278005
TORCHFORT::WANDB: model: actor, step: 1468, train_loss: -0.190702
TORCHFORT::WANDB: model: actor, step: 1468, train_lr: 0.000278005
TORCHFORT::WANDB: model: alpha, step: 1468, train_loss: -2.89544
TORCHFORT::WANDB: model: alpha, step: 1468, train_lr: 0.0001
TORCHFORT::WANDB: model: critic_0, step: 1469, train_loss: 0.185367
TORCHFORT::WANDB: model: critic_0, step: 1469, train_lr: 0.000278231
TORCHFORT::WANDB: model: actor, step: 1469, train_loss: -0.176796
TORCHFORT::WANDB: model: actor, step: 1469, train_lr: 0.000278231
TORCHFORT::WANDB: model: alpha, step: 1469, train_loss: -2.88716
TORCHFORT::WANDB: model: alpha, step: 1469, train_lr: 0.0001
TORCHFORT::WANDB: model: critic_0, step: 1470, train_loss: 0.0810005
TORCHFORT::WANDB: model: critic_0, step: 1470, train_lr: 0.000278456
TORCHFORT::WANDB: model: actor, step: 1470, train_loss: -0.190234
TORCHFORT::WANDB: model: actor, step: 1470, train_lr: 0.000278456
TORCHFORT::WANDB: model: alpha, step: 1470, train_loss: -2.88874
TORCHFORT::WANDB: model: alpha, step: 1470, train_lr: 0.0001
TORCHFORT::WANDB: model: critic_0, step: 1471, train_loss: 0.0980648
TORCHFORT::WANDB: model: critic_0, step: 1471, train_lr: 0.000278682
TORCHFORT::WANDB: model: actor, step: 1471, train_loss: -0.187937
TORCHFORT::WANDB: model: actor, step: 1471, train_lr: 0.000278682
TORCHFORT::WANDB: model: alpha, step: 1471, train_loss: -2.85699
TORCHFORT::WANDB: model: alpha, step: 1471, train_lr: 0.0001
TORCHFORT::WANDB: model: critic_0, step: 1472, train_loss: 0.102577
TORCHFORT::WANDB: model: critic_0, step: 1472, train_lr: 0.000278907
TORCHFORT::WANDB: model: actor, step: 1472, train_loss: -0.173696
TORCHFORT::WANDB: model: actor, step: 1472, train_lr: 0.000278907
TORCHFORT::WANDB: model: alpha, step: 1472, train_loss: -2.69341
TORCHFORT::WANDB: model: alpha, step: 1472, train_lr: 0.0001
TORCHFORT::WANDB: model: critic_0, step: 1473, train_loss: 0.0875649
TORCHFORT::WANDB: model: critic_0, step: 1473, train_lr: 0.000279133
TORCHFORT::WANDB: model: actor, step: 1473, train_loss: -0.180813
TORCHFORT::WANDB: model: actor, step: 1473, train_lr: 0.000279133
TORCHFORT::WANDB: model: alpha, step: 1473, train_loss: -2.84426
TORCHFORT::WANDB: model: alpha, step: 1473, train_lr: 0.0001
TORCHFORT::WANDB: model: critic_0, step: 1474, train_loss: 0.0842511
TORCHFORT::WANDB: model: critic_0, step: 1474, train_lr: 0.000279359
TORCHFORT::WANDB: model: actor, step: 1474, train_loss: -0.176888
TORCHFORT::WANDB: model: actor, step: 1474, train_lr: 0.000279359
TORCHFORT::WANDB: model: alpha, step: 1474, train_loss: -2.92666
TORCHFORT::WANDB: model: alpha, step: 1474, train_lr: 0.0001
TORCHFORT::WANDB: model: critic_0, step: 1475, train_loss: 0.0947408
TORCHFORT::WANDB: model: critic_0, step: 1475, train_lr: 0.000279585
TORCHFORT::WANDB: model: actor, step: 1475, train_loss: -0.156136
TORCHFORT::WANDB: model: actor, step: 1475, train_lr: 0.000279585
TORCHFORT::WANDB: model: alpha, step: 1475, train_loss: -2.76319
TORCHFORT::WANDB: model: alpha, step: 1475, train_lr: 0.0001
TORCHFORT::WANDB: model: critic_0, step: 1476, train_loss: 0.115875
TORCHFORT::WANDB: model: critic_0, step: 1476, train_lr: 0.000279811
TORCHFORT::WANDB: model: actor, step: 1476, train_loss: -0.175575
TORCHFORT::WANDB: model: actor, step: 1476, train_lr: 0.000279811
TORCHFORT::WANDB: model: alpha, step: 1476, train_loss: -2.91601
TORCHFORT::WANDB: model: alpha, step: 1476, train_lr: 0.0001
TORCHFORT::WANDB: model: critic_0, step: 1477, train_loss: 0.129171
TORCHFORT::WANDB: model: critic_0, step: 1477, train_lr: 0.000280037
TORCHFORT::WANDB: model: actor, step: 1477, train_loss: -0.166208
TORCHFORT::WANDB: model: actor, step: 1477, train_lr: 0.000280037
TORCHFORT::WANDB: model: alpha, step: 1477, train_loss: -2.88295
TORCHFORT::WANDB: model: alpha, step: 1477, train_lr: 0.0001
TORCHFORT::WANDB: model: critic_0, step: 1478, train_loss: 0.0800595
TORCHFORT::WANDB: model: critic_0, step: 1478, train_lr: 0.000280263
TORCHFORT::WANDB: model: actor, step: 1478, train_loss: -0.164229
TORCHFORT::WANDB: model: actor, step: 1478, train_lr: 0.000280263
TORCHFORT::WANDB: model: alpha, step: 1478, train_loss: -2.81342
TORCHFORT::WANDB: model: alpha, step: 1478, train_lr: 0.0001
TORCHFORT::WANDB: model: critic_0, step: 1479, train_loss: 0.107043
TORCHFORT::WANDB: model: critic_0, step: 1479, train_lr: 0.00028049
TORCHFORT::WANDB: model: actor, step: 1479, train_loss: -0.164681
TORCHFORT::WANDB: model: actor, step: 1479, train_lr: 0.00028049
TORCHFORT::WANDB: model: alpha, step: 1479, train_loss: -2.7611
TORCHFORT::WANDB: model: alpha, step: 1479, train_lr: 0.0001
TORCHFORT::WANDB: model: critic_0, step: 1480, train_loss: 0.1432
TORCHFORT::WANDB: model: critic_0, step: 1480, train_lr: 0.000280716
TORCHFORT::WANDB: model: actor, step: 1480, train_loss: -0.15659
TORCHFORT::WANDB: model: actor, step: 1480, train_lr: 0.000280716
TORCHFORT::WANDB: model: alpha, step: 1480, train_loss: -2.78591
TORCHFORT::WANDB: model: alpha, step: 1480, train_lr: 0.0001
TORCHFORT::WANDB: model: critic_0, step: 1481, train_loss: 0.104769
TORCHFORT::WANDB: model: critic_0, step: 1481, train_lr: 0.000280943
TORCHFORT::WANDB: model: actor, step: 1481, train_loss: -0.154584
TORCHFORT::WANDB: model: actor, step: 1481, train_lr: 0.000280943
TORCHFORT::WANDB: model: alpha, step: 1481, train_loss: -2.78566
TORCHFORT::WANDB: model: alpha, step: 1481, train_lr: 0.0001
TORCHFORT::WANDB: model: critic_0, step: 1482, train_loss: 0.0964997
TORCHFORT::WANDB: model: critic_0, step: 1482, train_lr: 0.000281169
TORCHFORT::WANDB: model: actor, step: 1482, train_loss: -0.165405
TORCHFORT::WANDB: model: actor, step: 1482, train_lr: 0.000281169
TORCHFORT::WANDB: model: alpha, step: 1482, train_loss: -3.01532
TORCHFORT::WANDB: model: alpha, step: 1482, train_lr: 0.0001
TORCHFORT::WANDB: model: critic_0, step: 1483, train_loss: 0.123109
TORCHFORT::WANDB: model: critic_0, step: 1483, train_lr: 0.000281396
TORCHFORT::WANDB: model: actor, step: 1483, train_loss: -0.160965
TORCHFORT::WANDB: model: actor, step: 1483, train_lr: 0.000281396
TORCHFORT::WANDB: model: alpha, step: 1483, train_loss: -2.86318
TORCHFORT::WANDB: model: alpha, step: 1483, train_lr: 0.0001
TORCHFORT::WANDB: model: critic_0, step: 1484, train_loss: 0.0698029
TORCHFORT::WANDB: model: critic_0, step: 1484, train_lr: 0.000281623
TORCHFORT::WANDB: model: actor, step: 1484, train_loss: -0.154568
TORCHFORT::WANDB: model: actor, step: 1484, train_lr: 0.000281623
TORCHFORT::WANDB: model: alpha, step: 1484, train_loss: -2.80256
TORCHFORT::WANDB: model: alpha, step: 1484, train_lr: 0.0001
TORCHFORT::WANDB: model: critic_0, step: 1485, train_loss: 0.138329
TORCHFORT::WANDB: model: critic_0, step: 1485, train_lr: 0.00028185
TORCHFORT::WANDB: model: actor, step: 1485, train_loss: -0.172911
TORCHFORT::WANDB: model: actor, step: 1485, train_lr: 0.00028185
TORCHFORT::WANDB: model: alpha, step: 1485, train_loss: -2.80244
TORCHFORT::WANDB: model: alpha, step: 1485, train_lr: 0.0001
TORCHFORT::WANDB: model: critic_0, step: 1486, train_loss: 0.0914152
TORCHFORT::WANDB: model: critic_0, step: 1486, train_lr: 0.000282077
TORCHFORT::WANDB: model: actor, step: 1486, train_loss: -0.167027
TORCHFORT::WANDB: model: actor, step: 1486, train_lr: 0.000282077
TORCHFORT::WANDB: model: alpha, step: 1486, train_loss: -2.84131
TORCHFORT::WANDB: model: alpha, step: 1486, train_lr: 0.0001
TORCHFORT::WANDB: model: critic_0, step: 1487, train_loss: 0.0957751
TORCHFORT::WANDB: model: critic_0, step: 1487, train_lr: 0.000282304
TORCHFORT::WANDB: model: actor, step: 1487, train_loss: -0.167227
TORCHFORT::WANDB: model: actor, step: 1487, train_lr: 0.000282304
TORCHFORT::WANDB: model: alpha, step: 1487, train_loss: -2.76736
TORCHFORT::WANDB: model: alpha, step: 1487, train_lr: 0.0001
TORCHFORT::WANDB: model: critic_0, step: 1488, train_loss: 0.075111
TORCHFORT::WANDB: model: critic_0, step: 1488, train_lr: 0.000282532
TORCHFORT::WANDB: model: actor, step: 1488, train_loss: -0.163808
TORCHFORT::WANDB: model: actor, step: 1488, train_lr: 0.000282532
TORCHFORT::WANDB: model: alpha, step: 1488, train_loss: -2.83232
TORCHFORT::WANDB: model: alpha, step: 1488, train_lr: 0.0001
TORCHFORT::WANDB: model: critic_0, step: 1489, train_loss: 0.134464
TORCHFORT::WANDB: model: critic_0, step: 1489, train_lr: 0.000282759
TORCHFORT::WANDB: model: actor, step: 1489, train_loss: -0.160147
TORCHFORT::WANDB: model: actor, step: 1489, train_lr: 0.000282759
TORCHFORT::WANDB: model: alpha, step: 1489, train_loss: -2.85407
TORCHFORT::WANDB: model: alpha, step: 1489, train_lr: 0.0001
TORCHFORT::WANDB: model: critic_0, step: 1490, train_loss: 0.100707
TORCHFORT::WANDB: model: critic_0, step: 1490, train_lr: 0.000282987
TORCHFORT::WANDB: model: actor, step: 1490, train_loss: -0.166564
TORCHFORT::WANDB: model: actor, step: 1490, train_lr: 0.000282987
TORCHFORT::WANDB: model: alpha, step: 1490, train_loss: -2.81078
TORCHFORT::WANDB: model: alpha, step: 1490, train_lr: 0.0001
TORCHFORT::WANDB: model: critic_0, step: 1491, train_loss: 0.170154
TORCHFORT::WANDB: model: critic_0, step: 1491, train_lr: 0.000283214
TORCHFORT::WANDB: model: actor, step: 1491, train_loss: -0.18189
TORCHFORT::WANDB: model: actor, step: 1491, train_lr: 0.000283214
TORCHFORT::WANDB: model: alpha, step: 1491, train_loss: -2.90086
TORCHFORT::WANDB: model: alpha, step: 1491, train_lr: 0.0001
TORCHFORT::WANDB: model: critic_0, step: 1492, train_loss: 0.08401
TORCHFORT::WANDB: model: critic_0, step: 1492, train_lr: 0.000283442
TORCHFORT::WANDB: model: actor, step: 1492, train_loss: -0.158919
TORCHFORT::WANDB: model: actor, step: 1492, train_lr: 0.000283442
TORCHFORT::WANDB: model: alpha, step: 1492, train_loss: -2.89097
TORCHFORT::WANDB: model: alpha, step: 1492, train_lr: 0.0001
TORCHFORT::WANDB: model: critic_0, step: 1493, train_loss: 0.102984
TORCHFORT::WANDB: model: critic_0, step: 1493, train_lr: 0.00028367
TORCHFORT::WANDB: model: actor, step: 1493, train_loss: -0.169123
TORCHFORT::WANDB: model: actor, step: 1493, train_lr: 0.00028367
TORCHFORT::WANDB: model: alpha, step: 1493, train_loss: -2.84267
TORCHFORT::WANDB: model: alpha, step: 1493, train_lr: 0.0001
TORCHFORT::WANDB: model: critic_0, step: 1494, train_loss: 0.0866274
TORCHFORT::WANDB: model: critic_0, step: 1494, train_lr: 0.000283898
TORCHFORT::WANDB: model: actor, step: 1494, train_loss: -0.176555
TORCHFORT::WANDB: model: actor, step: 1494, train_lr: 0.000283898
TORCHFORT::WANDB: model: alpha, step: 1494, train_loss: -2.81042
TORCHFORT::WANDB: model: alpha, step: 1494, train_lr: 0.0001
TORCHFORT::WANDB: model: critic_0, step: 1495, train_loss: 0.0824762
TORCHFORT::WANDB: model: critic_0, step: 1495, train_lr: 0.000284126
TORCHFORT::WANDB: model: actor, step: 1495, train_loss: -0.176523
TORCHFORT::WANDB: model: actor, step: 1495, train_lr: 0.000284126
TORCHFORT::WANDB: model: alpha, step: 1495, train_loss: -2.78893
TORCHFORT::WANDB: model: alpha, step: 1495, train_lr: 0.0001
TORCHFORT::WANDB: model: critic_0, step: 1496, train_loss: 0.214226
TORCHFORT::WANDB: model: critic_0, step: 1496, train_lr: 0.000284354
TORCHFORT::WANDB: model: actor, step: 1496, train_loss: -0.153982
TORCHFORT::WANDB: model: actor, step: 1496, train_lr: 0.000284354
TORCHFORT::WANDB: model: alpha, step: 1496, train_loss: -2.81908
TORCHFORT::WANDB: model: alpha, step: 1496, train_lr: 0.0001
TORCHFORT::WANDB: model: critic_0, step: 1497, train_loss: 0.106122
TORCHFORT::WANDB: model: critic_0, step: 1497, train_lr: 0.000284582
TORCHFORT::WANDB: model: actor, step: 1497, train_loss: -0.171228
TORCHFORT::WANDB: model: actor, step: 1497, train_lr: 0.000284582
TORCHFORT::WANDB: model: alpha, step: 1497, train_loss: -2.82263
TORCHFORT::WANDB: model: alpha, step: 1497, train_lr: 0.0001
TORCHFORT::WANDB: model: critic_0, step: 1498, train_loss: 0.103228
TORCHFORT::WANDB: model: critic_0, step: 1498, train_lr: 0.000284811
TORCHFORT::WANDB: model: actor, step: 1498, train_loss: -0.165978
TORCHFORT::WANDB: model: actor, step: 1498, train_lr: 0.000284811
TORCHFORT::WANDB: model: alpha, step: 1498, train_loss: -2.99085
TORCHFORT::WANDB: model: alpha, step: 1498, train_lr: 0.0001
TORCHFORT::WANDB: model: critic_0, step: 1499, train_loss: 0.0557708
TORCHFORT::WANDB: model: critic_0, step: 1499, train_lr: 0.000285039
TORCHFORT::WANDB: model: actor, step: 1499, train_loss: -0.172292
TORCHFORT::WANDB: model: actor, step: 1499, train_lr: 0.000285039
TORCHFORT::WANDB: model: alpha, step: 1499, train_loss: -2.95654
TORCHFORT::WANDB: model: alpha, step: 1499, train_lr: 0.0001
TORCHFORT::WANDB: model: critic_0, step: 1500, train_loss: 0.118602
TORCHFORT::WANDB: model: critic_0, step: 1500, train_lr: 0.000285268
TORCHFORT::WANDB: model: actor, step: 1500, train_loss: -0.173283
TORCHFORT::WANDB: model: actor, step: 1500, train_lr: 0.000285268
TORCHFORT::WANDB: model: alpha, step: 1500, train_loss: -2.81656
TORCHFORT::WANDB: model: alpha, step: 1500, train_lr: 0.0001
TORCHFORT::WANDB: model: rlwm, step: 15, reward_sum: 1997.99
TORCHFORT::WANDB: model: rlwm, step: 15, policy_loss: -0.173283
TORCHFORT::WANDB: model: rlwm, step: 15, critic_loss: 0.118602
TORCHFORT::WANDB: model: critic_0, step: 1501, train_loss: 0.0716599
TORCHFORT::WANDB: model: critic_0, step: 1501, train_lr: 0.000285497
TORCHFORT::WANDB: model: actor, step: 1501, train_loss: -0.175408
TORCHFORT::WANDB: model: actor, step: 1501, train_lr: 0.000285497
TORCHFORT::WANDB: model: alpha, step: 1501, train_loss: -2.83513
TORCHFORT::WANDB: model: alpha, step: 1501, train_lr: 0.0001
TORCHFORT::WANDB: model: critic_0, step: 1502, train_loss: 0.116036
TORCHFORT::WANDB: model: critic_0, step: 1502, train_lr: 0.000285725
TORCHFORT::WANDB: model: actor, step: 1502, train_loss: -0.167829
TORCHFORT::WANDB: model: actor, step: 1502, train_lr: 0.000285725
TORCHFORT::WANDB: model: alpha, step: 1502, train_loss: -2.75219
TORCHFORT::WANDB: model: alpha, step: 1502, train_lr: 0.0001
TORCHFORT::WANDB: model: critic_0, step: 1503, train_loss: 0.0986958
TORCHFORT::WANDB: model: critic_0, step: 1503, train_lr: 0.000285954
TORCHFORT::WANDB: model: actor, step: 1503, train_loss: -0.171613
TORCHFORT::WANDB: model: actor, step: 1503, train_lr: 0.000285954
TORCHFORT::WANDB: model: alpha, step: 1503, train_loss: -2.90856
TORCHFORT::WANDB: model: alpha, step: 1503, train_lr: 0.0001
TORCHFORT::WANDB: model: critic_0, step: 1504, train_loss: 0.132352
TORCHFORT::WANDB: model: critic_0, step: 1504, train_lr: 0.000286183
TORCHFORT::WANDB: model: actor, step: 1504, train_loss: -0.170877
TORCHFORT::WANDB: model: actor, step: 1504, train_lr: 0.000286183
TORCHFORT::WANDB: model: alpha, step: 1504, train_loss: -2.82661
TORCHFORT::WANDB: model: alpha, step: 1504, train_lr: 0.0001
TORCHFORT::WANDB: model: critic_0, step: 1505, train_loss: 0.0967689
TORCHFORT::WANDB: model: critic_0, step: 1505, train_lr: 0.000286412
TORCHFORT::WANDB: model: actor, step: 1505, train_loss: -0.162443
TORCHFORT::WANDB: model: actor, step: 1505, train_lr: 0.000286412
TORCHFORT::WANDB: model: alpha, step: 1505, train_loss: -2.92369
TORCHFORT::WANDB: model: alpha, step: 1505, train_lr: 0.0001
TORCHFORT::WANDB: model: critic_0, step: 1506, train_loss: 0.114803
TORCHFORT::WANDB: model: critic_0, step: 1506, train_lr: 0.000286642
TORCHFORT::WANDB: model: actor, step: 1506, train_loss: -0.166428
TORCHFORT::WANDB: model: actor, step: 1506, train_lr: 0.000286642
TORCHFORT::WANDB: model: alpha, step: 1506, train_loss: -2.94573
TORCHFORT::WANDB: model: alpha, step: 1506, train_lr: 0.0001
TORCHFORT::WANDB: model: critic_0, step: 1507, train_loss: 0.103068
TORCHFORT::WANDB: model: critic_0, step: 1507, train_lr: 0.000286871
TORCHFORT::WANDB: model: actor, step: 1507, train_loss: -0.179407
TORCHFORT::WANDB: model: actor, step: 1507, train_lr: 0.000286871
TORCHFORT::WANDB: model: alpha, step: 1507, train_loss: -2.86947
TORCHFORT::WANDB: model: alpha, step: 1507, train_lr: 0.0001
TORCHFORT::WANDB: model: critic_0, step: 1508, train_loss: 0.112081
TORCHFORT::WANDB: model: critic_0, step: 1508, train_lr: 0.0002871
TORCHFORT::WANDB: model: actor, step: 1508, train_loss: -0.173895
TORCHFORT::WANDB: model: actor, step: 1508, train_lr: 0.0002871
TORCHFORT::WANDB: model: alpha, step: 1508, train_loss: -2.91743
TORCHFORT::WANDB: model: alpha, step: 1508, train_lr: 0.0001
TORCHFORT::WANDB: model: critic_0, step: 1509, train_loss: 0.0604119
TORCHFORT::WANDB: model: critic_0, step: 1509, train_lr: 0.00028733
TORCHFORT::WANDB: model: actor, step: 1509, train_loss: -0.180677
TORCHFORT::WANDB: model: actor, step: 1509, train_lr: 0.00028733
TORCHFORT::WANDB: model: alpha, step: 1509, train_loss: -2.81715
TORCHFORT::WANDB: model: alpha, step: 1509, train_lr: 0.0001
TORCHFORT::WANDB: model: critic_0, step: 1510, train_loss: 0.105833
TORCHFORT::WANDB: model: critic_0, step: 1510, train_lr: 0.00028756
TORCHFORT::WANDB: model: actor, step: 1510, train_loss: -0.167371
TORCHFORT::WANDB: model: actor, step: 1510, train_lr: 0.00028756
TORCHFORT::WANDB: model: alpha, step: 1510, train_loss: -2.84146
TORCHFORT::WANDB: model: alpha, step: 1510, train_lr: 0.0001
TORCHFORT::WANDB: model: critic_0, step: 1511, train_loss: 0.127858
TORCHFORT::WANDB: model: critic_0, step: 1511, train_lr: 0.000287789
TORCHFORT::WANDB: model: actor, step: 1511, train_loss: -0.175045
TORCHFORT::WANDB: model: actor, step: 1511, train_lr: 0.000287789
TORCHFORT::WANDB: model: alpha, step: 1511, train_loss: -2.83597
TORCHFORT::WANDB: model: alpha, step: 1511, train_lr: 0.0001
TORCHFORT::WANDB: model: critic_0, step: 1512, train_loss: 0.156963
TORCHFORT::WANDB: model: critic_0, step: 1512, train_lr: 0.000288019
TORCHFORT::WANDB: model: actor, step: 1512, train_loss: -0.201644
TORCHFORT::WANDB: model: actor, step: 1512, train_lr: 0.000288019
TORCHFORT::WANDB: model: alpha, step: 1512, train_loss: -2.7611
TORCHFORT::WANDB: model: alpha, step: 1512, train_lr: 0.0001
TORCHFORT::WANDB: model: critic_0, step: 1513, train_loss: 0.0962848
TORCHFORT::WANDB: model: critic_0, step: 1513, train_lr: 0.000288249
TORCHFORT::WANDB: model: actor, step: 1513, train_loss: -0.200866
TORCHFORT::WANDB: model: actor, step: 1513, train_lr: 0.000288249
TORCHFORT::WANDB: model: alpha, step: 1513, train_loss: -2.87627
TORCHFORT::WANDB: model: alpha, step: 1513, train_lr: 0.0001
TORCHFORT::WANDB: model: critic_0, step: 1514, train_loss: 0.0932021
TORCHFORT::WANDB: model: critic_0, step: 1514, train_lr: 0.000288479
TORCHFORT::WANDB: model: actor, step: 1514, train_loss: -0.200664
TORCHFORT::WANDB: model: actor, step: 1514, train_lr: 0.000288479
TORCHFORT::WANDB: model: alpha, step: 1514, train_loss: -2.94722
TORCHFORT::WANDB: model: alpha, step: 1514, train_lr: 0.0001
TORCHFORT::WANDB: model: critic_0, step: 1515, train_loss: 0.105268
TORCHFORT::WANDB: model: critic_0, step: 1515, train_lr: 0.000288709
TORCHFORT::WANDB: model: actor, step: 1515, train_loss: -0.192799
TORCHFORT::WANDB: model: actor, step: 1515, train_lr: 0.000288709
TORCHFORT::WANDB: model: alpha, step: 1515, train_loss: -2.7855
TORCHFORT::WANDB: model: alpha, step: 1515, train_lr: 0.0001
TORCHFORT::WANDB: model: critic_0, step: 1516, train_loss: 0.164717
TORCHFORT::WANDB: model: critic_0, step: 1516, train_lr: 0.000288939
TORCHFORT::WANDB: model: actor, step: 1516, train_loss: -0.208817
TORCHFORT::WANDB: model: actor, step: 1516, train_lr: 0.000288939
TORCHFORT::WANDB: model: alpha, step: 1516, train_loss: -2.9238
TORCHFORT::WANDB: model: alpha, step: 1516, train_lr: 0.0001
TORCHFORT::WANDB: model: critic_0, step: 1517, train_loss: 0.0764815
TORCHFORT::WANDB: model: critic_0, step: 1517, train_lr: 0.00028917
TORCHFORT::WANDB: model: actor, step: 1517, train_loss: -0.189129
TORCHFORT::WANDB: model: actor, step: 1517, train_lr: 0.00028917
TORCHFORT::WANDB: model: alpha, step: 1517, train_loss: -2.7978
TORCHFORT::WANDB: model: alpha, step: 1517, train_lr: 0.0001
TORCHFORT::WANDB: model: critic_0, step: 1518, train_loss: 0.125095
TORCHFORT::WANDB: model: critic_0, step: 1518, train_lr: 0.0002894
TORCHFORT::WANDB: model: actor, step: 1518, train_loss: -0.202935
TORCHFORT::WANDB: model: actor, step: 1518, train_lr: 0.0002894
TORCHFORT::WANDB: model: alpha, step: 1518, train_loss: -2.92225
TORCHFORT::WANDB: model: alpha, step: 1518, train_lr: 0.0001
TORCHFORT::WANDB: model: critic_0, step: 1519, train_loss: 0.0946086
TORCHFORT::WANDB: model: critic_0, step: 1519, train_lr: 0.000289631
TORCHFORT::WANDB: model: actor, step: 1519, train_loss: -0.177521
TORCHFORT::WANDB: model: actor, step: 1519, train_lr: 0.000289631
TORCHFORT::WANDB: model: alpha, step: 1519, train_loss: -2.86141
TORCHFORT::WANDB: model: alpha, step: 1519, train_lr: 0.0001
TORCHFORT::WANDB: model: critic_0, step: 1520, train_loss: 0.0840956
TORCHFORT::WANDB: model: critic_0, step: 1520, train_lr: 0.000289862
TORCHFORT::WANDB: model: actor, step: 1520, train_loss: -0.172837
TORCHFORT::WANDB: model: actor, step: 1520, train_lr: 0.000289862
TORCHFORT::WANDB: model: alpha, step: 1520, train_loss: -2.93599
TORCHFORT::WANDB: model: alpha, step: 1520, train_lr: 0.0001
TORCHFORT::WANDB: model: critic_0, step: 1521, train_loss: 0.111152
TORCHFORT::WANDB: model: critic_0, step: 1521, train_lr: 0.000290092
TORCHFORT::WANDB: model: actor, step: 1521, train_loss: -0.165706
TORCHFORT::WANDB: model: actor, step: 1521, train_lr: 0.000290092
TORCHFORT::WANDB: model: alpha, step: 1521, train_loss: -2.8091
TORCHFORT::WANDB: model: alpha, step: 1521, train_lr: 0.0001
TORCHFORT::WANDB: model: critic_0, step: 1522, train_loss: 0.0874019
TORCHFORT::WANDB: model: critic_0, step: 1522, train_lr: 0.000290323
TORCHFORT::WANDB: model: actor, step: 1522, train_loss: -0.166368
TORCHFORT::WANDB: model: actor, step: 1522, train_lr: 0.000290323
TORCHFORT::WANDB: model: alpha, step: 1522, train_loss: -2.80399
TORCHFORT::WANDB: model: alpha, step: 1522, train_lr: 0.0001
TORCHFORT::WANDB: model: critic_0, step: 1523, train_loss: 0.132403
TORCHFORT::WANDB: model: critic_0, step: 1523, train_lr: 0.000290554
TORCHFORT::WANDB: model: actor, step: 1523, train_loss: -0.163181
TORCHFORT::WANDB: model: actor, step: 1523, train_lr: 0.000290554
TORCHFORT::WANDB: model: alpha, step: 1523, train_loss: -2.92299
TORCHFORT::WANDB: model: alpha, step: 1523, train_lr: 0.0001
TORCHFORT::WANDB: model: critic_0, step: 1524, train_loss: 0.175899
TORCHFORT::WANDB: model: critic_0, step: 1524, train_lr: 0.000290785
TORCHFORT::WANDB: model: actor, step: 1524, train_loss: -0.181012
TORCHFORT::WANDB: model: actor, step: 1524, train_lr: 0.000290785
TORCHFORT::WANDB: model: alpha, step: 1524, train_loss: -2.84948
TORCHFORT::WANDB: model: alpha, step: 1524, train_lr: 0.0001
TORCHFORT::WANDB: model: critic_0, step: 1525, train_loss: 0.0970312
TORCHFORT::WANDB: model: critic_0, step: 1525, train_lr: 0.000291016
TORCHFORT::WANDB: model: actor, step: 1525, train_loss: -0.17213
TORCHFORT::WANDB: model: actor, step: 1525, train_lr: 0.000291016
TORCHFORT::WANDB: model: alpha, step: 1525, train_loss: -2.87929
TORCHFORT::WANDB: model: alpha, step: 1525, train_lr: 0.0001
TORCHFORT::WANDB: model: critic_0, step: 1526, train_loss: 0.0653221
TORCHFORT::WANDB: model: critic_0, step: 1526, train_lr: 0.000291248
TORCHFORT::WANDB: model: actor, step: 1526, train_loss: -0.174868
TORCHFORT::WANDB: model: actor, step: 1526, train_lr: 0.000291248
TORCHFORT::WANDB: model: alpha, step: 1526, train_loss: -2.89024
TORCHFORT::WANDB: model: alpha, step: 1526, train_lr: 0.0001
TORCHFORT::WANDB: model: critic_0, step: 1527, train_loss: 0.0783605
TORCHFORT::WANDB: model: critic_0, step: 1527, train_lr: 0.000291479
TORCHFORT::WANDB: model: actor, step: 1527, train_loss: -0.166568
TORCHFORT::WANDB: model: actor, step: 1527, train_lr: 0.000291479
TORCHFORT::WANDB: model: alpha, step: 1527, train_loss: -2.88657
TORCHFORT::WANDB: model: alpha, step: 1527, train_lr: 0.0001
TORCHFORT::WANDB: model: critic_0, step: 1528, train_loss: 0.0598327
TORCHFORT::WANDB: model: critic_0, step: 1528, train_lr: 0.00029171
TORCHFORT::WANDB: model: actor, step: 1528, train_loss: -0.174167
TORCHFORT::WANDB: model: actor, step: 1528, train_lr: 0.00029171
TORCHFORT::WANDB: model: alpha, step: 1528, train_loss: -2.9268
TORCHFORT::WANDB: model: alpha, step: 1528, train_lr: 0.0001
TORCHFORT::WANDB: model: critic_0, step: 1529, train_loss: 0.106453
TORCHFORT::WANDB: model: critic_0, step: 1529, train_lr: 0.000291942
TORCHFORT::WANDB: model: actor, step: 1529, train_loss: -0.193826
TORCHFORT::WANDB: model: actor, step: 1529, train_lr: 0.000291942
TORCHFORT::WANDB: model: alpha, step: 1529, train_loss: -2.8408
TORCHFORT::WANDB: model: alpha, step: 1529, train_lr: 0.0001
TORCHFORT::WANDB: model: critic_0, step: 1530, train_loss: 0.14335
TORCHFORT::WANDB: model: critic_0, step: 1530, train_lr: 0.000292174
TORCHFORT::WANDB: model: actor, step: 1530, train_loss: -0.189545
TORCHFORT::WANDB: model: actor, step: 1530, train_lr: 0.000292174
TORCHFORT::WANDB: model: alpha, step: 1530, train_loss: -2.908
TORCHFORT::WANDB: model: alpha, step: 1530, train_lr: 0.0001
TORCHFORT::WANDB: model: critic_0, step: 1531, train_loss: 0.183271
TORCHFORT::WANDB: model: critic_0, step: 1531, train_lr: 0.000292406
TORCHFORT::WANDB: model: actor, step: 1531, train_loss: -0.183249
TORCHFORT::WANDB: model: actor, step: 1531, train_lr: 0.000292406
TORCHFORT::WANDB: model: alpha, step: 1531, train_loss: -2.93436
TORCHFORT::WANDB: model: alpha, step: 1531, train_lr: 0.0001
TORCHFORT::WANDB: model: critic_0, step: 1532, train_loss: 0.0843233
TORCHFORT::WANDB: model: critic_0, step: 1532, train_lr: 0.000292637
TORCHFORT::WANDB: model: actor, step: 1532, train_loss: -0.187616
TORCHFORT::WANDB: model: actor, step: 1532, train_lr: 0.000292637
TORCHFORT::WANDB: model: alpha, step: 1532, train_loss: -2.79349
TORCHFORT::WANDB: model: alpha, step: 1532, train_lr: 0.0001
TORCHFORT::WANDB: model: critic_0, step: 1533, train_loss: 0.100929
TORCHFORT::WANDB: model: critic_0, step: 1533, train_lr: 0.000292869
TORCHFORT::WANDB: model: actor, step: 1533, train_loss: -0.184968
TORCHFORT::WANDB: model: actor, step: 1533, train_lr: 0.000292869
TORCHFORT::WANDB: model: alpha, step: 1533, train_loss: -2.95508
TORCHFORT::WANDB: model: alpha, step: 1533, train_lr: 0.0001
TORCHFORT::WANDB: model: critic_0, step: 1534, train_loss: 0.131465
TORCHFORT::WANDB: model: critic_0, step: 1534, train_lr: 0.000293102
TORCHFORT::WANDB: model: actor, step: 1534, train_loss: -0.174852
TORCHFORT::WANDB: model: actor, step: 1534, train_lr: 0.000293102
TORCHFORT::WANDB: model: alpha, step: 1534, train_loss: -2.86922
TORCHFORT::WANDB: model: alpha, step: 1534, train_lr: 0.0001
TORCHFORT::WANDB: model: critic_0, step: 1535, train_loss: 0.097415
TORCHFORT::WANDB: model: critic_0, step: 1535, train_lr: 0.000293334
TORCHFORT::WANDB: model: actor, step: 1535, train_loss: -0.173543
TORCHFORT::WANDB: model: actor, step: 1535, train_lr: 0.000293334
TORCHFORT::WANDB: model: alpha, step: 1535, train_loss: -2.93153
TORCHFORT::WANDB: model: alpha, step: 1535, train_lr: 0.0001
TORCHFORT::WANDB: model: critic_0, step: 1536, train_loss: 0.128224
TORCHFORT::WANDB: model: critic_0, step: 1536, train_lr: 0.000293566
TORCHFORT::WANDB: model: actor, step: 1536, train_loss: -0.168935
TORCHFORT::WANDB: model: actor, step: 1536, train_lr: 0.000293566
TORCHFORT::WANDB: model: alpha, step: 1536, train_loss: -2.95209
TORCHFORT::WANDB: model: alpha, step: 1536, train_lr: 0.0001
TORCHFORT::WANDB: model: critic_0, step: 1537, train_loss: 0.13513
TORCHFORT::WANDB: model: critic_0, step: 1537, train_lr: 0.000293798
TORCHFORT::WANDB: model: actor, step: 1537, train_loss: -0.174769
TORCHFORT::WANDB: model: actor, step: 1537, train_lr: 0.000293798
TORCHFORT::WANDB: model: alpha, step: 1537, train_loss: -2.92766
TORCHFORT::WANDB: model: alpha, step: 1537, train_lr: 0.0001
TORCHFORT::WANDB: model: critic_0, step: 1538, train_loss: 0.0588117
TORCHFORT::WANDB: model: critic_0, step: 1538, train_lr: 0.000294031
TORCHFORT::WANDB: model: actor, step: 1538, train_loss: -0.182247
TORCHFORT::WANDB: model: actor, step: 1538, train_lr: 0.000294031
TORCHFORT::WANDB: model: alpha, step: 1538, train_loss: -2.85131
TORCHFORT::WANDB: model: alpha, step: 1538, train_lr: 0.0001
TORCHFORT::WANDB: model: critic_0, step: 1539, train_loss: 0.10675
TORCHFORT::WANDB: model: critic_0, step: 1539, train_lr: 0.000294263
TORCHFORT::WANDB: model: actor, step: 1539, train_loss: -0.184544
TORCHFORT::WANDB: model: actor, step: 1539, train_lr: 0.000294263
TORCHFORT::WANDB: model: alpha, step: 1539, train_loss: -2.92817
TORCHFORT::WANDB: model: alpha, step: 1539, train_lr: 0.0001
TORCHFORT::WANDB: model: critic_0, step: 1540, train_loss: 0.153223
TORCHFORT::WANDB: model: critic_0, step: 1540, train_lr: 0.000294496
TORCHFORT::WANDB: model: actor, step: 1540, train_loss: -0.182039
TORCHFORT::WANDB: model: actor, step: 1540, train_lr: 0.000294496
TORCHFORT::WANDB: model: alpha, step: 1540, train_loss: -2.76126
TORCHFORT::WANDB: model: alpha, step: 1540, train_lr: 0.0001
TORCHFORT::WANDB: model: critic_0, step: 1541, train_loss: 0.126057
TORCHFORT::WANDB: model: critic_0, step: 1541, train_lr: 0.000294729
TORCHFORT::WANDB: model: actor, step: 1541, train_loss: -0.204294
TORCHFORT::WANDB: model: actor, step: 1541, train_lr: 0.000294729
TORCHFORT::WANDB: model: alpha, step: 1541, train_loss: -2.82001
TORCHFORT::WANDB: model: alpha, step: 1541, train_lr: 0.0001
TORCHFORT::WANDB: model: critic_0, step: 1542, train_loss: 0.127516
TORCHFORT::WANDB: model: critic_0, step: 1542, train_lr: 0.000294962
TORCHFORT::WANDB: model: actor, step: 1542, train_loss: -0.199837
TORCHFORT::WANDB: model: actor, step: 1542, train_lr: 0.000294962
TORCHFORT::WANDB: model: alpha, step: 1542, train_loss: -2.76972
TORCHFORT::WANDB: model: alpha, step: 1542, train_lr: 0.0001
TORCHFORT::WANDB: model: critic_0, step: 1543, train_loss: 0.12559
TORCHFORT::WANDB: model: critic_0, step: 1543, train_lr: 0.000295195
TORCHFORT::WANDB: model: actor, step: 1543, train_loss: -0.189707
TORCHFORT::WANDB: model: actor, step: 1543, train_lr: 0.000295195
TORCHFORT::WANDB: model: alpha, step: 1543, train_loss: -2.93066
TORCHFORT::WANDB: model: alpha, step: 1543, train_lr: 0.0001
TORCHFORT::WANDB: model: critic_0, step: 1544, train_loss: 0.146787
TORCHFORT::WANDB: model: critic_0, step: 1544, train_lr: 0.000295428
TORCHFORT::WANDB: model: actor, step: 1544, train_loss: -0.191238
TORCHFORT::WANDB: model: actor, step: 1544, train_lr: 0.000295428
TORCHFORT::WANDB: model: alpha, step: 1544, train_loss: -2.87723
TORCHFORT::WANDB: model: alpha, step: 1544, train_lr: 0.0001
TORCHFORT::WANDB: model: critic_0, step: 1545, train_loss: 0.169389
TORCHFORT::WANDB: model: critic_0, step: 1545, train_lr: 0.000295661
TORCHFORT::WANDB: model: actor, step: 1545, train_loss: -0.193263
TORCHFORT::WANDB: model: actor, step: 1545, train_lr: 0.000295661
TORCHFORT::WANDB: model: alpha, step: 1545, train_loss: -2.83557
TORCHFORT::WANDB: model: alpha, step: 1545, train_lr: 0.0001
TORCHFORT::WANDB: model: critic_0, step: 1546, train_loss: 0.108798
TORCHFORT::WANDB: model: critic_0, step: 1546, train_lr: 0.000295894
TORCHFORT::WANDB: model: actor, step: 1546, train_loss: -0.189702
TORCHFORT::WANDB: model: actor, step: 1546, train_lr: 0.000295894
TORCHFORT::WANDB: model: alpha, step: 1546, train_loss: -2.78097
TORCHFORT::WANDB: model: alpha, step: 1546, train_lr: 0.0001
TORCHFORT::WANDB: model: critic_0, step: 1547, train_loss: 0.103215
TORCHFORT::WANDB: model: critic_0, step: 1547, train_lr: 0.000296128
TORCHFORT::WANDB: model: actor, step: 1547, train_loss: -0.191122
TORCHFORT::WANDB: model: actor, step: 1547, train_lr: 0.000296128
TORCHFORT::WANDB: model: alpha, step: 1547, train_loss: -2.88818
TORCHFORT::WANDB: model: alpha, step: 1547, train_lr: 0.0001
TORCHFORT::WANDB: model: critic_0, step: 1548, train_loss: 0.127367
TORCHFORT::WANDB: model: critic_0, step: 1548, train_lr: 0.000296361
TORCHFORT::WANDB: model: actor, step: 1548, train_loss: -0.190961
TORCHFORT::WANDB: model: actor, step: 1548, train_lr: 0.000296361
TORCHFORT::WANDB: model: alpha, step: 1548, train_loss: -2.88187
TORCHFORT::WANDB: model: alpha, step: 1548, train_lr: 0.0001
TORCHFORT::WANDB: model: critic_0, step: 1549, train_loss: 0.112508
TORCHFORT::WANDB: model: critic_0, step: 1549, train_lr: 0.000296595
TORCHFORT::WANDB: model: actor, step: 1549, train_loss: -0.187909
TORCHFORT::WANDB: model: actor, step: 1549, train_lr: 0.000296595
TORCHFORT::WANDB: model: alpha, step: 1549, train_loss: -2.90135
TORCHFORT::WANDB: model: alpha, step: 1549, train_lr: 0.0001
TORCHFORT::WANDB: model: critic_0, step: 1550, train_loss: 0.0864289
TORCHFORT::WANDB: model: critic_0, step: 1550, train_lr: 0.000296829
TORCHFORT::WANDB: model: actor, step: 1550, train_loss: -0.194633
TORCHFORT::WANDB: model: actor, step: 1550, train_lr: 0.000296829
TORCHFORT::WANDB: model: alpha, step: 1550, train_loss: -2.88797
TORCHFORT::WANDB: model: alpha, step: 1550, train_lr: 0.0001
TORCHFORT::WANDB: model: critic_0, step: 1551, train_loss: 0.126784
TORCHFORT::WANDB: model: critic_0, step: 1551, train_lr: 0.000297062
TORCHFORT::WANDB: model: actor, step: 1551, train_loss: -0.178407
TORCHFORT::WANDB: model: actor, step: 1551, train_lr: 0.000297062
TORCHFORT::WANDB: model: alpha, step: 1551, train_loss: -3.02191
TORCHFORT::WANDB: model: alpha, step: 1551, train_lr: 0.0001
TORCHFORT::WANDB: model: critic_0, step: 1552, train_loss: 0.0887028
TORCHFORT::WANDB: model: critic_0, step: 1552, train_lr: 0.000297296
TORCHFORT::WANDB: model: actor, step: 1552, train_loss: -0.180051
TORCHFORT::WANDB: model: actor, step: 1552, train_lr: 0.000297296
TORCHFORT::WANDB: model: alpha, step: 1552, train_loss: -2.85332
TORCHFORT::WANDB: model: alpha, step: 1552, train_lr: 0.0001
TORCHFORT::WANDB: model: critic_0, step: 1553, train_loss: 0.0718143
TORCHFORT::WANDB: model: critic_0, step: 1553, train_lr: 0.00029753
TORCHFORT::WANDB: model: actor, step: 1553, train_loss: -0.167468
TORCHFORT::WANDB: model: actor, step: 1553, train_lr: 0.00029753
TORCHFORT::WANDB: model: alpha, step: 1553, train_loss: -2.94694
TORCHFORT::WANDB: model: alpha, step: 1553, train_lr: 0.0001
TORCHFORT::WANDB: model: critic_0, step: 1554, train_loss: 0.105177
TORCHFORT::WANDB: model: critic_0, step: 1554, train_lr: 0.000297764
TORCHFORT::WANDB: model: actor, step: 1554, train_loss: -0.163124
TORCHFORT::WANDB: model: actor, step: 1554, train_lr: 0.000297764
TORCHFORT::WANDB: model: alpha, step: 1554, train_loss: -2.84661
TORCHFORT::WANDB: model: alpha, step: 1554, train_lr: 0.0001
TORCHFORT::WANDB: model: critic_0, step: 1555, train_loss: 0.100738
TORCHFORT::WANDB: model: critic_0, step: 1555, train_lr: 0.000297999
TORCHFORT::WANDB: model: actor, step: 1555, train_loss: -0.162482
TORCHFORT::WANDB: model: actor, step: 1555, train_lr: 0.000297999
TORCHFORT::WANDB: model: alpha, step: 1555, train_loss: -2.91978
TORCHFORT::WANDB: model: alpha, step: 1555, train_lr: 0.0001
TORCHFORT::WANDB: model: critic_0, step: 1556, train_loss: 0.0944089
TORCHFORT::WANDB: model: critic_0, step: 1556, train_lr: 0.000298233
TORCHFORT::WANDB: model: actor, step: 1556, train_loss: -0.182841
TORCHFORT::WANDB: model: actor, step: 1556, train_lr: 0.000298233
TORCHFORT::WANDB: model: alpha, step: 1556, train_loss: -2.86846
TORCHFORT::WANDB: model: alpha, step: 1556, train_lr: 0.0001
TORCHFORT::WANDB: model: critic_0, step: 1557, train_loss: 0.183314
TORCHFORT::WANDB: model: critic_0, step: 1557, train_lr: 0.000298467
TORCHFORT::WANDB: model: actor, step: 1557, train_loss: -0.16867
TORCHFORT::WANDB: model: actor, step: 1557, train_lr: 0.000298467
TORCHFORT::WANDB: model: alpha, step: 1557, train_loss: -2.69256
TORCHFORT::WANDB: model: alpha, step: 1557, train_lr: 0.0001
TORCHFORT::WANDB: model: critic_0, step: 1558, train_loss: 0.107598
TORCHFORT::WANDB: model: critic_0, step: 1558, train_lr: 0.000298702
TORCHFORT::WANDB: model: actor, step: 1558, train_loss: -0.185174
TORCHFORT::WANDB: model: actor, step: 1558, train_lr: 0.000298702
TORCHFORT::WANDB: model: alpha, step: 1558, train_loss: -2.86084
TORCHFORT::WANDB: model: alpha, step: 1558, train_lr: 0.0001
TORCHFORT::WANDB: model: critic_0, step: 1559, train_loss: 0.0942331
TORCHFORT::WANDB: model: critic_0, step: 1559, train_lr: 0.000298936
TORCHFORT::WANDB: model: actor, step: 1559, train_loss: -0.175617
TORCHFORT::WANDB: model: actor, step: 1559, train_lr: 0.000298936
TORCHFORT::WANDB: model: alpha, step: 1559, train_loss: -2.80357
TORCHFORT::WANDB: model: alpha, step: 1559, train_lr: 0.0001
TORCHFORT::WANDB: model: critic_0, step: 1560, train_loss: 0.11146
TORCHFORT::WANDB: model: critic_0, step: 1560, train_lr: 0.000299171
TORCHFORT::WANDB: model: actor, step: 1560, train_loss: -0.195188
TORCHFORT::WANDB: model: actor, step: 1560, train_lr: 0.000299171
TORCHFORT::WANDB: model: alpha, step: 1560, train_loss: -2.84862
TORCHFORT::WANDB: model: alpha, step: 1560, train_lr: 0.0001
TORCHFORT::WANDB: model: critic_0, step: 1561, train_loss: 0.0811063
TORCHFORT::WANDB: model: critic_0, step: 1561, train_lr: 0.000299406
TORCHFORT::WANDB: model: actor, step: 1561, train_loss: -0.199593
TORCHFORT::WANDB: model: actor, step: 1561, train_lr: 0.000299406
TORCHFORT::WANDB: model: alpha, step: 1561, train_loss: -2.88952
TORCHFORT::WANDB: model: alpha, step: 1561, train_lr: 0.0001
TORCHFORT::WANDB: model: critic_0, step: 1562, train_loss: 0.0661471
TORCHFORT::WANDB: model: critic_0, step: 1562, train_lr: 0.000299641
TORCHFORT::WANDB: model: actor, step: 1562, train_loss: -0.214764
TORCHFORT::WANDB: model: actor, step: 1562, train_lr: 0.000299641
TORCHFORT::WANDB: model: alpha, step: 1562, train_loss: -2.88674
TORCHFORT::WANDB: model: alpha, step: 1562, train_lr: 0.0001
TORCHFORT::WANDB: model: critic_0, step: 1563, train_loss: 0.0772568
TORCHFORT::WANDB: model: critic_0, step: 1563, train_lr: 0.000299876
TORCHFORT::WANDB: model: actor, step: 1563, train_loss: -0.186226
TORCHFORT::WANDB: model: actor, step: 1563, train_lr: 0.000299876
TORCHFORT::WANDB: model: alpha, step: 1563, train_loss: -2.86025
TORCHFORT::WANDB: model: alpha, step: 1563, train_lr: 0.0001
TORCHFORT::WANDB: model: critic_0, step: 1564, train_loss: 0.0822357
TORCHFORT::WANDB: model: critic_0, step: 1564, train_lr: 0.000300111
TORCHFORT::WANDB: model: actor, step: 1564, train_loss: -0.180953
TORCHFORT::WANDB: model: actor, step: 1564, train_lr: 0.000300111
TORCHFORT::WANDB: model: alpha, step: 1564, train_loss: -2.77347
TORCHFORT::WANDB: model: alpha, step: 1564, train_lr: 0.0001
TORCHFORT::WANDB: model: critic_0, step: 1565, train_loss: 0.0867908
TORCHFORT::WANDB: model: critic_0, step: 1565, train_lr: 0.000300346
TORCHFORT::WANDB: model: actor, step: 1565, train_loss: -0.182861
TORCHFORT::WANDB: model: actor, step: 1565, train_lr: 0.000300346
TORCHFORT::WANDB: model: alpha, step: 1565, train_loss: -2.80258
TORCHFORT::WANDB: model: alpha, step: 1565, train_lr: 0.0001
TORCHFORT::WANDB: model: critic_0, step: 1566, train_loss: 0.159745
TORCHFORT::WANDB: model: critic_0, step: 1566, train_lr: 0.000300581
TORCHFORT::WANDB: model: actor, step: 1566, train_loss: -0.19873
TORCHFORT::WANDB: model: actor, step: 1566, train_lr: 0.000300581
TORCHFORT::WANDB: model: alpha, step: 1566, train_loss: -2.93956
TORCHFORT::WANDB: model: alpha, step: 1566, train_lr: 0.0001
TORCHFORT::WANDB: model: critic_0, step: 1567, train_loss: 0.109236
TORCHFORT::WANDB: model: critic_0, step: 1567, train_lr: 0.000300817
TORCHFORT::WANDB: model: actor, step: 1567, train_loss: -0.182998
TORCHFORT::WANDB: model: actor, step: 1567, train_lr: 0.000300817
TORCHFORT::WANDB: model: alpha, step: 1567, train_loss: -2.94585
TORCHFORT::WANDB: model: alpha, step: 1567, train_lr: 0.0001
TORCHFORT::WANDB: model: critic_0, step: 1568, train_loss: 0.210278
TORCHFORT::WANDB: model: critic_0, step: 1568, train_lr: 0.000301052
TORCHFORT::WANDB: model: actor, step: 1568, train_loss: -0.183366
TORCHFORT::WANDB: model: actor, step: 1568, train_lr: 0.000301052
TORCHFORT::WANDB: model: alpha, step: 1568, train_loss: -2.83709
TORCHFORT::WANDB: model: alpha, step: 1568, train_lr: 0.0001
TORCHFORT::WANDB: model: critic_0, step: 1569, train_loss: 0.104096
TORCHFORT::WANDB: model: critic_0, step: 1569, train_lr: 0.000301288
TORCHFORT::WANDB: model: actor, step: 1569, train_loss: -0.166753
TORCHFORT::WANDB: model: actor, step: 1569, train_lr: 0.000301288
TORCHFORT::WANDB: model: alpha, step: 1569, train_loss: -2.9009
TORCHFORT::WANDB: model: alpha, step: 1569, train_lr: 0.0001
TORCHFORT::WANDB: model: critic_0, step: 1570, train_loss: 0.174371
TORCHFORT::WANDB: model: critic_0, step: 1570, train_lr: 0.000301524
TORCHFORT::WANDB: model: actor, step: 1570, train_loss: -0.168477
TORCHFORT::WANDB: model: actor, step: 1570, train_lr: 0.000301524
TORCHFORT::WANDB: model: alpha, step: 1570, train_loss: -2.88439
TORCHFORT::WANDB: model: alpha, step: 1570, train_lr: 0.0001
TORCHFORT::WANDB: model: critic_0, step: 1571, train_loss: 0.106313
TORCHFORT::WANDB: model: critic_0, step: 1571, train_lr: 0.000301759
TORCHFORT::WANDB: model: actor, step: 1571, train_loss: -0.163017
TORCHFORT::WANDB: model: actor, step: 1571, train_lr: 0.000301759
TORCHFORT::WANDB: model: alpha, step: 1571, train_loss: -2.8006
TORCHFORT::WANDB: model: alpha, step: 1571, train_lr: 0.0001
TORCHFORT::WANDB: model: critic_0, step: 1572, train_loss: 0.085604
TORCHFORT::WANDB: model: critic_0, step: 1572, train_lr: 0.000301995
TORCHFORT::WANDB: model: actor, step: 1572, train_loss: -0.166096
TORCHFORT::WANDB: model: actor, step: 1572, train_lr: 0.000301995
TORCHFORT::WANDB: model: alpha, step: 1572, train_loss: -2.98355
TORCHFORT::WANDB: model: alpha, step: 1572, train_lr: 0.0001
TORCHFORT::WANDB: model: critic_0, step: 1573, train_loss: 0.10404
TORCHFORT::WANDB: model: critic_0, step: 1573, train_lr: 0.000302231
TORCHFORT::WANDB: model: actor, step: 1573, train_loss: -0.157511
TORCHFORT::WANDB: model: actor, step: 1573, train_lr: 0.000302231
TORCHFORT::WANDB: model: alpha, step: 1573, train_loss: -2.88638
TORCHFORT::WANDB: model: alpha, step: 1573, train_lr: 0.0001
TORCHFORT::WANDB: model: critic_0, step: 1574, train_loss: 0.120769
TORCHFORT::WANDB: model: critic_0, step: 1574, train_lr: 0.000302467
TORCHFORT::WANDB: model: actor, step: 1574, train_loss: -0.154764
TORCHFORT::WANDB: model: actor, step: 1574, train_lr: 0.000302467
TORCHFORT::WANDB: model: alpha, step: 1574, train_loss: -2.87102
TORCHFORT::WANDB: model: alpha, step: 1574, train_lr: 0.0001
TORCHFORT::WANDB: model: critic_0, step: 1575, train_loss: 0.108811
TORCHFORT::WANDB: model: critic_0, step: 1575, train_lr: 0.000302703
TORCHFORT::WANDB: model: actor, step: 1575, train_loss: -0.160464
TORCHFORT::WANDB: model: actor, step: 1575, train_lr: 0.000302703
TORCHFORT::WANDB: model: alpha, step: 1575, train_loss: -2.85765
TORCHFORT::WANDB: model: alpha, step: 1575, train_lr: 0.0001
TORCHFORT::WANDB: model: critic_0, step: 1576, train_loss: 0.119958
TORCHFORT::WANDB: model: critic_0, step: 1576, train_lr: 0.00030294
TORCHFORT::WANDB: model: actor, step: 1576, train_loss: -0.151364
TORCHFORT::WANDB: model: actor, step: 1576, train_lr: 0.00030294
TORCHFORT::WANDB: model: alpha, step: 1576, train_loss: -2.92193
TORCHFORT::WANDB: model: alpha, step: 1576, train_lr: 0.0001
TORCHFORT::WANDB: model: critic_0, step: 1577, train_loss: 0.0962938
TORCHFORT::WANDB: model: critic_0, step: 1577, train_lr: 0.000303176
TORCHFORT::WANDB: model: actor, step: 1577, train_loss: -0.159837
TORCHFORT::WANDB: model: actor, step: 1577, train_lr: 0.000303176
TORCHFORT::WANDB: model: alpha, step: 1577, train_loss: -2.84549
TORCHFORT::WANDB: model: alpha, step: 1577, train_lr: 0.0001
TORCHFORT::WANDB: model: critic_0, step: 1578, train_loss: 0.10921
TORCHFORT::WANDB: model: critic_0, step: 1578, train_lr: 0.000303413
TORCHFORT::WANDB: model: actor, step: 1578, train_loss: -0.157769
TORCHFORT::WANDB: model: actor, step: 1578, train_lr: 0.000303413
TORCHFORT::WANDB: model: alpha, step: 1578, train_loss: -2.86038
TORCHFORT::WANDB: model: alpha, step: 1578, train_lr: 0.0001
TORCHFORT::WANDB: model: critic_0, step: 1579, train_loss: 0.0675988
TORCHFORT::WANDB: model: critic_0, step: 1579, train_lr: 0.000303649
TORCHFORT::WANDB: model: actor, step: 1579, train_loss: -0.165471
TORCHFORT::WANDB: model: actor, step: 1579, train_lr: 0.000303649
TORCHFORT::WANDB: model: alpha, step: 1579, train_loss: -2.87414
TORCHFORT::WANDB: model: alpha, step: 1579, train_lr: 0.0001
TORCHFORT::WANDB: model: critic_0, step: 1580, train_loss: 0.0964099
TORCHFORT::WANDB: model: critic_0, step: 1580, train_lr: 0.000303886
TORCHFORT::WANDB: model: actor, step: 1580, train_loss: -0.157324
TORCHFORT::WANDB: model: actor, step: 1580, train_lr: 0.000303886
TORCHFORT::WANDB: model: alpha, step: 1580, train_loss: -2.77659
TORCHFORT::WANDB: model: alpha, step: 1580, train_lr: 0.0001
TORCHFORT::WANDB: model: critic_0, step: 1581, train_loss: 0.124172
TORCHFORT::WANDB: model: critic_0, step: 1581, train_lr: 0.000304123
TORCHFORT::WANDB: model: actor, step: 1581, train_loss: -0.136377
TORCHFORT::WANDB: model: actor, step: 1581, train_lr: 0.000304123
TORCHFORT::WANDB: model: alpha, step: 1581, train_loss: -2.97265
TORCHFORT::WANDB: model: alpha, step: 1581, train_lr: 0.0001
TORCHFORT::WANDB: model: critic_0, step: 1582, train_loss: 0.0663684
TORCHFORT::WANDB: model: critic_0, step: 1582, train_lr: 0.000304359
TORCHFORT::WANDB: model: actor, step: 1582, train_loss: -0.166092
TORCHFORT::WANDB: model: actor, step: 1582, train_lr: 0.000304359
TORCHFORT::WANDB: model: alpha, step: 1582, train_loss: -2.83327
TORCHFORT::WANDB: model: alpha, step: 1582, train_lr: 0.0001
TORCHFORT::WANDB: model: critic_0, step: 1583, train_loss: 0.0907768
TORCHFORT::WANDB: model: critic_0, step: 1583, train_lr: 0.000304596
TORCHFORT::WANDB: model: actor, step: 1583, train_loss: -0.175215
TORCHFORT::WANDB: model: actor, step: 1583, train_lr: 0.000304596
TORCHFORT::WANDB: model: alpha, step: 1583, train_loss: -2.94117
TORCHFORT::WANDB: model: alpha, step: 1583, train_lr: 0.0001
TORCHFORT::WANDB: model: critic_0, step: 1584, train_loss: 0.15972
TORCHFORT::WANDB: model: critic_0, step: 1584, train_lr: 0.000304833
TORCHFORT::WANDB: model: actor, step: 1584, train_loss: -0.180693
TORCHFORT::WANDB: model: actor, step: 1584, train_lr: 0.000304833
TORCHFORT::WANDB: model: alpha, step: 1584, train_loss: -2.90151
TORCHFORT::WANDB: model: alpha, step: 1584, train_lr: 0.0001
TORCHFORT::WANDB: model: critic_0, step: 1585, train_loss: 0.150709
TORCHFORT::WANDB: model: critic_0, step: 1585, train_lr: 0.000305071
TORCHFORT::WANDB: model: actor, step: 1585, train_loss: -0.167825
TORCHFORT::WANDB: model: actor, step: 1585, train_lr: 0.000305071
TORCHFORT::WANDB: model: alpha, step: 1585, train_loss: -2.97775
TORCHFORT::WANDB: model: alpha, step: 1585, train_lr: 0.0001
TORCHFORT::WANDB: model: critic_0, step: 1586, train_loss: 0.0987434
TORCHFORT::WANDB: model: critic_0, step: 1586, train_lr: 0.000305308
TORCHFORT::WANDB: model: actor, step: 1586, train_loss: -0.176068
TORCHFORT::WANDB: model: actor, step: 1586, train_lr: 0.000305308
TORCHFORT::WANDB: model: alpha, step: 1586, train_loss: -2.91591
TORCHFORT::WANDB: model: alpha, step: 1586, train_lr: 0.0001
TORCHFORT::WANDB: model: critic_0, step: 1587, train_loss: 0.0896703
TORCHFORT::WANDB: model: critic_0, step: 1587, train_lr: 0.000305545
TORCHFORT::WANDB: model: actor, step: 1587, train_loss: -0.184112
TORCHFORT::WANDB: model: actor, step: 1587, train_lr: 0.000305545
TORCHFORT::WANDB: model: alpha, step: 1587, train_loss: -2.82938
TORCHFORT::WANDB: model: alpha, step: 1587, train_lr: 0.0001
TORCHFORT::WANDB: model: critic_0, step: 1588, train_loss: 0.087896
TORCHFORT::WANDB: model: critic_0, step: 1588, train_lr: 0.000305783
TORCHFORT::WANDB: model: actor, step: 1588, train_loss: -0.194409
TORCHFORT::WANDB: model: actor, step: 1588, train_lr: 0.000305783
TORCHFORT::WANDB: model: alpha, step: 1588, train_loss: -2.85217
TORCHFORT::WANDB: model: alpha, step: 1588, train_lr: 0.0001
TORCHFORT::WANDB: model: critic_0, step: 1589, train_loss: 0.139522
TORCHFORT::WANDB: model: critic_0, step: 1589, train_lr: 0.00030602
TORCHFORT::WANDB: model: actor, step: 1589, train_loss: -0.190797
TORCHFORT::WANDB: model: actor, step: 1589, train_lr: 0.00030602
TORCHFORT::WANDB: model: alpha, step: 1589, train_loss: -2.89139
TORCHFORT::WANDB: model: alpha, step: 1589, train_lr: 0.0001
TORCHFORT::WANDB: model: critic_0, step: 1590, train_loss: 0.0718931
TORCHFORT::WANDB: model: critic_0, step: 1590, train_lr: 0.000306258
TORCHFORT::WANDB: model: actor, step: 1590, train_loss: -0.18094
TORCHFORT::WANDB: model: actor, step: 1590, train_lr: 0.000306258
TORCHFORT::WANDB: model: alpha, step: 1590, train_loss: -2.9444
TORCHFORT::WANDB: model: alpha, step: 1590, train_lr: 0.0001
TORCHFORT::WANDB: model: critic_0, step: 1591, train_loss: 0.134503
TORCHFORT::WANDB: model: critic_0, step: 1591, train_lr: 0.000306495
TORCHFORT::WANDB: model: actor, step: 1591, train_loss: -0.177958
TORCHFORT::WANDB: model: actor, step: 1591, train_lr: 0.000306495
TORCHFORT::WANDB: model: alpha, step: 1591, train_loss: -2.8926
TORCHFORT::WANDB: model: alpha, step: 1591, train_lr: 0.0001
TORCHFORT::WANDB: model: critic_0, step: 1592, train_loss: 0.123025
TORCHFORT::WANDB: model: critic_0, step: 1592, train_lr: 0.000306733
TORCHFORT::WANDB: model: actor, step: 1592, train_loss: -0.190979
TORCHFORT::WANDB: model: actor, step: 1592, train_lr: 0.000306733
TORCHFORT::WANDB: model: alpha, step: 1592, train_loss: -2.82931
TORCHFORT::WANDB: model: alpha, step: 1592, train_lr: 0.0001
TORCHFORT::WANDB: model: critic_0, step: 1593, train_loss: 0.122419
TORCHFORT::WANDB: model: critic_0, step: 1593, train_lr: 0.000306971
TORCHFORT::WANDB: model: actor, step: 1593, train_loss: -0.187755
TORCHFORT::WANDB: model: actor, step: 1593, train_lr: 0.000306971
TORCHFORT::WANDB: model: alpha, step: 1593, train_loss: -2.86403
TORCHFORT::WANDB: model: alpha, step: 1593, train_lr: 0.0001
TORCHFORT::WANDB: model: critic_0, step: 1594, train_loss: 0.125759
TORCHFORT::WANDB: model: critic_0, step: 1594, train_lr: 0.000307209
TORCHFORT::WANDB: model: actor, step: 1594, train_loss: -0.167343
TORCHFORT::WANDB: model: actor, step: 1594, train_lr: 0.000307209
TORCHFORT::WANDB: model: alpha, step: 1594, train_loss: -2.87678
TORCHFORT::WANDB: model: alpha, step: 1594, train_lr: 0.0001
TORCHFORT::WANDB: model: critic_0, step: 1595, train_loss: 0.108647
TORCHFORT::WANDB: model: critic_0, step: 1595, train_lr: 0.000307447
TORCHFORT::WANDB: model: actor, step: 1595, train_loss: -0.161259
TORCHFORT::WANDB: model: actor, step: 1595, train_lr: 0.000307447
TORCHFORT::WANDB: model: alpha, step: 1595, train_loss: -2.83476
TORCHFORT::WANDB: model: alpha, step: 1595, train_lr: 0.0001
TORCHFORT::WANDB: model: critic_0, step: 1596, train_loss: 0.101931
TORCHFORT::WANDB: model: critic_0, step: 1596, train_lr: 0.000307685
TORCHFORT::WANDB: model: actor, step: 1596, train_loss: -0.171111
TORCHFORT::WANDB: model: actor, step: 1596, train_lr: 0.000307685
TORCHFORT::WANDB: model: alpha, step: 1596, train_loss: -2.96962
TORCHFORT::WANDB: model: alpha, step: 1596, train_lr: 0.0001
TORCHFORT::WANDB: model: critic_0, step: 1597, train_loss: 0.131534
TORCHFORT::WANDB: model: critic_0, step: 1597, train_lr: 0.000307924
TORCHFORT::WANDB: model: actor, step: 1597, train_loss: -0.173929
TORCHFORT::WANDB: model: actor, step: 1597, train_lr: 0.000307924
TORCHFORT::WANDB: model: alpha, step: 1597, train_loss: -2.88469
TORCHFORT::WANDB: model: alpha, step: 1597, train_lr: 0.0001
TORCHFORT::WANDB: model: critic_0, step: 1598, train_loss: 0.0889327
TORCHFORT::WANDB: model: critic_0, step: 1598, train_lr: 0.000308162
TORCHFORT::WANDB: model: actor, step: 1598, train_loss: -0.164044
TORCHFORT::WANDB: model: actor, step: 1598, train_lr: 0.000308162
TORCHFORT::WANDB: model: alpha, step: 1598, train_loss: -2.78192
TORCHFORT::WANDB: model: alpha, step: 1598, train_lr: 0.0001
TORCHFORT::WANDB: model: critic_0, step: 1599, train_loss: 0.138002
TORCHFORT::WANDB: model: critic_0, step: 1599, train_lr: 0.000308401
TORCHFORT::WANDB: model: actor, step: 1599, train_loss: -0.176572
TORCHFORT::WANDB: model: actor, step: 1599, train_lr: 0.000308401
TORCHFORT::WANDB: model: alpha, step: 1599, train_loss: -2.80143
TORCHFORT::WANDB: model: alpha, step: 1599, train_lr: 0.0001
TORCHFORT::WANDB: model: critic_0, step: 1600, train_loss: 0.0686062
TORCHFORT::WANDB: model: critic_0, step: 1600, train_lr: 0.000308639
TORCHFORT::WANDB: model: actor, step: 1600, train_loss: -0.1677
TORCHFORT::WANDB: model: actor, step: 1600, train_lr: 0.000308639
TORCHFORT::WANDB: model: alpha, step: 1600, train_loss: -2.82106
TORCHFORT::WANDB: model: alpha, step: 1600, train_lr: 0.0001
TORCHFORT::WANDB: model: rlwm, step: 16, reward_sum: 2291.49
TORCHFORT::WANDB: model: rlwm, step: 16, policy_loss: -0.1677
TORCHFORT::WANDB: model: rlwm, step: 16, critic_loss: 0.0686062
TORCHFORT::WANDB: model: critic_0, step: 1601, train_loss: 0.125724
TORCHFORT::WANDB: model: critic_0, step: 1601, train_lr: 0.000308878
TORCHFORT::WANDB: model: actor, step: 1601, train_loss: -0.166219
TORCHFORT::WANDB: model: actor, step: 1601, train_lr: 0.000308878
TORCHFORT::WANDB: model: alpha, step: 1601, train_loss: -2.84857
TORCHFORT::WANDB: model: alpha, step: 1601, train_lr: 0.0001
TORCHFORT::WANDB: model: critic_0, step: 1602, train_loss: 0.12628
TORCHFORT::WANDB: model: critic_0, step: 1602, train_lr: 0.000309117
TORCHFORT::WANDB: model: actor, step: 1602, train_loss: -0.165303
TORCHFORT::WANDB: model: actor, step: 1602, train_lr: 0.000309117
TORCHFORT::WANDB: model: alpha, step: 1602, train_loss: -2.85581
TORCHFORT::WANDB: model: alpha, step: 1602, train_lr: 0.0001
TORCHFORT::WANDB: model: critic_0, step: 1603, train_loss: 0.0943128
TORCHFORT::WANDB: model: critic_0, step: 1603, train_lr: 0.000309356
TORCHFORT::WANDB: model: actor, step: 1603, train_loss: -0.165084
TORCHFORT::WANDB: model: actor, step: 1603, train_lr: 0.000309356
TORCHFORT::WANDB: model: alpha, step: 1603, train_loss: -2.79914
TORCHFORT::WANDB: model: alpha, step: 1603, train_lr: 0.0001
TORCHFORT::WANDB: model: critic_0, step: 1604, train_loss: 0.0722988
TORCHFORT::WANDB: model: critic_0, step: 1604, train_lr: 0.000309595
TORCHFORT::WANDB: model: actor, step: 1604, train_loss: -0.181154
TORCHFORT::WANDB: model: actor, step: 1604, train_lr: 0.000309595
TORCHFORT::WANDB: model: alpha, step: 1604, train_loss: -2.93955
TORCHFORT::WANDB: model: alpha, step: 1604, train_lr: 0.0001
TORCHFORT::WANDB: model: critic_0, step: 1605, train_loss: 0.165903
TORCHFORT::WANDB: model: critic_0, step: 1605, train_lr: 0.000309834
TORCHFORT::WANDB: model: actor, step: 1605, train_loss: -0.178243
TORCHFORT::WANDB: model: actor, step: 1605, train_lr: 0.000309834
TORCHFORT::WANDB: model: alpha, step: 1605, train_loss: -2.86686
TORCHFORT::WANDB: model: alpha, step: 1605, train_lr: 0.0001
TORCHFORT::WANDB: model: critic_0, step: 1606, train_loss: 0.143685
TORCHFORT::WANDB: model: critic_0, step: 1606, train_lr: 0.000310073
TORCHFORT::WANDB: model: actor, step: 1606, train_loss: -0.163148
TORCHFORT::WANDB: model: actor, step: 1606, train_lr: 0.000310073
TORCHFORT::WANDB: model: alpha, step: 1606, train_loss: -2.92361
TORCHFORT::WANDB: model: alpha, step: 1606, train_lr: 0.0001
TORCHFORT::WANDB: model: critic_0, step: 1607, train_loss: 0.0813843
TORCHFORT::WANDB: model: critic_0, step: 1607, train_lr: 0.000310312
TORCHFORT::WANDB: model: actor, step: 1607, train_loss: -0.171697
TORCHFORT::WANDB: model: actor, step: 1607, train_lr: 0.000310312
TORCHFORT::WANDB: model: alpha, step: 1607, train_loss: -2.97462
TORCHFORT::WANDB: model: alpha, step: 1607, train_lr: 0.0001
TORCHFORT::WANDB: model: critic_0, step: 1608, train_loss: 0.111271
TORCHFORT::WANDB: model: critic_0, step: 1608, train_lr: 0.000310551
TORCHFORT::WANDB: model: actor, step: 1608, train_loss: -0.165774
TORCHFORT::WANDB: model: actor, step: 1608, train_lr: 0.000310551
TORCHFORT::WANDB: model: alpha, step: 1608, train_loss: -2.85767
TORCHFORT::WANDB: model: alpha, step: 1608, train_lr: 0.0001
TORCHFORT::WANDB: model: critic_0, step: 1609, train_loss: 0.0933262
TORCHFORT::WANDB: model: critic_0, step: 1609, train_lr: 0.000310791
TORCHFORT::WANDB: model: actor, step: 1609, train_loss: -0.178055
TORCHFORT::WANDB: model: actor, step: 1609, train_lr: 0.000310791
TORCHFORT::WANDB: model: alpha, step: 1609, train_loss: -2.83648
TORCHFORT::WANDB: model: alpha, step: 1609, train_lr: 0.0001
TORCHFORT::WANDB: model: critic_0, step: 1610, train_loss: 0.100526
TORCHFORT::WANDB: model: critic_0, step: 1610, train_lr: 0.00031103
TORCHFORT::WANDB: model: actor, step: 1610, train_loss: -0.180207
TORCHFORT::WANDB: model: actor, step: 1610, train_lr: 0.00031103
TORCHFORT::WANDB: model: alpha, step: 1610, train_loss: -2.87921
TORCHFORT::WANDB: model: alpha, step: 1610, train_lr: 0.0001
TORCHFORT::WANDB: model: critic_0, step: 1611, train_loss: 0.11218
TORCHFORT::WANDB: model: critic_0, step: 1611, train_lr: 0.00031127
TORCHFORT::WANDB: model: actor, step: 1611, train_loss: -0.188123
TORCHFORT::WANDB: model: actor, step: 1611, train_lr: 0.00031127
TORCHFORT::WANDB: model: alpha, step: 1611, train_loss: -2.96616
TORCHFORT::WANDB: model: alpha, step: 1611, train_lr: 0.0001
TORCHFORT::WANDB: model: critic_0, step: 1612, train_loss: 0.109636
TORCHFORT::WANDB: model: critic_0, step: 1612, train_lr: 0.00031151
TORCHFORT::WANDB: model: actor, step: 1612, train_loss: -0.17288
TORCHFORT::WANDB: model: actor, step: 1612, train_lr: 0.00031151
TORCHFORT::WANDB: model: alpha, step: 1612, train_loss: -2.78281
TORCHFORT::WANDB: model: alpha, step: 1612, train_lr: 0.0001
TORCHFORT::WANDB: model: critic_0, step: 1613, train_loss: 0.141825
TORCHFORT::WANDB: model: critic_0, step: 1613, train_lr: 0.00031175
TORCHFORT::WANDB: model: actor, step: 1613, train_loss: -0.186736
TORCHFORT::WANDB: model: actor, step: 1613, train_lr: 0.00031175
TORCHFORT::WANDB: model: alpha, step: 1613, train_loss: -2.97122
TORCHFORT::WANDB: model: alpha, step: 1613, train_lr: 0.0001
TORCHFORT::WANDB: model: critic_0, step: 1614, train_loss: 0.131031
TORCHFORT::WANDB: model: critic_0, step: 1614, train_lr: 0.000311989
TORCHFORT::WANDB: model: actor, step: 1614, train_loss: -0.191968
TORCHFORT::WANDB: model: actor, step: 1614, train_lr: 0.000311989
TORCHFORT::WANDB: model: alpha, step: 1614, train_loss: -2.97587
TORCHFORT::WANDB: model: alpha, step: 1614, train_lr: 0.0001
TORCHFORT::WANDB: model: critic_0, step: 1615, train_loss: 0.149932
TORCHFORT::WANDB: model: critic_0, step: 1615, train_lr: 0.000312229
TORCHFORT::WANDB: model: actor, step: 1615, train_loss: -0.182092
TORCHFORT::WANDB: model: actor, step: 1615, train_lr: 0.000312229
TORCHFORT::WANDB: model: alpha, step: 1615, train_loss: -2.8505
TORCHFORT::WANDB: model: alpha, step: 1615, train_lr: 0.0001
TORCHFORT::WANDB: model: critic_0, step: 1616, train_loss: 0.157927
TORCHFORT::WANDB: model: critic_0, step: 1616, train_lr: 0.00031247
TORCHFORT::WANDB: model: actor, step: 1616, train_loss: -0.176008
TORCHFORT::WANDB: model: actor, step: 1616, train_lr: 0.00031247
TORCHFORT::WANDB: model: alpha, step: 1616, train_loss: -2.9068
TORCHFORT::WANDB: model: alpha, step: 1616, train_lr: 0.0001
TORCHFORT::WANDB: model: critic_0, step: 1617, train_loss: 0.0716431
TORCHFORT::WANDB: model: critic_0, step: 1617, train_lr: 0.00031271
TORCHFORT::WANDB: model: actor, step: 1617, train_loss: -0.191705
TORCHFORT::WANDB: model: actor, step: 1617, train_lr: 0.00031271
TORCHFORT::WANDB: model: alpha, step: 1617, train_loss: -2.93016
TORCHFORT::WANDB: model: alpha, step: 1617, train_lr: 0.0001
TORCHFORT::WANDB: model: critic_0, step: 1618, train_loss: 0.110716
TORCHFORT::WANDB: model: critic_0, step: 1618, train_lr: 0.00031295
TORCHFORT::WANDB: model: actor, step: 1618, train_loss: -0.190588
TORCHFORT::WANDB: model: actor, step: 1618, train_lr: 0.00031295
TORCHFORT::WANDB: model: alpha, step: 1618, train_loss: -2.87142
TORCHFORT::WANDB: model: alpha, step: 1618, train_lr: 0.0001
TORCHFORT::WANDB: model: critic_0, step: 1619, train_loss: 0.10823
TORCHFORT::WANDB: model: critic_0, step: 1619, train_lr: 0.00031319
TORCHFORT::WANDB: model: actor, step: 1619, train_loss: -0.19505
TORCHFORT::WANDB: model: actor, step: 1619, train_lr: 0.00031319
TORCHFORT::WANDB: model: alpha, step: 1619, train_loss: -2.85991
TORCHFORT::WANDB: model: alpha, step: 1619, train_lr: 0.0001
TORCHFORT::WANDB: model: critic_0, step: 1620, train_loss: 0.144855
TORCHFORT::WANDB: model: critic_0, step: 1620, train_lr: 0.000313431
TORCHFORT::WANDB: model: actor, step: 1620, train_loss: -0.183549
TORCHFORT::WANDB: model: actor, step: 1620, train_lr: 0.000313431
TORCHFORT::WANDB: model: alpha, step: 1620, train_loss: -2.88097
TORCHFORT::WANDB: model: alpha, step: 1620, train_lr: 0.0001
TORCHFORT::WANDB: model: critic_0, step: 1621, train_loss: 0.0960475
TORCHFORT::WANDB: model: critic_0, step: 1621, train_lr: 0.000313671
TORCHFORT::WANDB: model: actor, step: 1621, train_loss: -0.199051
TORCHFORT::WANDB: model: actor, step: 1621, train_lr: 0.000313671
TORCHFORT::WANDB: model: alpha, step: 1621, train_loss: -2.93194
TORCHFORT::WANDB: model: alpha, step: 1621, train_lr: 0.0001
TORCHFORT::WANDB: model: critic_0, step: 1622, train_loss: 0.133955
TORCHFORT::WANDB: model: critic_0, step: 1622, train_lr: 0.000313912
TORCHFORT::WANDB: model: actor, step: 1622, train_loss: -0.190778
TORCHFORT::WANDB: model: actor, step: 1622, train_lr: 0.000313912
TORCHFORT::WANDB: model: alpha, step: 1622, train_loss: -2.94214
TORCHFORT::WANDB: model: alpha, step: 1622, train_lr: 0.0001
TORCHFORT::WANDB: model: critic_0, step: 1623, train_loss: 0.0902713
TORCHFORT::WANDB: model: critic_0, step: 1623, train_lr: 0.000314153
TORCHFORT::WANDB: model: actor, step: 1623, train_loss: -0.185662
TORCHFORT::WANDB: model: actor, step: 1623, train_lr: 0.000314153
TORCHFORT::WANDB: model: alpha, step: 1623, train_loss: -2.84859
TORCHFORT::WANDB: model: alpha, step: 1623, train_lr: 0.0001
TORCHFORT::WANDB: model: critic_0, step: 1624, train_loss: 0.1294
TORCHFORT::WANDB: model: critic_0, step: 1624, train_lr: 0.000314394
TORCHFORT::WANDB: model: actor, step: 1624, train_loss: -0.177203
TORCHFORT::WANDB: model: actor, step: 1624, train_lr: 0.000314394
TORCHFORT::WANDB: model: alpha, step: 1624, train_loss: -2.92294
TORCHFORT::WANDB: model: alpha, step: 1624, train_lr: 0.0001
TORCHFORT::WANDB: model: critic_0, step: 1625, train_loss: 0.181828
TORCHFORT::WANDB: model: critic_0, step: 1625, train_lr: 0.000314635
TORCHFORT::WANDB: model: actor, step: 1625, train_loss: -0.180514
TORCHFORT::WANDB: model: actor, step: 1625, train_lr: 0.000314635
TORCHFORT::WANDB: model: alpha, step: 1625, train_loss: -2.86865
TORCHFORT::WANDB: model: alpha, step: 1625, train_lr: 0.0001
TORCHFORT::WANDB: model: critic_0, step: 1626, train_loss: 0.0631963
TORCHFORT::WANDB: model: critic_0, step: 1626, train_lr: 0.000314876
TORCHFORT::WANDB: model: actor, step: 1626, train_loss: -0.175578
TORCHFORT::WANDB: model: actor, step: 1626, train_lr: 0.000314876
TORCHFORT::WANDB: model: alpha, step: 1626, train_loss: -2.88014
TORCHFORT::WANDB: model: alpha, step: 1626, train_lr: 0.0001
TORCHFORT::WANDB: model: critic_0, step: 1627, train_loss: 0.0968
TORCHFORT::WANDB: model: critic_0, step: 1627, train_lr: 0.000315117
TORCHFORT::WANDB: model: actor, step: 1627, train_loss: -0.172958
TORCHFORT::WANDB: model: actor, step: 1627, train_lr: 0.000315117
TORCHFORT::WANDB: model: alpha, step: 1627, train_loss: -2.9946
TORCHFORT::WANDB: model: alpha, step: 1627, train_lr: 0.0001
TORCHFORT::WANDB: model: critic_0, step: 1628, train_loss: 0.0950122
TORCHFORT::WANDB: model: critic_0, step: 1628, train_lr: 0.000315358
TORCHFORT::WANDB: model: actor, step: 1628, train_loss: -0.159004
TORCHFORT::WANDB: model: actor, step: 1628, train_lr: 0.000315358
TORCHFORT::WANDB: model: alpha, step: 1628, train_loss: -2.91528
TORCHFORT::WANDB: model: alpha, step: 1628, train_lr: 0.0001
TORCHFORT::WANDB: model: critic_0, step: 1629, train_loss: 0.0852705
TORCHFORT::WANDB: model: critic_0, step: 1629, train_lr: 0.000315599
TORCHFORT::WANDB: model: actor, step: 1629, train_loss: -0.15659
TORCHFORT::WANDB: model: actor, step: 1629, train_lr: 0.000315599
TORCHFORT::WANDB: model: alpha, step: 1629, train_loss: -2.83611
TORCHFORT::WANDB: model: alpha, step: 1629, train_lr: 0.0001
TORCHFORT::WANDB: model: critic_0, step: 1630, train_loss: 0.075452
TORCHFORT::WANDB: model: critic_0, step: 1630, train_lr: 0.000315841
TORCHFORT::WANDB: model: actor, step: 1630, train_loss: -0.177976
TORCHFORT::WANDB: model: actor, step: 1630, train_lr: 0.000315841
TORCHFORT::WANDB: model: alpha, step: 1630, train_loss: -2.94843
TORCHFORT::WANDB: model: alpha, step: 1630, train_lr: 0.0001
TORCHFORT::WANDB: model: critic_0, step: 1631, train_loss: 0.113712
TORCHFORT::WANDB: model: critic_0, step: 1631, train_lr: 0.000316082
TORCHFORT::WANDB: model: actor, step: 1631, train_loss: -0.169612
TORCHFORT::WANDB: model: actor, step: 1631, train_lr: 0.000316082
TORCHFORT::WANDB: model: alpha, step: 1631, train_loss: -2.90559
TORCHFORT::WANDB: model: alpha, step: 1631, train_lr: 0.0001
TORCHFORT::WANDB: model: critic_0, step: 1632, train_loss: 0.150922
TORCHFORT::WANDB: model: critic_0, step: 1632, train_lr: 0.000316324
TORCHFORT::WANDB: model: actor, step: 1632, train_loss: -0.18547
TORCHFORT::WANDB: model: actor, step: 1632, train_lr: 0.000316324
TORCHFORT::WANDB: model: alpha, step: 1632, train_loss: -2.8448
TORCHFORT::WANDB: model: alpha, step: 1632, train_lr: 0.0001
TORCHFORT::WANDB: model: critic_0, step: 1633, train_loss: 0.0954611
TORCHFORT::WANDB: model: critic_0, step: 1633, train_lr: 0.000316565
TORCHFORT::WANDB: model: actor, step: 1633, train_loss: -0.173304
TORCHFORT::WANDB: model: actor, step: 1633, train_lr: 0.000316565
TORCHFORT::WANDB: model: alpha, step: 1633, train_loss: -2.79066
TORCHFORT::WANDB: model: alpha, step: 1633, train_lr: 0.0001
TORCHFORT::WANDB: model: critic_0, step: 1634, train_loss: 0.121636
TORCHFORT::WANDB: model: critic_0, step: 1634, train_lr: 0.000316807
TORCHFORT::WANDB: model: actor, step: 1634, train_loss: -0.181565
TORCHFORT::WANDB: model: actor, step: 1634, train_lr: 0.000316807
TORCHFORT::WANDB: model: alpha, step: 1634, train_loss: -2.92855
TORCHFORT::WANDB: model: alpha, step: 1634, train_lr: 0.0001
TORCHFORT::WANDB: model: critic_0, step: 1635, train_loss: 0.164746
TORCHFORT::WANDB: model: critic_0, step: 1635, train_lr: 0.000317049
TORCHFORT::WANDB: model: actor, step: 1635, train_loss: -0.181178
TORCHFORT::WANDB: model: actor, step: 1635, train_lr: 0.000317049
TORCHFORT::WANDB: model: alpha, step: 1635, train_loss: -2.79377
TORCHFORT::WANDB: model: alpha, step: 1635, train_lr: 0.0001
TORCHFORT::WANDB: model: critic_0, step: 1636, train_loss: 0.118231
TORCHFORT::WANDB: model: critic_0, step: 1636, train_lr: 0.000317291
TORCHFORT::WANDB: model: actor, step: 1636, train_loss: -0.189301
TORCHFORT::WANDB: model: actor, step: 1636, train_lr: 0.000317291
TORCHFORT::WANDB: model: alpha, step: 1636, train_loss: -2.88875
TORCHFORT::WANDB: model: alpha, step: 1636, train_lr: 0.0001
TORCHFORT::WANDB: model: critic_0, step: 1637, train_loss: 0.116214
TORCHFORT::WANDB: model: critic_0, step: 1637, train_lr: 0.000317533
TORCHFORT::WANDB: model: actor, step: 1637, train_loss: -0.190756
TORCHFORT::WANDB: model: actor, step: 1637, train_lr: 0.000317533
TORCHFORT::WANDB: model: alpha, step: 1637, train_loss: -2.94329
TORCHFORT::WANDB: model: alpha, step: 1637, train_lr: 0.0001
TORCHFORT::WANDB: model: critic_0, step: 1638, train_loss: 0.109113
TORCHFORT::WANDB: model: critic_0, step: 1638, train_lr: 0.000317775
TORCHFORT::WANDB: model: actor, step: 1638, train_loss: -0.187966
TORCHFORT::WANDB: model: actor, step: 1638, train_lr: 0.000317775
TORCHFORT::WANDB: model: alpha, step: 1638, train_loss: -2.82563
TORCHFORT::WANDB: model: alpha, step: 1638, train_lr: 0.0001
TORCHFORT::WANDB: model: critic_0, step: 1639, train_loss: 0.160886
TORCHFORT::WANDB: model: critic_0, step: 1639, train_lr: 0.000318017
TORCHFORT::WANDB: model: actor, step: 1639, train_loss: -0.209085
TORCHFORT::WANDB: model: actor, step: 1639, train_lr: 0.000318017
TORCHFORT::WANDB: model: alpha, step: 1639, train_loss: -2.95559
TORCHFORT::WANDB: model: alpha, step: 1639, train_lr: 0.0001
TORCHFORT::WANDB: model: critic_0, step: 1640, train_loss: 0.112802
TORCHFORT::WANDB: model: critic_0, step: 1640, train_lr: 0.00031826
TORCHFORT::WANDB: model: actor, step: 1640, train_loss: -0.191575
TORCHFORT::WANDB: model: actor, step: 1640, train_lr: 0.00031826
TORCHFORT::WANDB: model: alpha, step: 1640, train_loss: -2.91353
TORCHFORT::WANDB: model: alpha, step: 1640, train_lr: 0.0001
TORCHFORT::WANDB: model: critic_0, step: 1641, train_loss: 0.0952623
TORCHFORT::WANDB: model: critic_0, step: 1641, train_lr: 0.000318502
TORCHFORT::WANDB: model: actor, step: 1641, train_loss: -0.192992
TORCHFORT::WANDB: model: actor, step: 1641, train_lr: 0.000318502
TORCHFORT::WANDB: model: alpha, step: 1641, train_loss: -2.93112
TORCHFORT::WANDB: model: alpha, step: 1641, train_lr: 0.0001
TORCHFORT::WANDB: model: critic_0, step: 1642, train_loss: 0.103467
TORCHFORT::WANDB: model: critic_0, step: 1642, train_lr: 0.000318745
TORCHFORT::WANDB: model: actor, step: 1642, train_loss: -0.191878
TORCHFORT::WANDB: model: actor, step: 1642, train_lr: 0.000318745
TORCHFORT::WANDB: model: alpha, step: 1642, train_loss: -2.90019
TORCHFORT::WANDB: model: alpha, step: 1642, train_lr: 0.0001
TORCHFORT::WANDB: model: critic_0, step: 1643, train_loss: 0.0960578
TORCHFORT::WANDB: model: critic_0, step: 1643, train_lr: 0.000318987
TORCHFORT::WANDB: model: actor, step: 1643, train_loss: -0.167525
TORCHFORT::WANDB: model: actor, step: 1643, train_lr: 0.000318987
TORCHFORT::WANDB: model: alpha, step: 1643, train_loss: -2.83784
TORCHFORT::WANDB: model: alpha, step: 1643, train_lr: 0.0001
TORCHFORT::WANDB: model: critic_0, step: 1644, train_loss: 0.103477
TORCHFORT::WANDB: model: critic_0, step: 1644, train_lr: 0.00031923
TORCHFORT::WANDB: model: actor, step: 1644, train_loss: -0.168716
TORCHFORT::WANDB: model: actor, step: 1644, train_lr: 0.00031923
TORCHFORT::WANDB: model: alpha, step: 1644, train_loss: -2.85891
TORCHFORT::WANDB: model: alpha, step: 1644, train_lr: 0.0001
TORCHFORT::WANDB: model: critic_0, step: 1645, train_loss: 0.138253
TORCHFORT::WANDB: model: critic_0, step: 1645, train_lr: 0.000319473
TORCHFORT::WANDB: model: actor, step: 1645, train_loss: -0.168364
TORCHFORT::WANDB: model: actor, step: 1645, train_lr: 0.000319473
TORCHFORT::WANDB: model: alpha, step: 1645, train_loss: -2.87145
TORCHFORT::WANDB: model: alpha, step: 1645, train_lr: 0.0001
TORCHFORT::WANDB: model: critic_0, step: 1646, train_loss: 0.0662542
TORCHFORT::WANDB: model: critic_0, step: 1646, train_lr: 0.000319716
TORCHFORT::WANDB: model: actor, step: 1646, train_loss: -0.163027
TORCHFORT::WANDB: model: actor, step: 1646, train_lr: 0.000319716
TORCHFORT::WANDB: model: alpha, step: 1646, train_loss: -2.92688
TORCHFORT::WANDB: model: alpha, step: 1646, train_lr: 0.0001
TORCHFORT::WANDB: model: critic_0, step: 1647, train_loss: 0.113195
TORCHFORT::WANDB: model: critic_0, step: 1647, train_lr: 0.000319959
TORCHFORT::WANDB: model: actor, step: 1647, train_loss: -0.157861
TORCHFORT::WANDB: model: actor, step: 1647, train_lr: 0.000319959
TORCHFORT::WANDB: model: alpha, step: 1647, train_loss: -2.90163
TORCHFORT::WANDB: model: alpha, step: 1647, train_lr: 0.0001
TORCHFORT::WANDB: model: critic_0, step: 1648, train_loss: 0.172613
TORCHFORT::WANDB: model: critic_0, step: 1648, train_lr: 0.000320202
TORCHFORT::WANDB: model: actor, step: 1648, train_loss: -0.16186
TORCHFORT::WANDB: model: actor, step: 1648, train_lr: 0.000320202
TORCHFORT::WANDB: model: alpha, step: 1648, train_loss: -2.95165
TORCHFORT::WANDB: model: alpha, step: 1648, train_lr: 0.0001
TORCHFORT::WANDB: model: critic_0, step: 1649, train_loss: 0.111752
TORCHFORT::WANDB: model: critic_0, step: 1649, train_lr: 0.000320445
TORCHFORT::WANDB: model: actor, step: 1649, train_loss: -0.162455
TORCHFORT::WANDB: model: actor, step: 1649, train_lr: 0.000320445
TORCHFORT::WANDB: model: alpha, step: 1649, train_loss: -2.82977
TORCHFORT::WANDB: model: alpha, step: 1649, train_lr: 0.0001
TORCHFORT::WANDB: model: critic_0, step: 1650, train_loss: 0.115707
TORCHFORT::WANDB: model: critic_0, step: 1650, train_lr: 0.000320688
TORCHFORT::WANDB: model: actor, step: 1650, train_loss: -0.159221
TORCHFORT::WANDB: model: actor, step: 1650, train_lr: 0.000320688
TORCHFORT::WANDB: model: alpha, step: 1650, train_loss: -2.94989
TORCHFORT::WANDB: model: alpha, step: 1650, train_lr: 0.0001
TORCHFORT::WANDB: model: critic_0, step: 1651, train_loss: 0.155194
TORCHFORT::WANDB: model: critic_0, step: 1651, train_lr: 0.000320931
TORCHFORT::WANDB: model: actor, step: 1651, train_loss: -0.163855
TORCHFORT::WANDB: model: actor, step: 1651, train_lr: 0.000320931
TORCHFORT::WANDB: model: alpha, step: 1651, train_loss: -2.91775
TORCHFORT::WANDB: model: alpha, step: 1651, train_lr: 0.0001
TORCHFORT::WANDB: model: critic_0, step: 1652, train_loss: 0.0950627
TORCHFORT::WANDB: model: critic_0, step: 1652, train_lr: 0.000321175
TORCHFORT::WANDB: model: actor, step: 1652, train_loss: -0.156307
TORCHFORT::WANDB: model: actor, step: 1652, train_lr: 0.000321175
TORCHFORT::WANDB: model: alpha, step: 1652, train_loss: -2.99264
TORCHFORT::WANDB: model: alpha, step: 1652, train_lr: 0.0001
TORCHFORT::WANDB: model: critic_0, step: 1653, train_loss: 0.16263
TORCHFORT::WANDB: model: critic_0, step: 1653, train_lr: 0.000321418
TORCHFORT::WANDB: model: actor, step: 1653, train_loss: -0.190185
TORCHFORT::WANDB: model: actor, step: 1653, train_lr: 0.000321418
TORCHFORT::WANDB: model: alpha, step: 1653, train_loss: -2.95611
TORCHFORT::WANDB: model: alpha, step: 1653, train_lr: 0.0001
TORCHFORT::WANDB: model: critic_0, step: 1654, train_loss: 0.067197
TORCHFORT::WANDB: model: critic_0, step: 1654, train_lr: 0.000321662
TORCHFORT::WANDB: model: actor, step: 1654, train_loss: -0.183666
TORCHFORT::WANDB: model: actor, step: 1654, train_lr: 0.000321662
TORCHFORT::WANDB: model: alpha, step: 1654, train_loss: -2.91902
TORCHFORT::WANDB: model: alpha, step: 1654, train_lr: 0.0001
TORCHFORT::WANDB: model: critic_0, step: 1655, train_loss: 0.104078
TORCHFORT::WANDB: model: critic_0, step: 1655, train_lr: 0.000321906
TORCHFORT::WANDB: model: actor, step: 1655, train_loss: -0.210369
TORCHFORT::WANDB: model: actor, step: 1655, train_lr: 0.000321906
TORCHFORT::WANDB: model: alpha, step: 1655, train_loss: -2.85162
TORCHFORT::WANDB: model: alpha, step: 1655, train_lr: 0.0001
TORCHFORT::WANDB: model: critic_0, step: 1656, train_loss: 0.101071
TORCHFORT::WANDB: model: critic_0, step: 1656, train_lr: 0.000322149
TORCHFORT::WANDB: model: actor, step: 1656, train_loss: -0.186931
TORCHFORT::WANDB: model: actor, step: 1656, train_lr: 0.000322149
TORCHFORT::WANDB: model: alpha, step: 1656, train_loss: -2.86541
TORCHFORT::WANDB: model: alpha, step: 1656, train_lr: 0.0001
TORCHFORT::WANDB: model: critic_0, step: 1657, train_loss: 0.06874
TORCHFORT::WANDB: model: critic_0, step: 1657, train_lr: 0.000322393
TORCHFORT::WANDB: model: actor, step: 1657, train_loss: -0.198704
TORCHFORT::WANDB: model: actor, step: 1657, train_lr: 0.000322393
TORCHFORT::WANDB: model: alpha, step: 1657, train_loss: -2.85723
TORCHFORT::WANDB: model: alpha, step: 1657, train_lr: 0.0001
TORCHFORT::WANDB: model: critic_0, step: 1658, train_loss: 0.0884524
TORCHFORT::WANDB: model: critic_0, step: 1658, train_lr: 0.000322637
TORCHFORT::WANDB: model: actor, step: 1658, train_loss: -0.204618
TORCHFORT::WANDB: model: actor, step: 1658, train_lr: 0.000322637
TORCHFORT::WANDB: model: alpha, step: 1658, train_loss: -2.80471
TORCHFORT::WANDB: model: alpha, step: 1658, train_lr: 0.0001
TORCHFORT::WANDB: model: critic_0, step: 1659, train_loss: 0.123448
TORCHFORT::WANDB: model: critic_0, step: 1659, train_lr: 0.000322881
TORCHFORT::WANDB: model: actor, step: 1659, train_loss: -0.184179
TORCHFORT::WANDB: model: actor, step: 1659, train_lr: 0.000322881
TORCHFORT::WANDB: model: alpha, step: 1659, train_loss: -2.71308
TORCHFORT::WANDB: model: alpha, step: 1659, train_lr: 0.0001
TORCHFORT::WANDB: model: critic_0, step: 1660, train_loss: 0.155049
TORCHFORT::WANDB: model: critic_0, step: 1660, train_lr: 0.000323125
TORCHFORT::WANDB: model: actor, step: 1660, train_loss: -0.206299
TORCHFORT::WANDB: model: actor, step: 1660, train_lr: 0.000323125
TORCHFORT::WANDB: model: alpha, step: 1660, train_loss: -2.92753
TORCHFORT::WANDB: model: alpha, step: 1660, train_lr: 0.0001
TORCHFORT::WANDB: model: critic_0, step: 1661, train_loss: 0.0867714
TORCHFORT::WANDB: model: critic_0, step: 1661, train_lr: 0.00032337
TORCHFORT::WANDB: model: actor, step: 1661, train_loss: -0.188333
TORCHFORT::WANDB: model: actor, step: 1661, train_lr: 0.00032337
TORCHFORT::WANDB: model: alpha, step: 1661, train_loss: -2.89524
TORCHFORT::WANDB: model: alpha, step: 1661, train_lr: 0.0001
TORCHFORT::WANDB: model: critic_0, step: 1662, train_loss: 0.153333
TORCHFORT::WANDB: model: critic_0, step: 1662, train_lr: 0.000323614
TORCHFORT::WANDB: model: actor, step: 1662, train_loss: -0.168078
TORCHFORT::WANDB: model: actor, step: 1662, train_lr: 0.000323614
TORCHFORT::WANDB: model: alpha, step: 1662, train_loss: -2.93189
TORCHFORT::WANDB: model: alpha, step: 1662, train_lr: 0.0001
TORCHFORT::WANDB: model: critic_0, step: 1663, train_loss: 0.121721
TORCHFORT::WANDB: model: critic_0, step: 1663, train_lr: 0.000323858
TORCHFORT::WANDB: model: actor, step: 1663, train_loss: -0.154648
TORCHFORT::WANDB: model: actor, step: 1663, train_lr: 0.000323858
TORCHFORT::WANDB: model: alpha, step: 1663, train_loss: -2.91418
TORCHFORT::WANDB: model: alpha, step: 1663, train_lr: 0.0001
TORCHFORT::WANDB: model: critic_0, step: 1664, train_loss: 0.0838135
TORCHFORT::WANDB: model: critic_0, step: 1664, train_lr: 0.000324103
TORCHFORT::WANDB: model: actor, step: 1664, train_loss: -0.162966
TORCHFORT::WANDB: model: actor, step: 1664, train_lr: 0.000324103
TORCHFORT::WANDB: model: alpha, step: 1664, train_loss: -2.96854
TORCHFORT::WANDB: model: alpha, step: 1664, train_lr: 0.0001
TORCHFORT::WANDB: model: critic_0, step: 1665, train_loss: 0.085742
TORCHFORT::WANDB: model: critic_0, step: 1665, train_lr: 0.000324347
TORCHFORT::WANDB: model: actor, step: 1665, train_loss: -0.152387
TORCHFORT::WANDB: model: actor, step: 1665, train_lr: 0.000324347
TORCHFORT::WANDB: model: alpha, step: 1665, train_loss: -2.84969
TORCHFORT::WANDB: model: alpha, step: 1665, train_lr: 0.0001
TORCHFORT::WANDB: model: critic_0, step: 1666, train_loss: 0.0657199
TORCHFORT::WANDB: model: critic_0, step: 1666, train_lr: 0.000324592
TORCHFORT::WANDB: model: actor, step: 1666, train_loss: -0.146497
TORCHFORT::WANDB: model: actor, step: 1666, train_lr: 0.000324592
TORCHFORT::WANDB: model: alpha, step: 1666, train_loss: -2.85423
TORCHFORT::WANDB: model: alpha, step: 1666, train_lr: 0.0001
TORCHFORT::WANDB: model: critic_0, step: 1667, train_loss: 0.11126
TORCHFORT::WANDB: model: critic_0, step: 1667, train_lr: 0.000324837
TORCHFORT::WANDB: model: actor, step: 1667, train_loss: -0.161506
TORCHFORT::WANDB: model: actor, step: 1667, train_lr: 0.000324837
TORCHFORT::WANDB: model: alpha, step: 1667, train_loss: -2.92355
TORCHFORT::WANDB: model: alpha, step: 1667, train_lr: 0.0001
TORCHFORT::WANDB: model: critic_0, step: 1668, train_loss: 0.0618571
TORCHFORT::WANDB: model: critic_0, step: 1668, train_lr: 0.000325082
TORCHFORT::WANDB: model: actor, step: 1668, train_loss: -0.156076
TORCHFORT::WANDB: model: actor, step: 1668, train_lr: 0.000325082
TORCHFORT::WANDB: model: alpha, step: 1668, train_loss: -2.79994
TORCHFORT::WANDB: model: alpha, step: 1668, train_lr: 0.0001
TORCHFORT::WANDB: model: critic_0, step: 1669, train_loss: 0.0872452
TORCHFORT::WANDB: model: critic_0, step: 1669, train_lr: 0.000325327
TORCHFORT::WANDB: model: actor, step: 1669, train_loss: -0.151545
TORCHFORT::WANDB: model: actor, step: 1669, train_lr: 0.000325327
TORCHFORT::WANDB: model: alpha, step: 1669, train_loss: -2.83869
TORCHFORT::WANDB: model: alpha, step: 1669, train_lr: 0.0001
TORCHFORT::WANDB: model: critic_0, step: 1670, train_loss: 0.169471
TORCHFORT::WANDB: model: critic_0, step: 1670, train_lr: 0.000325572
TORCHFORT::WANDB: model: actor, step: 1670, train_loss: -0.161583
TORCHFORT::WANDB: model: actor, step: 1670, train_lr: 0.000325572
TORCHFORT::WANDB: model: alpha, step: 1670, train_loss: -2.89803
TORCHFORT::WANDB: model: alpha, step: 1670, train_lr: 0.0001
TORCHFORT::WANDB: model: critic_0, step: 1671, train_loss: 0.111938
TORCHFORT::WANDB: model: critic_0, step: 1671, train_lr: 0.000325817
TORCHFORT::WANDB: model: actor, step: 1671, train_loss: -0.146628
TORCHFORT::WANDB: model: actor, step: 1671, train_lr: 0.000325817
TORCHFORT::WANDB: model: alpha, step: 1671, train_loss: -3.02472
TORCHFORT::WANDB: model: alpha, step: 1671, train_lr: 0.0001
TORCHFORT::WANDB: model: critic_0, step: 1672, train_loss: 0.291502
TORCHFORT::WANDB: model: critic_0, step: 1672, train_lr: 0.000326062
TORCHFORT::WANDB: model: actor, step: 1672, train_loss: -0.151601
TORCHFORT::WANDB: model: actor, step: 1672, train_lr: 0.000326062
TORCHFORT::WANDB: model: alpha, step: 1672, train_loss: -2.86288
TORCHFORT::WANDB: model: alpha, step: 1672, train_lr: 0.0001
TORCHFORT::WANDB: model: critic_0, step: 1673, train_loss: 0.0899026
TORCHFORT::WANDB: model: critic_0, step: 1673, train_lr: 0.000326307
TORCHFORT::WANDB: model: actor, step: 1673, train_loss: -0.162215
TORCHFORT::WANDB: model: actor, step: 1673, train_lr: 0.000326307
TORCHFORT::WANDB: model: alpha, step: 1673, train_loss: -2.88671
TORCHFORT::WANDB: model: alpha, step: 1673, train_lr: 0.0001
TORCHFORT::WANDB: model: critic_0, step: 1674, train_loss: 0.154979
TORCHFORT::WANDB: model: critic_0, step: 1674, train_lr: 0.000326553
TORCHFORT::WANDB: model: actor, step: 1674, train_loss: -0.165353
TORCHFORT::WANDB: model: actor, step: 1674, train_lr: 0.000326553
TORCHFORT::WANDB: model: alpha, step: 1674, train_loss: -2.86742
TORCHFORT::WANDB: model: alpha, step: 1674, train_lr: 0.0001
TORCHFORT::WANDB: model: critic_0, step: 1675, train_loss: 0.106924
TORCHFORT::WANDB: model: critic_0, step: 1675, train_lr: 0.000326798
TORCHFORT::WANDB: model: actor, step: 1675, train_loss: -0.15776
TORCHFORT::WANDB: model: actor, step: 1675, train_lr: 0.000326798
TORCHFORT::WANDB: model: alpha, step: 1675, train_loss: -2.88568
TORCHFORT::WANDB: model: alpha, step: 1675, train_lr: 0.0001
TORCHFORT::WANDB: model: critic_0, step: 1676, train_loss: 0.144649
TORCHFORT::WANDB: model: critic_0, step: 1676, train_lr: 0.000327044
TORCHFORT::WANDB: model: actor, step: 1676, train_loss: -0.203385
TORCHFORT::WANDB: model: actor, step: 1676, train_lr: 0.000327044
TORCHFORT::WANDB: model: alpha, step: 1676, train_loss: -2.93578
TORCHFORT::WANDB: model: alpha, step: 1676, train_lr: 0.0001
TORCHFORT::WANDB: model: critic_0, step: 1677, train_loss: 0.0869173
TORCHFORT::WANDB: model: critic_0, step: 1677, train_lr: 0.000327289
TORCHFORT::WANDB: model: actor, step: 1677, train_loss: -0.175998
TORCHFORT::WANDB: model: actor, step: 1677, train_lr: 0.000327289
TORCHFORT::WANDB: model: alpha, step: 1677, train_loss: -2.9476
TORCHFORT::WANDB: model: alpha, step: 1677, train_lr: 0.0001
TORCHFORT::WANDB: model: critic_0, step: 1678, train_loss: 0.0872826
TORCHFORT::WANDB: model: critic_0, step: 1678, train_lr: 0.000327535
TORCHFORT::WANDB: model: actor, step: 1678, train_loss: -0.225565
TORCHFORT::WANDB: model: actor, step: 1678, train_lr: 0.000327535
TORCHFORT::WANDB: model: alpha, step: 1678, train_loss: -2.99821
TORCHFORT::WANDB: model: alpha, step: 1678, train_lr: 0.0001
TORCHFORT::WANDB: model: critic_0, step: 1679, train_loss: 0.123504
TORCHFORT::WANDB: model: critic_0, step: 1679, train_lr: 0.000327781
TORCHFORT::WANDB: model: actor, step: 1679, train_loss: -0.210231
TORCHFORT::WANDB: model: actor, step: 1679, train_lr: 0.000327781
TORCHFORT::WANDB: model: alpha, step: 1679, train_loss: -2.93
TORCHFORT::WANDB: model: alpha, step: 1679, train_lr: 0.0001
TORCHFORT::WANDB: model: critic_0, step: 1680, train_loss: 0.0989548
TORCHFORT::WANDB: model: critic_0, step: 1680, train_lr: 0.000328027
TORCHFORT::WANDB: model: actor, step: 1680, train_loss: -0.191425
TORCHFORT::WANDB: model: actor, step: 1680, train_lr: 0.000328027
TORCHFORT::WANDB: model: alpha, step: 1680, train_loss: -2.93442
TORCHFORT::WANDB: model: alpha, step: 1680, train_lr: 0.0001
TORCHFORT::WANDB: model: critic_0, step: 1681, train_loss: 0.17012
TORCHFORT::WANDB: model: critic_0, step: 1681, train_lr: 0.000328273
TORCHFORT::WANDB: model: actor, step: 1681, train_loss: -0.187248
TORCHFORT::WANDB: model: actor, step: 1681, train_lr: 0.000328273
TORCHFORT::WANDB: model: alpha, step: 1681, train_loss: -2.90872
TORCHFORT::WANDB: model: alpha, step: 1681, train_lr: 0.0001
TORCHFORT::WANDB: model: critic_0, step: 1682, train_loss: 0.0826236
TORCHFORT::WANDB: model: critic_0, step: 1682, train_lr: 0.000328519
TORCHFORT::WANDB: model: actor, step: 1682, train_loss: -0.191332
TORCHFORT::WANDB: model: actor, step: 1682, train_lr: 0.000328519
TORCHFORT::WANDB: model: alpha, step: 1682, train_loss: -2.87345
TORCHFORT::WANDB: model: alpha, step: 1682, train_lr: 0.0001
TORCHFORT::WANDB: model: critic_0, step: 1683, train_loss: 0.0624183
TORCHFORT::WANDB: model: critic_0, step: 1683, train_lr: 0.000328765
TORCHFORT::WANDB: model: actor, step: 1683, train_loss: -0.197066
TORCHFORT::WANDB: model: actor, step: 1683, train_lr: 0.000328765
TORCHFORT::WANDB: model: alpha, step: 1683, train_loss: -2.7896
TORCHFORT::WANDB: model: alpha, step: 1683, train_lr: 0.0001
TORCHFORT::WANDB: model: critic_0, step: 1684, train_loss: 0.110494
TORCHFORT::WANDB: model: critic_0, step: 1684, train_lr: 0.000329011
TORCHFORT::WANDB: model: actor, step: 1684, train_loss: -0.173961
TORCHFORT::WANDB: model: actor, step: 1684, train_lr: 0.000329011
TORCHFORT::WANDB: model: alpha, step: 1684, train_loss: -2.91868
TORCHFORT::WANDB: model: alpha, step: 1684, train_lr: 0.0001
TORCHFORT::WANDB: model: critic_0, step: 1685, train_loss: 0.109648
TORCHFORT::WANDB: model: critic_0, step: 1685, train_lr: 0.000329258
TORCHFORT::WANDB: model: actor, step: 1685, train_loss: -0.184276
TORCHFORT::WANDB: model: actor, step: 1685, train_lr: 0.000329258
TORCHFORT::WANDB: model: alpha, step: 1685, train_loss: -2.86332
TORCHFORT::WANDB: model: alpha, step: 1685, train_lr: 0.0001
TORCHFORT::WANDB: model: critic_0, step: 1686, train_loss: 0.101289
TORCHFORT::WANDB: model: critic_0, step: 1686, train_lr: 0.000329504
TORCHFORT::WANDB: model: actor, step: 1686, train_loss: -0.161196
TORCHFORT::WANDB: model: actor, step: 1686, train_lr: 0.000329504
TORCHFORT::WANDB: model: alpha, step: 1686, train_loss: -2.93342
TORCHFORT::WANDB: model: alpha, step: 1686, train_lr: 0.0001
TORCHFORT::WANDB: model: critic_0, step: 1687, train_loss: 0.116419
TORCHFORT::WANDB: model: critic_0, step: 1687, train_lr: 0.000329751
TORCHFORT::WANDB: model: actor, step: 1687, train_loss: -0.168814
TORCHFORT::WANDB: model: actor, step: 1687, train_lr: 0.000329751
TORCHFORT::WANDB: model: alpha, step: 1687, train_loss: -2.97457
TORCHFORT::WANDB: model: alpha, step: 1687, train_lr: 0.0001
TORCHFORT::WANDB: model: critic_0, step: 1688, train_loss: 0.109938
TORCHFORT::WANDB: model: critic_0, step: 1688, train_lr: 0.000329997
TORCHFORT::WANDB: model: actor, step: 1688, train_loss: -0.172876
TORCHFORT::WANDB: model: actor, step: 1688, train_lr: 0.000329997
TORCHFORT::WANDB: model: alpha, step: 1688, train_loss: -2.80873
TORCHFORT::WANDB: model: alpha, step: 1688, train_lr: 0.0001
TORCHFORT::WANDB: model: critic_0, step: 1689, train_loss: 0.140915
TORCHFORT::WANDB: model: critic_0, step: 1689, train_lr: 0.000330244
TORCHFORT::WANDB: model: actor, step: 1689, train_loss: -0.174618
TORCHFORT::WANDB: model: actor, step: 1689, train_lr: 0.000330244
TORCHFORT::WANDB: model: alpha, step: 1689, train_loss: -2.89868
TORCHFORT::WANDB: model: alpha, step: 1689, train_lr: 0.0001
TORCHFORT::WANDB: model: critic_0, step: 1690, train_loss: 0.129562
TORCHFORT::WANDB: model: critic_0, step: 1690, train_lr: 0.000330491
TORCHFORT::WANDB: model: actor, step: 1690, train_loss: -0.185342
TORCHFORT::WANDB: model: actor, step: 1690, train_lr: 0.000330491
TORCHFORT::WANDB: model: alpha, step: 1690, train_loss: -2.77764
TORCHFORT::WANDB: model: alpha, step: 1690, train_lr: 0.0001
TORCHFORT::WANDB: model: critic_0, step: 1691, train_loss: 0.0981414
TORCHFORT::WANDB: model: critic_0, step: 1691, train_lr: 0.000330737
TORCHFORT::WANDB: model: actor, step: 1691, train_loss: -0.170591
TORCHFORT::WANDB: model: actor, step: 1691, train_lr: 0.000330737
TORCHFORT::WANDB: model: alpha, step: 1691, train_loss: -2.8232
TORCHFORT::WANDB: model: alpha, step: 1691, train_lr: 0.0001
TORCHFORT::WANDB: model: critic_0, step: 1692, train_loss: 0.0841098
TORCHFORT::WANDB: model: critic_0, step: 1692, train_lr: 0.000330984
TORCHFORT::WANDB: model: actor, step: 1692, train_loss: -0.164108
TORCHFORT::WANDB: model: actor, step: 1692, train_lr: 0.000330984
TORCHFORT::WANDB: model: alpha, step: 1692, train_loss: -2.84981
TORCHFORT::WANDB: model: alpha, step: 1692, train_lr: 0.0001
TORCHFORT::WANDB: model: critic_0, step: 1693, train_loss: 0.0658422
TORCHFORT::WANDB: model: critic_0, step: 1693, train_lr: 0.000331231
TORCHFORT::WANDB: model: actor, step: 1693, train_loss: -0.180194
TORCHFORT::WANDB: model: actor, step: 1693, train_lr: 0.000331231
TORCHFORT::WANDB: model: alpha, step: 1693, train_loss: -2.82987
TORCHFORT::WANDB: model: alpha, step: 1693, train_lr: 0.0001
TORCHFORT::WANDB: model: critic_0, step: 1694, train_loss: 0.110139
TORCHFORT::WANDB: model: critic_0, step: 1694, train_lr: 0.000331479
TORCHFORT::WANDB: model: actor, step: 1694, train_loss: -0.171257
TORCHFORT::WANDB: model: actor, step: 1694, train_lr: 0.000331479
TORCHFORT::WANDB: model: alpha, step: 1694, train_loss: -2.8903
TORCHFORT::WANDB: model: alpha, step: 1694, train_lr: 0.0001
TORCHFORT::WANDB: model: critic_0, step: 1695, train_loss: 0.123013
TORCHFORT::WANDB: model: critic_0, step: 1695, train_lr: 0.000331726
TORCHFORT::WANDB: model: actor, step: 1695, train_loss: -0.166542
TORCHFORT::WANDB: model: actor, step: 1695, train_lr: 0.000331726
TORCHFORT::WANDB: model: alpha, step: 1695, train_loss: -2.8781
TORCHFORT::WANDB: model: alpha, step: 1695, train_lr: 0.0001
TORCHFORT::WANDB: model: critic_0, step: 1696, train_loss: 0.240369
TORCHFORT::WANDB: model: critic_0, step: 1696, train_lr: 0.000331973
TORCHFORT::WANDB: model: actor, step: 1696, train_loss: -0.159639
TORCHFORT::WANDB: model: actor, step: 1696, train_lr: 0.000331973
TORCHFORT::WANDB: model: alpha, step: 1696, train_loss: -2.83999
TORCHFORT::WANDB: model: alpha, step: 1696, train_lr: 0.0001
TORCHFORT::WANDB: model: critic_0, step: 1697, train_loss: 0.0956301
TORCHFORT::WANDB: model: critic_0, step: 1697, train_lr: 0.00033222
TORCHFORT::WANDB: model: actor, step: 1697, train_loss: -0.159303
TORCHFORT::WANDB: model: actor, step: 1697, train_lr: 0.00033222
TORCHFORT::WANDB: model: alpha, step: 1697, train_loss: -2.85035
TORCHFORT::WANDB: model: alpha, step: 1697, train_lr: 0.0001
TORCHFORT::WANDB: model: critic_0, step: 1698, train_loss: 0.149555
TORCHFORT::WANDB: model: critic_0, step: 1698, train_lr: 0.000332468
TORCHFORT::WANDB: model: actor, step: 1698, train_loss: -0.169061
TORCHFORT::WANDB: model: actor, step: 1698, train_lr: 0.000332468
TORCHFORT::WANDB: model: alpha, step: 1698, train_loss: -2.87673
TORCHFORT::WANDB: model: alpha, step: 1698, train_lr: 0.0001
TORCHFORT::WANDB: model: critic_0, step: 1699, train_loss: 0.151204
TORCHFORT::WANDB: model: critic_0, step: 1699, train_lr: 0.000332715
TORCHFORT::WANDB: model: actor, step: 1699, train_loss: -0.161629
TORCHFORT::WANDB: model: actor, step: 1699, train_lr: 0.000332715
TORCHFORT::WANDB: model: alpha, step: 1699, train_loss: -2.8914
TORCHFORT::WANDB: model: alpha, step: 1699, train_lr: 0.0001
TORCHFORT::WANDB: model: critic_0, step: 1700, train_loss: 0.130164
TORCHFORT::WANDB: model: critic_0, step: 1700, train_lr: 0.000332963
TORCHFORT::WANDB: model: actor, step: 1700, train_loss: -0.165922
TORCHFORT::WANDB: model: actor, step: 1700, train_lr: 0.000332963
TORCHFORT::WANDB: model: alpha, step: 1700, train_loss: -2.90357
TORCHFORT::WANDB: model: alpha, step: 1700, train_lr: 0.0001
TORCHFORT::WANDB: model: rlwm, step: 17, reward_sum: 2214.76
TORCHFORT::WANDB: model: rlwm, step: 17, policy_loss: -0.165922
TORCHFORT::WANDB: model: rlwm, step: 17, critic_loss: 0.130164
TORCHFORT::WANDB: model: critic_0, step: 1701, train_loss: 0.0918296
TORCHFORT::WANDB: model: critic_0, step: 1701, train_lr: 0.000333211
TORCHFORT::WANDB: model: actor, step: 1701, train_loss: -0.163454
TORCHFORT::WANDB: model: actor, step: 1701, train_lr: 0.000333211
TORCHFORT::WANDB: model: alpha, step: 1701, train_loss: -2.83059
TORCHFORT::WANDB: model: alpha, step: 1701, train_lr: 0.0001
TORCHFORT::WANDB: model: critic_0, step: 1702, train_loss: 0.215663
TORCHFORT::WANDB: model: critic_0, step: 1702, train_lr: 0.000333459
TORCHFORT::WANDB: model: actor, step: 1702, train_loss: -0.187061
TORCHFORT::WANDB: model: actor, step: 1702, train_lr: 0.000333459
TORCHFORT::WANDB: model: alpha, step: 1702, train_loss: -2.89216
TORCHFORT::WANDB: model: alpha, step: 1702, train_lr: 0.0001
TORCHFORT::WANDB: model: critic_0, step: 1703, train_loss: 0.198466
TORCHFORT::WANDB: model: critic_0, step: 1703, train_lr: 0.000333707
TORCHFORT::WANDB: model: actor, step: 1703, train_loss: -0.194111
TORCHFORT::WANDB: model: actor, step: 1703, train_lr: 0.000333707
TORCHFORT::WANDB: model: alpha, step: 1703, train_loss: -2.93179
TORCHFORT::WANDB: model: alpha, step: 1703, train_lr: 0.0001
TORCHFORT::WANDB: model: critic_0, step: 1704, train_loss: 0.120027
TORCHFORT::WANDB: model: critic_0, step: 1704, train_lr: 0.000333955
TORCHFORT::WANDB: model: actor, step: 1704, train_loss: -0.197964
TORCHFORT::WANDB: model: actor, step: 1704, train_lr: 0.000333955
TORCHFORT::WANDB: model: alpha, step: 1704, train_loss: -2.80612
TORCHFORT::WANDB: model: alpha, step: 1704, train_lr: 0.0001
TORCHFORT::WANDB: model: critic_0, step: 1705, train_loss: 0.116022
TORCHFORT::WANDB: model: critic_0, step: 1705, train_lr: 0.000334203
TORCHFORT::WANDB: model: actor, step: 1705, train_loss: -0.188098
TORCHFORT::WANDB: model: actor, step: 1705, train_lr: 0.000334203
TORCHFORT::WANDB: model: alpha, step: 1705, train_loss: -2.78401
TORCHFORT::WANDB: model: alpha, step: 1705, train_lr: 0.0001
TORCHFORT::WANDB: model: critic_0, step: 1706, train_loss: 0.109892
TORCHFORT::WANDB: model: critic_0, step: 1706, train_lr: 0.000334451
TORCHFORT::WANDB: model: actor, step: 1706, train_loss: -0.175056
TORCHFORT::WANDB: model: actor, step: 1706, train_lr: 0.000334451
TORCHFORT::WANDB: model: alpha, step: 1706, train_loss: -2.87226
TORCHFORT::WANDB: model: alpha, step: 1706, train_lr: 0.0001
TORCHFORT::WANDB: model: critic_0, step: 1707, train_loss: 0.0864162
TORCHFORT::WANDB: model: critic_0, step: 1707, train_lr: 0.000334699
TORCHFORT::WANDB: model: actor, step: 1707, train_loss: -0.181453
TORCHFORT::WANDB: model: actor, step: 1707, train_lr: 0.000334699
TORCHFORT::WANDB: model: alpha, step: 1707, train_loss: -2.88962
TORCHFORT::WANDB: model: alpha, step: 1707, train_lr: 0.0001
TORCHFORT::WANDB: model: critic_0, step: 1708, train_loss: 0.108461
TORCHFORT::WANDB: model: critic_0, step: 1708, train_lr: 0.000334947
TORCHFORT::WANDB: model: actor, step: 1708, train_loss: -0.178674
TORCHFORT::WANDB: model: actor, step: 1708, train_lr: 0.000334947
TORCHFORT::WANDB: model: alpha, step: 1708, train_loss: -2.91406
TORCHFORT::WANDB: model: alpha, step: 1708, train_lr: 0.0001
TORCHFORT::WANDB: model: critic_0, step: 1709, train_loss: 0.114756
TORCHFORT::WANDB: model: critic_0, step: 1709, train_lr: 0.000335196
TORCHFORT::WANDB: model: actor, step: 1709, train_loss: -0.166306
TORCHFORT::WANDB: model: actor, step: 1709, train_lr: 0.000335196
TORCHFORT::WANDB: model: alpha, step: 1709, train_loss: -2.87819
TORCHFORT::WANDB: model: alpha, step: 1709, train_lr: 0.0001
TORCHFORT::WANDB: model: critic_0, step: 1710, train_loss: 0.162343
TORCHFORT::WANDB: model: critic_0, step: 1710, train_lr: 0.000335444
TORCHFORT::WANDB: model: actor, step: 1710, train_loss: -0.176444
TORCHFORT::WANDB: model: actor, step: 1710, train_lr: 0.000335444
TORCHFORT::WANDB: model: alpha, step: 1710, train_loss: -2.87839
TORCHFORT::WANDB: model: alpha, step: 1710, train_lr: 0.0001
TORCHFORT::WANDB: model: critic_0, step: 1711, train_loss: 0.107673
TORCHFORT::WANDB: model: critic_0, step: 1711, train_lr: 0.000335693
TORCHFORT::WANDB: model: actor, step: 1711, train_loss: -0.176471
TORCHFORT::WANDB: model: actor, step: 1711, train_lr: 0.000335693
TORCHFORT::WANDB: model: alpha, step: 1711, train_loss: -2.86913
TORCHFORT::WANDB: model: alpha, step: 1711, train_lr: 0.0001
TORCHFORT::WANDB: model: critic_0, step: 1712, train_loss: 0.0772891
TORCHFORT::WANDB: model: critic_0, step: 1712, train_lr: 0.000335941
TORCHFORT::WANDB: model: actor, step: 1712, train_loss: -0.186349
TORCHFORT::WANDB: model: actor, step: 1712, train_lr: 0.000335941
TORCHFORT::WANDB: model: alpha, step: 1712, train_loss: -2.87671
TORCHFORT::WANDB: model: alpha, step: 1712, train_lr: 0.0001
TORCHFORT::WANDB: model: critic_0, step: 1713, train_loss: 0.0989026
TORCHFORT::WANDB: model: critic_0, step: 1713, train_lr: 0.00033619
TORCHFORT::WANDB: model: actor, step: 1713, train_loss: -0.177937
TORCHFORT::WANDB: model: actor, step: 1713, train_lr: 0.00033619
TORCHFORT::WANDB: model: alpha, step: 1713, train_loss: -2.87051
TORCHFORT::WANDB: model: alpha, step: 1713, train_lr: 0.0001
TORCHFORT::WANDB: model: critic_0, step: 1714, train_loss: 0.10622
TORCHFORT::WANDB: model: critic_0, step: 1714, train_lr: 0.000336439
TORCHFORT::WANDB: model: actor, step: 1714, train_loss: -0.157082
TORCHFORT::WANDB: model: actor, step: 1714, train_lr: 0.000336439
TORCHFORT::WANDB: model: alpha, step: 1714, train_loss: -2.89082
TORCHFORT::WANDB: model: alpha, step: 1714, train_lr: 0.0001
TORCHFORT::WANDB: model: critic_0, step: 1715, train_loss: 0.109521
TORCHFORT::WANDB: model: critic_0, step: 1715, train_lr: 0.000336688
TORCHFORT::WANDB: model: actor, step: 1715, train_loss: -0.177564
TORCHFORT::WANDB: model: actor, step: 1715, train_lr: 0.000336688
TORCHFORT::WANDB: model: alpha, step: 1715, train_loss: -2.86144
TORCHFORT::WANDB: model: alpha, step: 1715, train_lr: 0.0001
TORCHFORT::WANDB: model: critic_0, step: 1716, train_loss: 0.21379
TORCHFORT::WANDB: model: critic_0, step: 1716, train_lr: 0.000336937
TORCHFORT::WANDB: model: actor, step: 1716, train_loss: -0.180717
TORCHFORT::WANDB: model: actor, step: 1716, train_lr: 0.000336937
TORCHFORT::WANDB: model: alpha, step: 1716, train_loss: -2.78216
TORCHFORT::WANDB: model: alpha, step: 1716, train_lr: 0.0001
TORCHFORT::WANDB: model: critic_0, step: 1717, train_loss: 0.15983
TORCHFORT::WANDB: model: critic_0, step: 1717, train_lr: 0.000337186
TORCHFORT::WANDB: model: actor, step: 1717, train_loss: -0.180224
TORCHFORT::WANDB: model: actor, step: 1717, train_lr: 0.000337186
TORCHFORT::WANDB: model: alpha, step: 1717, train_loss: -2.75148
TORCHFORT::WANDB: model: alpha, step: 1717, train_lr: 0.0001
TORCHFORT::WANDB: model: critic_0, step: 1718, train_loss: 0.132128
TORCHFORT::WANDB: model: critic_0, step: 1718, train_lr: 0.000337435
TORCHFORT::WANDB: model: actor, step: 1718, train_loss: -0.170048
TORCHFORT::WANDB: model: actor, step: 1718, train_lr: 0.000337435
TORCHFORT::WANDB: model: alpha, step: 1718, train_loss: -2.7663
TORCHFORT::WANDB: model: alpha, step: 1718, train_lr: 0.0001
TORCHFORT::WANDB: model: critic_0, step: 1719, train_loss: 0.142605
TORCHFORT::WANDB: model: critic_0, step: 1719, train_lr: 0.000337684
TORCHFORT::WANDB: model: actor, step: 1719, train_loss: -0.188107
TORCHFORT::WANDB: model: actor, step: 1719, train_lr: 0.000337684
TORCHFORT::WANDB: model: alpha, step: 1719, train_loss: -2.80217
TORCHFORT::WANDB: model: alpha, step: 1719, train_lr: 0.0001
TORCHFORT::WANDB: model: critic_0, step: 1720, train_loss: 0.116724
TORCHFORT::WANDB: model: critic_0, step: 1720, train_lr: 0.000337934
TORCHFORT::WANDB: model: actor, step: 1720, train_loss: -0.19795
TORCHFORT::WANDB: model: actor, step: 1720, train_lr: 0.000337934
TORCHFORT::WANDB: model: alpha, step: 1720, train_loss: -2.89049
TORCHFORT::WANDB: model: alpha, step: 1720, train_lr: 0.0001
TORCHFORT::WANDB: model: critic_0, step: 1721, train_loss: 0.106521
TORCHFORT::WANDB: model: critic_0, step: 1721, train_lr: 0.000338183
TORCHFORT::WANDB: model: actor, step: 1721, train_loss: -0.171844
TORCHFORT::WANDB: model: actor, step: 1721, train_lr: 0.000338183
TORCHFORT::WANDB: model: alpha, step: 1721, train_loss: -2.84121
TORCHFORT::WANDB: model: alpha, step: 1721, train_lr: 0.0001
TORCHFORT::WANDB: model: critic_0, step: 1722, train_loss: 0.0850572
TORCHFORT::WANDB: model: critic_0, step: 1722, train_lr: 0.000338433
TORCHFORT::WANDB: model: actor, step: 1722, train_loss: -0.176721
TORCHFORT::WANDB: model: actor, step: 1722, train_lr: 0.000338433
TORCHFORT::WANDB: model: alpha, step: 1722, train_loss: -2.76413
TORCHFORT::WANDB: model: alpha, step: 1722, train_lr: 0.0001
TORCHFORT::WANDB: model: critic_0, step: 1723, train_loss: 0.0906434
TORCHFORT::WANDB: model: critic_0, step: 1723, train_lr: 0.000338682
TORCHFORT::WANDB: model: actor, step: 1723, train_loss: -0.160587
TORCHFORT::WANDB: model: actor, step: 1723, train_lr: 0.000338682
TORCHFORT::WANDB: model: alpha, step: 1723, train_loss: -3.06955
TORCHFORT::WANDB: model: alpha, step: 1723, train_lr: 0.0001
TORCHFORT::WANDB: model: critic_0, step: 1724, train_loss: 0.132446
TORCHFORT::WANDB: model: critic_0, step: 1724, train_lr: 0.000338932
TORCHFORT::WANDB: model: actor, step: 1724, train_loss: -0.173793
TORCHFORT::WANDB: model: actor, step: 1724, train_lr: 0.000338932
TORCHFORT::WANDB: model: alpha, step: 1724, train_loss: -2.82716
TORCHFORT::WANDB: model: alpha, step: 1724, train_lr: 0.0001
TORCHFORT::WANDB: model: critic_0, step: 1725, train_loss: 0.0905945
TORCHFORT::WANDB: model: critic_0, step: 1725, train_lr: 0.000339182
TORCHFORT::WANDB: model: actor, step: 1725, train_loss: -0.166402
TORCHFORT::WANDB: model: actor, step: 1725, train_lr: 0.000339182
TORCHFORT::WANDB: model: alpha, step: 1725, train_loss: -2.88256
TORCHFORT::WANDB: model: alpha, step: 1725, train_lr: 0.0001
TORCHFORT::WANDB: model: critic_0, step: 1726, train_loss: 0.134195
TORCHFORT::WANDB: model: critic_0, step: 1726, train_lr: 0.000339432
TORCHFORT::WANDB: model: actor, step: 1726, train_loss: -0.166811
TORCHFORT::WANDB: model: actor, step: 1726, train_lr: 0.000339432
TORCHFORT::WANDB: model: alpha, step: 1726, train_loss: -2.9904
TORCHFORT::WANDB: model: alpha, step: 1726, train_lr: 0.0001
TORCHFORT::WANDB: model: critic_0, step: 1727, train_loss: 0.0929893
TORCHFORT::WANDB: model: critic_0, step: 1727, train_lr: 0.000339682
TORCHFORT::WANDB: model: actor, step: 1727, train_loss: -0.159996
TORCHFORT::WANDB: model: actor, step: 1727, train_lr: 0.000339682
TORCHFORT::WANDB: model: alpha, step: 1727, train_loss: -2.98598
TORCHFORT::WANDB: model: alpha, step: 1727, train_lr: 0.0001
TORCHFORT::WANDB: model: critic_0, step: 1728, train_loss: 0.197981
TORCHFORT::WANDB: model: critic_0, step: 1728, train_lr: 0.000339932
TORCHFORT::WANDB: model: actor, step: 1728, train_loss: -0.167042
TORCHFORT::WANDB: model: actor, step: 1728, train_lr: 0.000339932
TORCHFORT::WANDB: model: alpha, step: 1728, train_loss: -2.96379
TORCHFORT::WANDB: model: alpha, step: 1728, train_lr: 0.0001
TORCHFORT::WANDB: model: critic_0, step: 1729, train_loss: 0.1239
TORCHFORT::WANDB: model: critic_0, step: 1729, train_lr: 0.000340182
TORCHFORT::WANDB: model: actor, step: 1729, train_loss: -0.164483
TORCHFORT::WANDB: model: actor, step: 1729, train_lr: 0.000340182
TORCHFORT::WANDB: model: alpha, step: 1729, train_loss: -2.93463
TORCHFORT::WANDB: model: alpha, step: 1729, train_lr: 0.0001
TORCHFORT::WANDB: model: critic_0, step: 1730, train_loss: 0.087296
TORCHFORT::WANDB: model: critic_0, step: 1730, train_lr: 0.000340432
TORCHFORT::WANDB: model: actor, step: 1730, train_loss: -0.181469
TORCHFORT::WANDB: model: actor, step: 1730, train_lr: 0.000340432
TORCHFORT::WANDB: model: alpha, step: 1730, train_loss: -2.95753
TORCHFORT::WANDB: model: alpha, step: 1730, train_lr: 0.0001
TORCHFORT::WANDB: model: critic_0, step: 1731, train_loss: 0.0775973
TORCHFORT::WANDB: model: critic_0, step: 1731, train_lr: 0.000340682
TORCHFORT::WANDB: model: actor, step: 1731, train_loss: -0.166119
TORCHFORT::WANDB: model: actor, step: 1731, train_lr: 0.000340682
TORCHFORT::WANDB: model: alpha, step: 1731, train_loss: -2.91332
TORCHFORT::WANDB: model: alpha, step: 1731, train_lr: 0.0001
TORCHFORT::WANDB: model: critic_0, step: 1732, train_loss: 0.116048
TORCHFORT::WANDB: model: critic_0, step: 1732, train_lr: 0.000340932
TORCHFORT::WANDB: model: actor, step: 1732, train_loss: -0.178765
TORCHFORT::WANDB: model: actor, step: 1732, train_lr: 0.000340932
TORCHFORT::WANDB: model: alpha, step: 1732, train_loss: -2.94634
TORCHFORT::WANDB: model: alpha, step: 1732, train_lr: 0.0001
TORCHFORT::WANDB: model: critic_0, step: 1733, train_loss: 0.0773914
TORCHFORT::WANDB: model: critic_0, step: 1733, train_lr: 0.000341183
TORCHFORT::WANDB: model: actor, step: 1733, train_loss: -0.174714
TORCHFORT::WANDB: model: actor, step: 1733, train_lr: 0.000341183
TORCHFORT::WANDB: model: alpha, step: 1733, train_loss: -2.91858
TORCHFORT::WANDB: model: alpha, step: 1733, train_lr: 0.0001
TORCHFORT::WANDB: model: critic_0, step: 1734, train_loss: 0.0939648
TORCHFORT::WANDB: model: critic_0, step: 1734, train_lr: 0.000341433
TORCHFORT::WANDB: model: actor, step: 1734, train_loss: -0.195229
TORCHFORT::WANDB: model: actor, step: 1734, train_lr: 0.000341433
TORCHFORT::WANDB: model: alpha, step: 1734, train_loss: -2.88309
TORCHFORT::WANDB: model: alpha, step: 1734, train_lr: 0.0001
TORCHFORT::WANDB: model: critic_0, step: 1735, train_loss: 0.114397
TORCHFORT::WANDB: model: critic_0, step: 1735, train_lr: 0.000341684
TORCHFORT::WANDB: model: actor, step: 1735, train_loss: -0.184721
TORCHFORT::WANDB: model: actor, step: 1735, train_lr: 0.000341684
TORCHFORT::WANDB: model: alpha, step: 1735, train_loss: -2.95175
TORCHFORT::WANDB: model: alpha, step: 1735, train_lr: 0.0001
TORCHFORT::WANDB: model: critic_0, step: 1736, train_loss: 0.0885568
TORCHFORT::WANDB: model: critic_0, step: 1736, train_lr: 0.000341935
TORCHFORT::WANDB: model: actor, step: 1736, train_loss: -0.176355
TORCHFORT::WANDB: model: actor, step: 1736, train_lr: 0.000341935
TORCHFORT::WANDB: model: alpha, step: 1736, train_loss: -2.92256
TORCHFORT::WANDB: model: alpha, step: 1736, train_lr: 0.0001
TORCHFORT::WANDB: model: critic_0, step: 1737, train_loss: 0.0948871
TORCHFORT::WANDB: model: critic_0, step: 1737, train_lr: 0.000342185
TORCHFORT::WANDB: model: actor, step: 1737, train_loss: -0.184362
TORCHFORT::WANDB: model: actor, step: 1737, train_lr: 0.000342185
TORCHFORT::WANDB: model: alpha, step: 1737, train_loss: -2.92723
TORCHFORT::WANDB: model: alpha, step: 1737, train_lr: 0.0001
TORCHFORT::WANDB: model: critic_0, step: 1738, train_loss: 0.137436
TORCHFORT::WANDB: model: critic_0, step: 1738, train_lr: 0.000342436
TORCHFORT::WANDB: model: actor, step: 1738, train_loss: -0.183824
TORCHFORT::WANDB: model: actor, step: 1738, train_lr: 0.000342436
TORCHFORT::WANDB: model: alpha, step: 1738, train_loss: -2.7808
TORCHFORT::WANDB: model: alpha, step: 1738, train_lr: 0.0001
TORCHFORT::WANDB: model: critic_0, step: 1739, train_loss: 0.111005
TORCHFORT::WANDB: model: critic_0, step: 1739, train_lr: 0.000342687
TORCHFORT::WANDB: model: actor, step: 1739, train_loss: -0.154984
TORCHFORT::WANDB: model: actor, step: 1739, train_lr: 0.000342687
TORCHFORT::WANDB: model: alpha, step: 1739, train_loss: -2.85635
TORCHFORT::WANDB: model: alpha, step: 1739, train_lr: 0.0001
TORCHFORT::WANDB: model: critic_0, step: 1740, train_loss: 0.109417
TORCHFORT::WANDB: model: critic_0, step: 1740, train_lr: 0.000342938
TORCHFORT::WANDB: model: actor, step: 1740, train_loss: -0.154691
TORCHFORT::WANDB: model: actor, step: 1740, train_lr: 0.000342938
TORCHFORT::WANDB: model: alpha, step: 1740, train_loss: -3.01441
TORCHFORT::WANDB: model: alpha, step: 1740, train_lr: 0.0001
TORCHFORT::WANDB: model: critic_0, step: 1741, train_loss: 0.0772492
TORCHFORT::WANDB: model: critic_0, step: 1741, train_lr: 0.000343189
TORCHFORT::WANDB: model: actor, step: 1741, train_loss: -0.171389
TORCHFORT::WANDB: model: actor, step: 1741, train_lr: 0.000343189
TORCHFORT::WANDB: model: alpha, step: 1741, train_loss: -2.96795
TORCHFORT::WANDB: model: alpha, step: 1741, train_lr: 0.0001
TORCHFORT::WANDB: model: critic_0, step: 1742, train_loss: 0.117884
TORCHFORT::WANDB: model: critic_0, step: 1742, train_lr: 0.00034344
TORCHFORT::WANDB: model: actor, step: 1742, train_loss: -0.146916
TORCHFORT::WANDB: model: actor, step: 1742, train_lr: 0.00034344
TORCHFORT::WANDB: model: alpha, step: 1742, train_loss: -2.96033
TORCHFORT::WANDB: model: alpha, step: 1742, train_lr: 0.0001
TORCHFORT::WANDB: model: critic_0, step: 1743, train_loss: 0.159144
TORCHFORT::WANDB: model: critic_0, step: 1743, train_lr: 0.000343691
TORCHFORT::WANDB: model: actor, step: 1743, train_loss: -0.150166
TORCHFORT::WANDB: model: actor, step: 1743, train_lr: 0.000343691
TORCHFORT::WANDB: model: alpha, step: 1743, train_loss: -2.8676
TORCHFORT::WANDB: model: alpha, step: 1743, train_lr: 0.0001
TORCHFORT::WANDB: model: critic_0, step: 1744, train_loss: 0.253757
TORCHFORT::WANDB: model: critic_0, step: 1744, train_lr: 0.000343943
TORCHFORT::WANDB: model: actor, step: 1744, train_loss: -0.178808
TORCHFORT::WANDB: model: actor, step: 1744, train_lr: 0.000343943
TORCHFORT::WANDB: model: alpha, step: 1744, train_loss: -2.82684
TORCHFORT::WANDB: model: alpha, step: 1744, train_lr: 0.0001
TORCHFORT::WANDB: model: critic_0, step: 1745, train_loss: 0.11831
TORCHFORT::WANDB: model: critic_0, step: 1745, train_lr: 0.000344194
TORCHFORT::WANDB: model: actor, step: 1745, train_loss: -0.203126
TORCHFORT::WANDB: model: actor, step: 1745, train_lr: 0.000344194
TORCHFORT::WANDB: model: alpha, step: 1745, train_loss: -2.8065
TORCHFORT::WANDB: model: alpha, step: 1745, train_lr: 0.0001
TORCHFORT::WANDB: model: critic_0, step: 1746, train_loss: 0.14988
TORCHFORT::WANDB: model: critic_0, step: 1746, train_lr: 0.000344446
TORCHFORT::WANDB: model: actor, step: 1746, train_loss: -0.211235
TORCHFORT::WANDB: model: actor, step: 1746, train_lr: 0.000344446
TORCHFORT::WANDB: model: alpha, step: 1746, train_loss: -2.91243
TORCHFORT::WANDB: model: alpha, step: 1746, train_lr: 0.0001
TORCHFORT::WANDB: model: critic_0, step: 1747, train_loss: 0.124466
TORCHFORT::WANDB: model: critic_0, step: 1747, train_lr: 0.000344697
TORCHFORT::WANDB: model: actor, step: 1747, train_loss: -0.226808
TORCHFORT::WANDB: model: actor, step: 1747, train_lr: 0.000344697
TORCHFORT::WANDB: model: alpha, step: 1747, train_loss: -2.83717
TORCHFORT::WANDB: model: alpha, step: 1747, train_lr: 0.0001
TORCHFORT::WANDB: model: critic_0, step: 1748, train_loss: 0.276179
TORCHFORT::WANDB: model: critic_0, step: 1748, train_lr: 0.000344949
TORCHFORT::WANDB: model: actor, step: 1748, train_loss: -0.243068
TORCHFORT::WANDB: model: actor, step: 1748, train_lr: 0.000344949
TORCHFORT::WANDB: model: alpha, step: 1748, train_loss: -2.73167
TORCHFORT::WANDB: model: alpha, step: 1748, train_lr: 0.0001
TORCHFORT::WANDB: model: critic_0, step: 1749, train_loss: 0.137173
TORCHFORT::WANDB: model: critic_0, step: 1749, train_lr: 0.000345201
TORCHFORT::WANDB: model: actor, step: 1749, train_loss: -0.253381
TORCHFORT::WANDB: model: actor, step: 1749, train_lr: 0.000345201
TORCHFORT::WANDB: model: alpha, step: 1749, train_loss: -2.75986
TORCHFORT::WANDB: model: alpha, step: 1749, train_lr: 0.0001
TORCHFORT::WANDB: model: critic_0, step: 1750, train_loss: 0.15981
TORCHFORT::WANDB: model: critic_0, step: 1750, train_lr: 0.000345452
TORCHFORT::WANDB: model: actor, step: 1750, train_loss: -0.230948
TORCHFORT::WANDB: model: actor, step: 1750, train_lr: 0.000345452
TORCHFORT::WANDB: model: alpha, step: 1750, train_loss: -2.9535
TORCHFORT::WANDB: model: alpha, step: 1750, train_lr: 0.0001
TORCHFORT::WANDB: model: critic_0, step: 1751, train_loss: 0.0982152
TORCHFORT::WANDB: model: critic_0, step: 1751, train_lr: 0.000345704
TORCHFORT::WANDB: model: actor, step: 1751, train_loss: -0.229065
TORCHFORT::WANDB: model: actor, step: 1751, train_lr: 0.000345704
TORCHFORT::WANDB: model: alpha, step: 1751, train_loss: -2.81383
TORCHFORT::WANDB: model: alpha, step: 1751, train_lr: 0.0001
TORCHFORT::WANDB: model: critic_0, step: 1752, train_loss: 0.1434
TORCHFORT::WANDB: model: critic_0, step: 1752, train_lr: 0.000345956
TORCHFORT::WANDB: model: actor, step: 1752, train_loss: -0.225331
TORCHFORT::WANDB: model: actor, step: 1752, train_lr: 0.000345956
TORCHFORT::WANDB: model: alpha, step: 1752, train_loss: -2.74659
TORCHFORT::WANDB: model: alpha, step: 1752, train_lr: 0.0001
TORCHFORT::WANDB: model: critic_0, step: 1753, train_loss: 0.106217
TORCHFORT::WANDB: model: critic_0, step: 1753, train_lr: 0.000346208
TORCHFORT::WANDB: model: actor, step: 1753, train_loss: -0.182175
TORCHFORT::WANDB: model: actor, step: 1753, train_lr: 0.000346208
TORCHFORT::WANDB: model: alpha, step: 1753, train_loss: -2.91937
TORCHFORT::WANDB: model: alpha, step: 1753, train_lr: 0.0001
TORCHFORT::WANDB: model: critic_0, step: 1754, train_loss: 0.123224
TORCHFORT::WANDB: model: critic_0, step: 1754, train_lr: 0.00034646
TORCHFORT::WANDB: model: actor, step: 1754, train_loss: -0.161845
TORCHFORT::WANDB: model: actor, step: 1754, train_lr: 0.00034646
TORCHFORT::WANDB: model: alpha, step: 1754, train_loss: -2.82568
TORCHFORT::WANDB: model: alpha, step: 1754, train_lr: 0.0001
TORCHFORT::WANDB: model: critic_0, step: 1755, train_loss: 0.0868188
TORCHFORT::WANDB: model: critic_0, step: 1755, train_lr: 0.000346713
TORCHFORT::WANDB: model: actor, step: 1755, train_loss: -0.137515
TORCHFORT::WANDB: model: actor, step: 1755, train_lr: 0.000346713
TORCHFORT::WANDB: model: alpha, step: 1755, train_loss: -2.84255
TORCHFORT::WANDB: model: alpha, step: 1755, train_lr: 0.0001
TORCHFORT::WANDB: model: critic_0, step: 1756, train_loss: 0.1269
TORCHFORT::WANDB: model: critic_0, step: 1756, train_lr: 0.000346965
TORCHFORT::WANDB: model: actor, step: 1756, train_loss: -0.121998
TORCHFORT::WANDB: model: actor, step: 1756, train_lr: 0.000346965
TORCHFORT::WANDB: model: alpha, step: 1756, train_loss: -2.90219
TORCHFORT::WANDB: model: alpha, step: 1756, train_lr: 0.0001
TORCHFORT::WANDB: model: critic_0, step: 1757, train_loss: 0.0602752
TORCHFORT::WANDB: model: critic_0, step: 1757, train_lr: 0.000347217
TORCHFORT::WANDB: model: actor, step: 1757, train_loss: -0.119592
TORCHFORT::WANDB: model: actor, step: 1757, train_lr: 0.000347217
TORCHFORT::WANDB: model: alpha, step: 1757, train_loss: -2.80089
TORCHFORT::WANDB: model: alpha, step: 1757, train_lr: 0.0001
TORCHFORT::WANDB: model: critic_0, step: 1758, train_loss: 0.150192
TORCHFORT::WANDB: model: critic_0, step: 1758, train_lr: 0.00034747
TORCHFORT::WANDB: model: actor, step: 1758, train_loss: -0.120652
TORCHFORT::WANDB: model: actor, step: 1758, train_lr: 0.00034747
TORCHFORT::WANDB: model: alpha, step: 1758, train_loss: -2.86578
TORCHFORT::WANDB: model: alpha, step: 1758, train_lr: 0.0001
TORCHFORT::WANDB: model: critic_0, step: 1759, train_loss: 0.0897916
TORCHFORT::WANDB: model: critic_0, step: 1759, train_lr: 0.000347722
TORCHFORT::WANDB: model: actor, step: 1759, train_loss: -0.10684
TORCHFORT::WANDB: model: actor, step: 1759, train_lr: 0.000347722
TORCHFORT::WANDB: model: alpha, step: 1759, train_loss: -2.90862
TORCHFORT::WANDB: model: alpha, step: 1759, train_lr: 0.0001
TORCHFORT::WANDB: model: critic_0, step: 1760, train_loss: 0.0808739
TORCHFORT::WANDB: model: critic_0, step: 1760, train_lr: 0.000347975
TORCHFORT::WANDB: model: actor, step: 1760, train_loss: -0.118064
TORCHFORT::WANDB: model: actor, step: 1760, train_lr: 0.000347975
TORCHFORT::WANDB: model: alpha, step: 1760, train_loss: -2.93257
TORCHFORT::WANDB: model: alpha, step: 1760, train_lr: 0.0001
TORCHFORT::WANDB: model: critic_0, step: 1761, train_loss: 0.0783239
TORCHFORT::WANDB: model: critic_0, step: 1761, train_lr: 0.000348228
TORCHFORT::WANDB: model: actor, step: 1761, train_loss: -0.133144
TORCHFORT::WANDB: model: actor, step: 1761, train_lr: 0.000348228
TORCHFORT::WANDB: model: alpha, step: 1761, train_loss: -2.7467
TORCHFORT::WANDB: model: alpha, step: 1761, train_lr: 0.0001
TORCHFORT::WANDB: model: critic_0, step: 1762, train_loss: 0.190893
TORCHFORT::WANDB: model: critic_0, step: 1762, train_lr: 0.00034848
TORCHFORT::WANDB: model: actor, step: 1762, train_loss: -0.13327
TORCHFORT::WANDB: model: actor, step: 1762, train_lr: 0.00034848
TORCHFORT::WANDB: model: alpha, step: 1762, train_loss: -2.81266
TORCHFORT::WANDB: model: alpha, step: 1762, train_lr: 0.0001
TORCHFORT::WANDB: model: critic_0, step: 1763, train_loss: 0.112283
TORCHFORT::WANDB: model: critic_0, step: 1763, train_lr: 0.000348733
TORCHFORT::WANDB: model: actor, step: 1763, train_loss: -0.155309
TORCHFORT::WANDB: model: actor, step: 1763, train_lr: 0.000348733
TORCHFORT::WANDB: model: alpha, step: 1763, train_loss: -2.88959
TORCHFORT::WANDB: model: alpha, step: 1763, train_lr: 0.0001
TORCHFORT::WANDB: model: critic_0, step: 1764, train_loss: 0.115334
TORCHFORT::WANDB: model: critic_0, step: 1764, train_lr: 0.000348986
TORCHFORT::WANDB: model: actor, step: 1764, train_loss: -0.165965
TORCHFORT::WANDB: model: actor, step: 1764, train_lr: 0.000348986
TORCHFORT::WANDB: model: alpha, step: 1764, train_loss: -2.70775
TORCHFORT::WANDB: model: alpha, step: 1764, train_lr: 0.0001
TORCHFORT::WANDB: model: critic_0, step: 1765, train_loss: 0.234589
TORCHFORT::WANDB: model: critic_0, step: 1765, train_lr: 0.000349239
TORCHFORT::WANDB: model: actor, step: 1765, train_loss: -0.160713
TORCHFORT::WANDB: model: actor, step: 1765, train_lr: 0.000349239
TORCHFORT::WANDB: model: alpha, step: 1765, train_loss: -2.76606
TORCHFORT::WANDB: model: alpha, step: 1765, train_lr: 0.0001
TORCHFORT::WANDB: model: critic_0, step: 1766, train_loss: 0.0768164
TORCHFORT::WANDB: model: critic_0, step: 1766, train_lr: 0.000349492
TORCHFORT::WANDB: model: actor, step: 1766, train_loss: -0.171676
TORCHFORT::WANDB: model: actor, step: 1766, train_lr: 0.000349492
TORCHFORT::WANDB: model: alpha, step: 1766, train_loss: -3.02304
TORCHFORT::WANDB: model: alpha, step: 1766, train_lr: 0.0001
TORCHFORT::WANDB: model: critic_0, step: 1767, train_loss: 0.0997319
TORCHFORT::WANDB: model: critic_0, step: 1767, train_lr: 0.000349745
TORCHFORT::WANDB: model: actor, step: 1767, train_loss: -0.167823
TORCHFORT::WANDB: model: actor, step: 1767, train_lr: 0.000349745
TORCHFORT::WANDB: model: alpha, step: 1767, train_loss: -2.81823
TORCHFORT::WANDB: model: alpha, step: 1767, train_lr: 0.0001
TORCHFORT::WANDB: model: critic_0, step: 1768, train_loss: 0.0931932
TORCHFORT::WANDB: model: critic_0, step: 1768, train_lr: 0.000349999
TORCHFORT::WANDB: model: actor, step: 1768, train_loss: -0.195219
TORCHFORT::WANDB: model: actor, step: 1768, train_lr: 0.000349999
TORCHFORT::WANDB: model: alpha, step: 1768, train_loss: -2.86568
TORCHFORT::WANDB: model: alpha, step: 1768, train_lr: 0.0001
TORCHFORT::WANDB: model: critic_0, step: 1769, train_loss: 0.126213
TORCHFORT::WANDB: model: critic_0, step: 1769, train_lr: 0.000350252
TORCHFORT::WANDB: model: actor, step: 1769, train_loss: -0.187049
TORCHFORT::WANDB: model: actor, step: 1769, train_lr: 0.000350252
TORCHFORT::WANDB: model: alpha, step: 1769, train_loss: -2.91276
TORCHFORT::WANDB: model: alpha, step: 1769, train_lr: 0.0001
TORCHFORT::WANDB: model: critic_0, step: 1770, train_loss: 0.0847089
TORCHFORT::WANDB: model: critic_0, step: 1770, train_lr: 0.000350505
TORCHFORT::WANDB: model: actor, step: 1770, train_loss: -0.193564
TORCHFORT::WANDB: model: actor, step: 1770, train_lr: 0.000350505
TORCHFORT::WANDB: model: alpha, step: 1770, train_loss: -2.97705
TORCHFORT::WANDB: model: alpha, step: 1770, train_lr: 0.0001
TORCHFORT::WANDB: model: critic_0, step: 1771, train_loss: 0.0967282
TORCHFORT::WANDB: model: critic_0, step: 1771, train_lr: 0.000350759
TORCHFORT::WANDB: model: actor, step: 1771, train_loss: -0.190071
TORCHFORT::WANDB: model: actor, step: 1771, train_lr: 0.000350759
TORCHFORT::WANDB: model: alpha, step: 1771, train_loss: -2.88854
TORCHFORT::WANDB: model: alpha, step: 1771, train_lr: 0.0001
TORCHFORT::WANDB: model: critic_0, step: 1772, train_loss: 0.0720249
TORCHFORT::WANDB: model: critic_0, step: 1772, train_lr: 0.000351012
TORCHFORT::WANDB: model: actor, step: 1772, train_loss: -0.177461
TORCHFORT::WANDB: model: actor, step: 1772, train_lr: 0.000351012
TORCHFORT::WANDB: model: alpha, step: 1772, train_loss: -2.82004
TORCHFORT::WANDB: model: alpha, step: 1772, train_lr: 0.0001
TORCHFORT::WANDB: model: critic_0, step: 1773, train_loss: 0.132555
TORCHFORT::WANDB: model: critic_0, step: 1773, train_lr: 0.000351266
TORCHFORT::WANDB: model: actor, step: 1773, train_loss: -0.170847
TORCHFORT::WANDB: model: actor, step: 1773, train_lr: 0.000351266
TORCHFORT::WANDB: model: alpha, step: 1773, train_loss: -2.86436
TORCHFORT::WANDB: model: alpha, step: 1773, train_lr: 0.0001
TORCHFORT::WANDB: model: critic_0, step: 1774, train_loss: 0.122151
TORCHFORT::WANDB: model: critic_0, step: 1774, train_lr: 0.00035152
TORCHFORT::WANDB: model: actor, step: 1774, train_loss: -0.171538
TORCHFORT::WANDB: model: actor, step: 1774, train_lr: 0.00035152
TORCHFORT::WANDB: model: alpha, step: 1774, train_loss: -2.91487
TORCHFORT::WANDB: model: alpha, step: 1774, train_lr: 0.0001
TORCHFORT::WANDB: model: critic_0, step: 1775, train_loss: 0.0879757
TORCHFORT::WANDB: model: critic_0, step: 1775, train_lr: 0.000351774
TORCHFORT::WANDB: model: actor, step: 1775, train_loss: -0.160484
TORCHFORT::WANDB: model: actor, step: 1775, train_lr: 0.000351774
TORCHFORT::WANDB: model: alpha, step: 1775, train_loss: -2.87291
TORCHFORT::WANDB: model: alpha, step: 1775, train_lr: 0.0001
TORCHFORT::WANDB: model: critic_0, step: 1776, train_loss: 0.127175
TORCHFORT::WANDB: model: critic_0, step: 1776, train_lr: 0.000352027
TORCHFORT::WANDB: model: actor, step: 1776, train_loss: -0.150788
TORCHFORT::WANDB: model: actor, step: 1776, train_lr: 0.000352027
TORCHFORT::WANDB: model: alpha, step: 1776, train_loss: -2.81607
TORCHFORT::WANDB: model: alpha, step: 1776, train_lr: 0.0001
TORCHFORT::WANDB: model: critic_0, step: 1777, train_loss: 0.150138
TORCHFORT::WANDB: model: critic_0, step: 1777, train_lr: 0.000352281
TORCHFORT::WANDB: model: actor, step: 1777, train_loss: -0.151802
TORCHFORT::WANDB: model: actor, step: 1777, train_lr: 0.000352281
TORCHFORT::WANDB: model: alpha, step: 1777, train_loss: -2.87283
TORCHFORT::WANDB: model: alpha, step: 1777, train_lr: 0.0001
TORCHFORT::WANDB: model: critic_0, step: 1778, train_loss: 0.104088
TORCHFORT::WANDB: model: critic_0, step: 1778, train_lr: 0.000352535
TORCHFORT::WANDB: model: actor, step: 1778, train_loss: -0.168518
TORCHFORT::WANDB: model: actor, step: 1778, train_lr: 0.000352535
TORCHFORT::WANDB: model: alpha, step: 1778, train_loss: -2.9891
TORCHFORT::WANDB: model: alpha, step: 1778, train_lr: 0.0001
TORCHFORT::WANDB: model: critic_0, step: 1779, train_loss: 0.11213
TORCHFORT::WANDB: model: critic_0, step: 1779, train_lr: 0.000352789
TORCHFORT::WANDB: model: actor, step: 1779, train_loss: -0.146453
TORCHFORT::WANDB: model: actor, step: 1779, train_lr: 0.000352789
TORCHFORT::WANDB: model: alpha, step: 1779, train_loss: -2.81193
TORCHFORT::WANDB: model: alpha, step: 1779, train_lr: 0.0001
TORCHFORT::WANDB: model: critic_0, step: 1780, train_loss: 0.0910224
TORCHFORT::WANDB: model: critic_0, step: 1780, train_lr: 0.000353044
TORCHFORT::WANDB: model: actor, step: 1780, train_loss: -0.147875
TORCHFORT::WANDB: model: actor, step: 1780, train_lr: 0.000353044
TORCHFORT::WANDB: model: alpha, step: 1780, train_loss: -2.83117
TORCHFORT::WANDB: model: alpha, step: 1780, train_lr: 0.0001
TORCHFORT::WANDB: model: critic_0, step: 1781, train_loss: 0.139484
TORCHFORT::WANDB: model: critic_0, step: 1781, train_lr: 0.000353298
TORCHFORT::WANDB: model: actor, step: 1781, train_loss: -0.136003
TORCHFORT::WANDB: model: actor, step: 1781, train_lr: 0.000353298
TORCHFORT::WANDB: model: alpha, step: 1781, train_loss: -2.94772
TORCHFORT::WANDB: model: alpha, step: 1781, train_lr: 0.0001
TORCHFORT::WANDB: model: critic_0, step: 1782, train_loss: 0.150523
TORCHFORT::WANDB: model: critic_0, step: 1782, train_lr: 0.000353552
TORCHFORT::WANDB: model: actor, step: 1782, train_loss: -0.153154
TORCHFORT::WANDB: model: actor, step: 1782, train_lr: 0.000353552
TORCHFORT::WANDB: model: alpha, step: 1782, train_loss: -2.86651
TORCHFORT::WANDB: model: alpha, step: 1782, train_lr: 0.0001
TORCHFORT::WANDB: model: critic_0, step: 1783, train_loss: 0.154778
TORCHFORT::WANDB: model: critic_0, step: 1783, train_lr: 0.000353807
TORCHFORT::WANDB: model: actor, step: 1783, train_loss: -0.162231
TORCHFORT::WANDB: model: actor, step: 1783, train_lr: 0.000353807
TORCHFORT::WANDB: model: alpha, step: 1783, train_loss: -2.86452
TORCHFORT::WANDB: model: alpha, step: 1783, train_lr: 0.0001
TORCHFORT::WANDB: model: critic_0, step: 1784, train_loss: 0.105114
TORCHFORT::WANDB: model: critic_0, step: 1784, train_lr: 0.000354061
TORCHFORT::WANDB: model: actor, step: 1784, train_loss: -0.159067
TORCHFORT::WANDB: model: actor, step: 1784, train_lr: 0.000354061
TORCHFORT::WANDB: model: alpha, step: 1784, train_loss: -2.98748
TORCHFORT::WANDB: model: alpha, step: 1784, train_lr: 0.0001
TORCHFORT::WANDB: model: critic_0, step: 1785, train_loss: 0.14552
TORCHFORT::WANDB: model: critic_0, step: 1785, train_lr: 0.000354316
TORCHFORT::WANDB: model: actor, step: 1785, train_loss: -0.17477
TORCHFORT::WANDB: model: actor, step: 1785, train_lr: 0.000354316
TORCHFORT::WANDB: model: alpha, step: 1785, train_loss: -2.9205
TORCHFORT::WANDB: model: alpha, step: 1785, train_lr: 0.0001
TORCHFORT::WANDB: model: critic_0, step: 1786, train_loss: 0.129467
TORCHFORT::WANDB: model: critic_0, step: 1786, train_lr: 0.00035457
TORCHFORT::WANDB: model: actor, step: 1786, train_loss: -0.189107
TORCHFORT::WANDB: model: actor, step: 1786, train_lr: 0.00035457
TORCHFORT::WANDB: model: alpha, step: 1786, train_loss: -2.93495
TORCHFORT::WANDB: model: alpha, step: 1786, train_lr: 0.0001
TORCHFORT::WANDB: model: critic_0, step: 1787, train_loss: 0.0920786
TORCHFORT::WANDB: model: critic_0, step: 1787, train_lr: 0.000354825
TORCHFORT::WANDB: model: actor, step: 1787, train_loss: -0.182291
TORCHFORT::WANDB: model: actor, step: 1787, train_lr: 0.000354825
TORCHFORT::WANDB: model: alpha, step: 1787, train_loss: -2.7871
TORCHFORT::WANDB: model: alpha, step: 1787, train_lr: 0.0001
TORCHFORT::WANDB: model: critic_0, step: 1788, train_loss: 0.0809189
TORCHFORT::WANDB: model: critic_0, step: 1788, train_lr: 0.00035508
TORCHFORT::WANDB: model: actor, step: 1788, train_loss: -0.176051
TORCHFORT::WANDB: model: actor, step: 1788, train_lr: 0.00035508
TORCHFORT::WANDB: model: alpha, step: 1788, train_loss: -2.94644
TORCHFORT::WANDB: model: alpha, step: 1788, train_lr: 0.0001
TORCHFORT::WANDB: model: critic_0, step: 1789, train_loss: 0.159323
TORCHFORT::WANDB: model: critic_0, step: 1789, train_lr: 0.000355335
TORCHFORT::WANDB: model: actor, step: 1789, train_loss: -0.18688
TORCHFORT::WANDB: model: actor, step: 1789, train_lr: 0.000355335
TORCHFORT::WANDB: model: alpha, step: 1789, train_loss: -2.98858
TORCHFORT::WANDB: model: alpha, step: 1789, train_lr: 0.0001
TORCHFORT::WANDB: model: critic_0, step: 1790, train_loss: 0.0977032
TORCHFORT::WANDB: model: critic_0, step: 1790, train_lr: 0.00035559
TORCHFORT::WANDB: model: actor, step: 1790, train_loss: -0.182704
TORCHFORT::WANDB: model: actor, step: 1790, train_lr: 0.00035559
TORCHFORT::WANDB: model: alpha, step: 1790, train_loss: -2.96226
TORCHFORT::WANDB: model: alpha, step: 1790, train_lr: 0.0001
TORCHFORT::WANDB: model: critic_0, step: 1791, train_loss: 0.146276
TORCHFORT::WANDB: model: critic_0, step: 1791, train_lr: 0.000355845
TORCHFORT::WANDB: model: actor, step: 1791, train_loss: -0.170878
TORCHFORT::WANDB: model: actor, step: 1791, train_lr: 0.000355845
TORCHFORT::WANDB: model: alpha, step: 1791, train_loss: -2.85729
TORCHFORT::WANDB: model: alpha, step: 1791, train_lr: 0.0001
TORCHFORT::WANDB: model: critic_0, step: 1792, train_loss: 0.0853611
TORCHFORT::WANDB: model: critic_0, step: 1792, train_lr: 0.0003561
TORCHFORT::WANDB: model: actor, step: 1792, train_loss: -0.171615
TORCHFORT::WANDB: model: actor, step: 1792, train_lr: 0.0003561
TORCHFORT::WANDB: model: alpha, step: 1792, train_loss: -2.86884
TORCHFORT::WANDB: model: alpha, step: 1792, train_lr: 0.0001
TORCHFORT::WANDB: model: critic_0, step: 1793, train_loss: 0.131419
TORCHFORT::WANDB: model: critic_0, step: 1793, train_lr: 0.000356355
TORCHFORT::WANDB: model: actor, step: 1793, train_loss: -0.177052
TORCHFORT::WANDB: model: actor, step: 1793, train_lr: 0.000356355
TORCHFORT::WANDB: model: alpha, step: 1793, train_loss: -2.78684
TORCHFORT::WANDB: model: alpha, step: 1793, train_lr: 0.0001
TORCHFORT::WANDB: model: critic_0, step: 1794, train_loss: 0.114559
TORCHFORT::WANDB: model: critic_0, step: 1794, train_lr: 0.00035661
TORCHFORT::WANDB: model: actor, step: 1794, train_loss: -0.168812
TORCHFORT::WANDB: model: actor, step: 1794, train_lr: 0.00035661
TORCHFORT::WANDB: model: alpha, step: 1794, train_loss: -2.95373
TORCHFORT::WANDB: model: alpha, step: 1794, train_lr: 0.0001
TORCHFORT::WANDB: model: critic_0, step: 1795, train_loss: 0.107646
TORCHFORT::WANDB: model: critic_0, step: 1795, train_lr: 0.000356866
TORCHFORT::WANDB: model: actor, step: 1795, train_loss: -0.183465
TORCHFORT::WANDB: model: actor, step: 1795, train_lr: 0.000356866
TORCHFORT::WANDB: model: alpha, step: 1795, train_loss: -2.86042
TORCHFORT::WANDB: model: alpha, step: 1795, train_lr: 0.0001
TORCHFORT::WANDB: model: critic_0, step: 1796, train_loss: 0.100505
TORCHFORT::WANDB: model: critic_0, step: 1796, train_lr: 0.000357121
TORCHFORT::WANDB: model: actor, step: 1796, train_loss: -0.166498
TORCHFORT::WANDB: model: actor, step: 1796, train_lr: 0.000357121
TORCHFORT::WANDB: model: alpha, step: 1796, train_loss: -2.84494
TORCHFORT::WANDB: model: alpha, step: 1796, train_lr: 0.0001
TORCHFORT::WANDB: model: critic_0, step: 1797, train_loss: 0.0895203
TORCHFORT::WANDB: model: critic_0, step: 1797, train_lr: 0.000357377
TORCHFORT::WANDB: model: actor, step: 1797, train_loss: -0.164548
TORCHFORT::WANDB: model: actor, step: 1797, train_lr: 0.000357377
TORCHFORT::WANDB: model: alpha, step: 1797, train_loss: -2.85494
TORCHFORT::WANDB: model: alpha, step: 1797, train_lr: 0.0001
TORCHFORT::WANDB: model: critic_0, step: 1798, train_loss: 0.0794668
TORCHFORT::WANDB: model: critic_0, step: 1798, train_lr: 0.000357632
TORCHFORT::WANDB: model: actor, step: 1798, train_loss: -0.17433
TORCHFORT::WANDB: model: actor, step: 1798, train_lr: 0.000357632
TORCHFORT::WANDB: model: alpha, step: 1798, train_loss: -2.79105
TORCHFORT::WANDB: model: alpha, step: 1798, train_lr: 0.0001
TORCHFORT::WANDB: model: critic_0, step: 1799, train_loss: 0.108849
TORCHFORT::WANDB: model: critic_0, step: 1799, train_lr: 0.000357888
TORCHFORT::WANDB: model: actor, step: 1799, train_loss: -0.164233
TORCHFORT::WANDB: model: actor, step: 1799, train_lr: 0.000357888
TORCHFORT::WANDB: model: alpha, step: 1799, train_loss: -2.92425
TORCHFORT::WANDB: model: alpha, step: 1799, train_lr: 0.0001
TORCHFORT::WANDB: model: critic_0, step: 1800, train_loss: 0.124001
TORCHFORT::WANDB: model: critic_0, step: 1800, train_lr: 0.000358144
TORCHFORT::WANDB: model: actor, step: 1800, train_loss: -0.167501
TORCHFORT::WANDB: model: actor, step: 1800, train_lr: 0.000358144
TORCHFORT::WANDB: model: alpha, step: 1800, train_loss: -2.92266
TORCHFORT::WANDB: model: alpha, step: 1800, train_lr: 0.0001
TORCHFORT::WANDB: model: rlwm, step: 18, reward_sum: 2172.24
TORCHFORT::WANDB: model: rlwm, step: 18, policy_loss: -0.167501
TORCHFORT::WANDB: model: rlwm, step: 18, critic_loss: 0.124001
TORCHFORT::WANDB: model: critic_0, step: 1801, train_loss: 0.214668
TORCHFORT::WANDB: model: critic_0, step: 1801, train_lr: 0.000358399
TORCHFORT::WANDB: model: actor, step: 1801, train_loss: -0.167105
TORCHFORT::WANDB: model: actor, step: 1801, train_lr: 0.000358399
TORCHFORT::WANDB: model: alpha, step: 1801, train_loss: -2.93003
TORCHFORT::WANDB: model: alpha, step: 1801, train_lr: 0.0001
TORCHFORT::WANDB: model: critic_0, step: 1802, train_loss: 0.119594
TORCHFORT::WANDB: model: critic_0, step: 1802, train_lr: 0.000358655
TORCHFORT::WANDB: model: actor, step: 1802, train_loss: -0.171576
TORCHFORT::WANDB: model: actor, step: 1802, train_lr: 0.000358655
TORCHFORT::WANDB: model: alpha, step: 1802, train_loss: -2.94963
TORCHFORT::WANDB: model: alpha, step: 1802, train_lr: 0.0001
TORCHFORT::WANDB: model: critic_0, step: 1803, train_loss: 0.101733
TORCHFORT::WANDB: model: critic_0, step: 1803, train_lr: 0.000358911
TORCHFORT::WANDB: model: actor, step: 1803, train_loss: -0.190179
TORCHFORT::WANDB: model: actor, step: 1803, train_lr: 0.000358911
TORCHFORT::WANDB: model: alpha, step: 1803, train_loss: -2.91444
TORCHFORT::WANDB: model: alpha, step: 1803, train_lr: 0.0001
TORCHFORT::WANDB: model: critic_0, step: 1804, train_loss: 0.152579
TORCHFORT::WANDB: model: critic_0, step: 1804, train_lr: 0.000359167
TORCHFORT::WANDB: model: actor, step: 1804, train_loss: -0.175577
TORCHFORT::WANDB: model: actor, step: 1804, train_lr: 0.000359167
TORCHFORT::WANDB: model: alpha, step: 1804, train_loss: -2.91351
TORCHFORT::WANDB: model: alpha, step: 1804, train_lr: 0.0001
TORCHFORT::WANDB: model: critic_0, step: 1805, train_loss: 0.157987
TORCHFORT::WANDB: model: critic_0, step: 1805, train_lr: 0.000359423
TORCHFORT::WANDB: model: actor, step: 1805, train_loss: -0.193278
TORCHFORT::WANDB: model: actor, step: 1805, train_lr: 0.000359423
TORCHFORT::WANDB: model: alpha, step: 1805, train_loss: -2.7844
TORCHFORT::WANDB: model: alpha, step: 1805, train_lr: 0.0001
TORCHFORT::WANDB: model: critic_0, step: 1806, train_loss: 0.10956
TORCHFORT::WANDB: model: critic_0, step: 1806, train_lr: 0.000359679
TORCHFORT::WANDB: model: actor, step: 1806, train_loss: -0.196122
TORCHFORT::WANDB: model: actor, step: 1806, train_lr: 0.000359679
TORCHFORT::WANDB: model: alpha, step: 1806, train_loss: -2.82784
TORCHFORT::WANDB: model: alpha, step: 1806, train_lr: 0.0001
TORCHFORT::WANDB: model: critic_0, step: 1807, train_loss: 0.0964189
TORCHFORT::WANDB: model: critic_0, step: 1807, train_lr: 0.000359936
TORCHFORT::WANDB: model: actor, step: 1807, train_loss: -0.208053
TORCHFORT::WANDB: model: actor, step: 1807, train_lr: 0.000359936
TORCHFORT::WANDB: model: alpha, step: 1807, train_loss: -2.91181
TORCHFORT::WANDB: model: alpha, step: 1807, train_lr: 0.0001
TORCHFORT::WANDB: model: critic_0, step: 1808, train_loss: 0.17902
TORCHFORT::WANDB: model: critic_0, step: 1808, train_lr: 0.000360192
TORCHFORT::WANDB: model: actor, step: 1808, train_loss: -0.205138
TORCHFORT::WANDB: model: actor, step: 1808, train_lr: 0.000360192
TORCHFORT::WANDB: model: alpha, step: 1808, train_loss: -2.94721
TORCHFORT::WANDB: model: alpha, step: 1808, train_lr: 0.0001
TORCHFORT::WANDB: model: critic_0, step: 1809, train_loss: 0.117167
TORCHFORT::WANDB: model: critic_0, step: 1809, train_lr: 0.000360448
TORCHFORT::WANDB: model: actor, step: 1809, train_loss: -0.21067
TORCHFORT::WANDB: model: actor, step: 1809, train_lr: 0.000360448
TORCHFORT::WANDB: model: alpha, step: 1809, train_loss: -2.82378
TORCHFORT::WANDB: model: alpha, step: 1809, train_lr: 0.0001
TORCHFORT::WANDB: model: critic_0, step: 1810, train_loss: 0.0883841
TORCHFORT::WANDB: model: critic_0, step: 1810, train_lr: 0.000360705
TORCHFORT::WANDB: model: actor, step: 1810, train_loss: -0.185168
TORCHFORT::WANDB: model: actor, step: 1810, train_lr: 0.000360705
TORCHFORT::WANDB: model: alpha, step: 1810, train_loss: -2.75717
TORCHFORT::WANDB: model: alpha, step: 1810, train_lr: 0.0001
TORCHFORT::WANDB: model: critic_0, step: 1811, train_loss: 0.175428
TORCHFORT::WANDB: model: critic_0, step: 1811, train_lr: 0.000360961
TORCHFORT::WANDB: model: actor, step: 1811, train_loss: -0.192418
TORCHFORT::WANDB: model: actor, step: 1811, train_lr: 0.000360961
TORCHFORT::WANDB: model: alpha, step: 1811, train_loss: -2.86996
TORCHFORT::WANDB: model: alpha, step: 1811, train_lr: 0.0001
TORCHFORT::WANDB: model: critic_0, step: 1812, train_loss: 0.0964022
TORCHFORT::WANDB: model: critic_0, step: 1812, train_lr: 0.000361218
TORCHFORT::WANDB: model: actor, step: 1812, train_loss: -0.187127
TORCHFORT::WANDB: model: actor, step: 1812, train_lr: 0.000361218
TORCHFORT::WANDB: model: alpha, step: 1812, train_loss: -2.87221
TORCHFORT::WANDB: model: alpha, step: 1812, train_lr: 0.0001
TORCHFORT::WANDB: model: critic_0, step: 1813, train_loss: 0.16681
TORCHFORT::WANDB: model: critic_0, step: 1813, train_lr: 0.000361475
TORCHFORT::WANDB: model: actor, step: 1813, train_loss: -0.175868
TORCHFORT::WANDB: model: actor, step: 1813, train_lr: 0.000361475
TORCHFORT::WANDB: model: alpha, step: 1813, train_loss: -2.93268
TORCHFORT::WANDB: model: alpha, step: 1813, train_lr: 0.0001
TORCHFORT::WANDB: model: critic_0, step: 1814, train_loss: 0.132252
TORCHFORT::WANDB: model: critic_0, step: 1814, train_lr: 0.000361732
TORCHFORT::WANDB: model: actor, step: 1814, train_loss: -0.190884
TORCHFORT::WANDB: model: actor, step: 1814, train_lr: 0.000361732
TORCHFORT::WANDB: model: alpha, step: 1814, train_loss: -2.90111
TORCHFORT::WANDB: model: alpha, step: 1814, train_lr: 0.0001
TORCHFORT::WANDB: model: critic_0, step: 1815, train_loss: 0.131819
TORCHFORT::WANDB: model: critic_0, step: 1815, train_lr: 0.000361988
TORCHFORT::WANDB: model: actor, step: 1815, train_loss: -0.181274
TORCHFORT::WANDB: model: actor, step: 1815, train_lr: 0.000361988
TORCHFORT::WANDB: model: alpha, step: 1815, train_loss: -2.94987
TORCHFORT::WANDB: model: alpha, step: 1815, train_lr: 0.0001
TORCHFORT::WANDB: model: critic_0, step: 1816, train_loss: 0.138126
TORCHFORT::WANDB: model: critic_0, step: 1816, train_lr: 0.000362245
TORCHFORT::WANDB: model: actor, step: 1816, train_loss: -0.191059
TORCHFORT::WANDB: model: actor, step: 1816, train_lr: 0.000362245
TORCHFORT::WANDB: model: alpha, step: 1816, train_loss: -2.8817
TORCHFORT::WANDB: model: alpha, step: 1816, train_lr: 0.0001
TORCHFORT::WANDB: model: critic_0, step: 1817, train_loss: 0.109569
TORCHFORT::WANDB: model: critic_0, step: 1817, train_lr: 0.000362502
TORCHFORT::WANDB: model: actor, step: 1817, train_loss: -0.176783
TORCHFORT::WANDB: model: actor, step: 1817, train_lr: 0.000362502
TORCHFORT::WANDB: model: alpha, step: 1817, train_loss: -2.93835
TORCHFORT::WANDB: model: alpha, step: 1817, train_lr: 0.0001
TORCHFORT::WANDB: model: critic_0, step: 1818, train_loss: 0.0943453
TORCHFORT::WANDB: model: critic_0, step: 1818, train_lr: 0.000362759
TORCHFORT::WANDB: model: actor, step: 1818, train_loss: -0.18247
TORCHFORT::WANDB: model: actor, step: 1818, train_lr: 0.000362759
TORCHFORT::WANDB: model: alpha, step: 1818, train_loss: -2.9881
TORCHFORT::WANDB: model: alpha, step: 1818, train_lr: 0.0001
TORCHFORT::WANDB: model: critic_0, step: 1819, train_loss: 0.198583
TORCHFORT::WANDB: model: critic_0, step: 1819, train_lr: 0.000363016
TORCHFORT::WANDB: model: actor, step: 1819, train_loss: -0.185564
TORCHFORT::WANDB: model: actor, step: 1819, train_lr: 0.000363016
TORCHFORT::WANDB: model: alpha, step: 1819, train_loss: -2.88596
TORCHFORT::WANDB: model: alpha, step: 1819, train_lr: 0.0001
TORCHFORT::WANDB: model: critic_0, step: 1820, train_loss: 0.104538
TORCHFORT::WANDB: model: critic_0, step: 1820, train_lr: 0.000363274
TORCHFORT::WANDB: model: actor, step: 1820, train_loss: -0.176229
TORCHFORT::WANDB: model: actor, step: 1820, train_lr: 0.000363274
TORCHFORT::WANDB: model: alpha, step: 1820, train_loss: -2.8419
TORCHFORT::WANDB: model: alpha, step: 1820, train_lr: 0.0001
TORCHFORT::WANDB: model: critic_0, step: 1821, train_loss: 0.0963635
TORCHFORT::WANDB: model: critic_0, step: 1821, train_lr: 0.000363531
TORCHFORT::WANDB: model: actor, step: 1821, train_loss: -0.16177
TORCHFORT::WANDB: model: actor, step: 1821, train_lr: 0.000363531
TORCHFORT::WANDB: model: alpha, step: 1821, train_loss: -2.85573
TORCHFORT::WANDB: model: alpha, step: 1821, train_lr: 0.0001
TORCHFORT::WANDB: model: critic_0, step: 1822, train_loss: 0.108885
TORCHFORT::WANDB: model: critic_0, step: 1822, train_lr: 0.000363788
TORCHFORT::WANDB: model: actor, step: 1822, train_loss: -0.156593
TORCHFORT::WANDB: model: actor, step: 1822, train_lr: 0.000363788
TORCHFORT::WANDB: model: alpha, step: 1822, train_loss: -2.95559
TORCHFORT::WANDB: model: alpha, step: 1822, train_lr: 0.0001
TORCHFORT::WANDB: model: critic_0, step: 1823, train_loss: 0.165441
TORCHFORT::WANDB: model: critic_0, step: 1823, train_lr: 0.000364046
TORCHFORT::WANDB: model: actor, step: 1823, train_loss: -0.158596
TORCHFORT::WANDB: model: actor, step: 1823, train_lr: 0.000364046
TORCHFORT::WANDB: model: alpha, step: 1823, train_loss: -2.91789
TORCHFORT::WANDB: model: alpha, step: 1823, train_lr: 0.0001
TORCHFORT::WANDB: model: critic_0, step: 1824, train_loss: 0.108979
TORCHFORT::WANDB: model: critic_0, step: 1824, train_lr: 0.000364303
TORCHFORT::WANDB: model: actor, step: 1824, train_loss: -0.152564
TORCHFORT::WANDB: model: actor, step: 1824, train_lr: 0.000364303
TORCHFORT::WANDB: model: alpha, step: 1824, train_loss: -2.85444
TORCHFORT::WANDB: model: alpha, step: 1824, train_lr: 0.0001
TORCHFORT::WANDB: model: critic_0, step: 1825, train_loss: 0.109324
TORCHFORT::WANDB: model: critic_0, step: 1825, train_lr: 0.000364561
TORCHFORT::WANDB: model: actor, step: 1825, train_loss: -0.166265
TORCHFORT::WANDB: model: actor, step: 1825, train_lr: 0.000364561
TORCHFORT::WANDB: model: alpha, step: 1825, train_loss: -2.9393
TORCHFORT::WANDB: model: alpha, step: 1825, train_lr: 0.0001
TORCHFORT::WANDB: model: critic_0, step: 1826, train_loss: 0.0949458
TORCHFORT::WANDB: model: critic_0, step: 1826, train_lr: 0.000364819
TORCHFORT::WANDB: model: actor, step: 1826, train_loss: -0.164282
TORCHFORT::WANDB: model: actor, step: 1826, train_lr: 0.000364819
TORCHFORT::WANDB: model: alpha, step: 1826, train_loss: -2.91451
TORCHFORT::WANDB: model: alpha, step: 1826, train_lr: 0.0001
TORCHFORT::WANDB: model: critic_0, step: 1827, train_loss: 0.172463
TORCHFORT::WANDB: model: critic_0, step: 1827, train_lr: 0.000365076
TORCHFORT::WANDB: model: actor, step: 1827, train_loss: -0.172967
TORCHFORT::WANDB: model: actor, step: 1827, train_lr: 0.000365076
TORCHFORT::WANDB: model: alpha, step: 1827, train_loss: -2.8479
TORCHFORT::WANDB: model: alpha, step: 1827, train_lr: 0.0001
TORCHFORT::WANDB: model: critic_0, step: 1828, train_loss: 0.100611
TORCHFORT::WANDB: model: critic_0, step: 1828, train_lr: 0.000365334
TORCHFORT::WANDB: model: actor, step: 1828, train_loss: -0.190489
TORCHFORT::WANDB: model: actor, step: 1828, train_lr: 0.000365334
TORCHFORT::WANDB: model: alpha, step: 1828, train_loss: -2.92117
TORCHFORT::WANDB: model: alpha, step: 1828, train_lr: 0.0001
TORCHFORT::WANDB: model: critic_0, step: 1829, train_loss: 0.137826
TORCHFORT::WANDB: model: critic_0, step: 1829, train_lr: 0.000365592
TORCHFORT::WANDB: model: actor, step: 1829, train_loss: -0.196549
TORCHFORT::WANDB: model: actor, step: 1829, train_lr: 0.000365592
TORCHFORT::WANDB: model: alpha, step: 1829, train_loss: -2.80942
TORCHFORT::WANDB: model: alpha, step: 1829, train_lr: 0.0001
TORCHFORT::WANDB: model: critic_0, step: 1830, train_loss: 0.146388
TORCHFORT::WANDB: model: critic_0, step: 1830, train_lr: 0.00036585
TORCHFORT::WANDB: model: actor, step: 1830, train_loss: -0.203302
TORCHFORT::WANDB: model: actor, step: 1830, train_lr: 0.00036585
TORCHFORT::WANDB: model: alpha, step: 1830, train_loss: -2.93915
TORCHFORT::WANDB: model: alpha, step: 1830, train_lr: 0.0001
TORCHFORT::WANDB: model: critic_0, step: 1831, train_loss: 0.144122
TORCHFORT::WANDB: model: critic_0, step: 1831, train_lr: 0.000366108
TORCHFORT::WANDB: model: actor, step: 1831, train_loss: -0.219558
TORCHFORT::WANDB: model: actor, step: 1831, train_lr: 0.000366108
TORCHFORT::WANDB: model: alpha, step: 1831, train_loss: -2.87237
TORCHFORT::WANDB: model: alpha, step: 1831, train_lr: 0.0001
TORCHFORT::WANDB: model: critic_0, step: 1832, train_loss: 0.120956
TORCHFORT::WANDB: model: critic_0, step: 1832, train_lr: 0.000366366
TORCHFORT::WANDB: model: actor, step: 1832, train_loss: -0.194367
TORCHFORT::WANDB: model: actor, step: 1832, train_lr: 0.000366366
TORCHFORT::WANDB: model: alpha, step: 1832, train_loss: -2.88726
TORCHFORT::WANDB: model: alpha, step: 1832, train_lr: 0.0001
TORCHFORT::WANDB: model: critic_0, step: 1833, train_loss: 0.121403
TORCHFORT::WANDB: model: critic_0, step: 1833, train_lr: 0.000366624
TORCHFORT::WANDB: model: actor, step: 1833, train_loss: -0.221261
TORCHFORT::WANDB: model: actor, step: 1833, train_lr: 0.000366624
TORCHFORT::WANDB: model: alpha, step: 1833, train_loss: -2.77673
TORCHFORT::WANDB: model: alpha, step: 1833, train_lr: 0.0001
TORCHFORT::WANDB: model: critic_0, step: 1834, train_loss: 0.106394
TORCHFORT::WANDB: model: critic_0, step: 1834, train_lr: 0.000366882
TORCHFORT::WANDB: model: actor, step: 1834, train_loss: -0.219467
TORCHFORT::WANDB: model: actor, step: 1834, train_lr: 0.000366882
TORCHFORT::WANDB: model: alpha, step: 1834, train_loss: -2.71204
TORCHFORT::WANDB: model: alpha, step: 1834, train_lr: 0.0001
TORCHFORT::WANDB: model: critic_0, step: 1835, train_loss: 0.100821
TORCHFORT::WANDB: model: critic_0, step: 1835, train_lr: 0.000367141
TORCHFORT::WANDB: model: actor, step: 1835, train_loss: -0.204983
TORCHFORT::WANDB: model: actor, step: 1835, train_lr: 0.000367141
TORCHFORT::WANDB: model: alpha, step: 1835, train_loss: -2.83681
TORCHFORT::WANDB: model: alpha, step: 1835, train_lr: 0.0001
TORCHFORT::WANDB: model: critic_0, step: 1836, train_loss: 0.0986031
TORCHFORT::WANDB: model: critic_0, step: 1836, train_lr: 0.000367399
TORCHFORT::WANDB: model: actor, step: 1836, train_loss: -0.169759
TORCHFORT::WANDB: model: actor, step: 1836, train_lr: 0.000367399
TORCHFORT::WANDB: model: alpha, step: 1836, train_loss: -2.85981
TORCHFORT::WANDB: model: alpha, step: 1836, train_lr: 0.0001
TORCHFORT::WANDB: model: critic_0, step: 1837, train_loss: 0.14985
TORCHFORT::WANDB: model: critic_0, step: 1837, train_lr: 0.000367658
TORCHFORT::WANDB: model: actor, step: 1837, train_loss: -0.173493
TORCHFORT::WANDB: model: actor, step: 1837, train_lr: 0.000367658
TORCHFORT::WANDB: model: alpha, step: 1837, train_loss: -2.88189
TORCHFORT::WANDB: model: alpha, step: 1837, train_lr: 0.0001
TORCHFORT::WANDB: model: critic_0, step: 1838, train_loss: 0.123044
TORCHFORT::WANDB: model: critic_0, step: 1838, train_lr: 0.000367916
TORCHFORT::WANDB: model: actor, step: 1838, train_loss: -0.168674
TORCHFORT::WANDB: model: actor, step: 1838, train_lr: 0.000367916
TORCHFORT::WANDB: model: alpha, step: 1838, train_loss: -2.80818
TORCHFORT::WANDB: model: alpha, step: 1838, train_lr: 0.0001
TORCHFORT::WANDB: model: critic_0, step: 1839, train_loss: 0.250157
TORCHFORT::WANDB: model: critic_0, step: 1839, train_lr: 0.000368175
TORCHFORT::WANDB: model: actor, step: 1839, train_loss: -0.165051
TORCHFORT::WANDB: model: actor, step: 1839, train_lr: 0.000368175
TORCHFORT::WANDB: model: alpha, step: 1839, train_loss: -2.94366
TORCHFORT::WANDB: model: alpha, step: 1839, train_lr: 0.0001
TORCHFORT::WANDB: model: critic_0, step: 1840, train_loss: 0.179362
TORCHFORT::WANDB: model: critic_0, step: 1840, train_lr: 0.000368433
TORCHFORT::WANDB: model: actor, step: 1840, train_loss: -0.160463
TORCHFORT::WANDB: model: actor, step: 1840, train_lr: 0.000368433
TORCHFORT::WANDB: model: alpha, step: 1840, train_loss: -2.89523
TORCHFORT::WANDB: model: alpha, step: 1840, train_lr: 0.0001
TORCHFORT::WANDB: model: critic_0, step: 1841, train_loss: 0.115083
TORCHFORT::WANDB: model: critic_0, step: 1841, train_lr: 0.000368692
TORCHFORT::WANDB: model: actor, step: 1841, train_loss: -0.193611
TORCHFORT::WANDB: model: actor, step: 1841, train_lr: 0.000368692
TORCHFORT::WANDB: model: alpha, step: 1841, train_loss: -2.91205
TORCHFORT::WANDB: model: alpha, step: 1841, train_lr: 0.0001
TORCHFORT::WANDB: model: critic_0, step: 1842, train_loss: 0.0727234
TORCHFORT::WANDB: model: critic_0, step: 1842, train_lr: 0.000368951
TORCHFORT::WANDB: model: actor, step: 1842, train_loss: -0.206079
TORCHFORT::WANDB: model: actor, step: 1842, train_lr: 0.000368951
TORCHFORT::WANDB: model: alpha, step: 1842, train_loss: -2.81942
TORCHFORT::WANDB: model: alpha, step: 1842, train_lr: 0.0001
TORCHFORT::WANDB: model: critic_0, step: 1843, train_loss: 0.169798
TORCHFORT::WANDB: model: critic_0, step: 1843, train_lr: 0.00036921
TORCHFORT::WANDB: model: actor, step: 1843, train_loss: -0.212753
TORCHFORT::WANDB: model: actor, step: 1843, train_lr: 0.00036921
TORCHFORT::WANDB: model: alpha, step: 1843, train_loss: -2.8913
TORCHFORT::WANDB: model: alpha, step: 1843, train_lr: 0.0001
TORCHFORT::WANDB: model: critic_0, step: 1844, train_loss: 0.19097
TORCHFORT::WANDB: model: critic_0, step: 1844, train_lr: 0.000369469
TORCHFORT::WANDB: model: actor, step: 1844, train_loss: -0.23081
TORCHFORT::WANDB: model: actor, step: 1844, train_lr: 0.000369469
TORCHFORT::WANDB: model: alpha, step: 1844, train_loss: -2.91418
TORCHFORT::WANDB: model: alpha, step: 1844, train_lr: 0.0001
TORCHFORT::WANDB: model: critic_0, step: 1845, train_loss: 0.109495
TORCHFORT::WANDB: model: critic_0, step: 1845, train_lr: 0.000369728
TORCHFORT::WANDB: model: actor, step: 1845, train_loss: -0.255036
TORCHFORT::WANDB: model: actor, step: 1845, train_lr: 0.000369728
TORCHFORT::WANDB: model: alpha, step: 1845, train_loss: -2.87912
TORCHFORT::WANDB: model: alpha, step: 1845, train_lr: 0.0001
TORCHFORT::WANDB: model: critic_0, step: 1846, train_loss: 0.163349
TORCHFORT::WANDB: model: critic_0, step: 1846, train_lr: 0.000369987
TORCHFORT::WANDB: model: actor, step: 1846, train_loss: -0.265031
TORCHFORT::WANDB: model: actor, step: 1846, train_lr: 0.000369987
TORCHFORT::WANDB: model: alpha, step: 1846, train_loss: -2.92258
TORCHFORT::WANDB: model: alpha, step: 1846, train_lr: 0.0001
TORCHFORT::WANDB: model: critic_0, step: 1847, train_loss: 0.125462
TORCHFORT::WANDB: model: critic_0, step: 1847, train_lr: 0.000370246
TORCHFORT::WANDB: model: actor, step: 1847, train_loss: -0.238017
TORCHFORT::WANDB: model: actor, step: 1847, train_lr: 0.000370246
TORCHFORT::WANDB: model: alpha, step: 1847, train_loss: -3.00562
TORCHFORT::WANDB: model: alpha, step: 1847, train_lr: 0.0001
TORCHFORT::WANDB: model: critic_0, step: 1848, train_loss: 0.0926848
TORCHFORT::WANDB: model: critic_0, step: 1848, train_lr: 0.000370505
TORCHFORT::WANDB: model: actor, step: 1848, train_loss: -0.240747
TORCHFORT::WANDB: model: actor, step: 1848, train_lr: 0.000370505
TORCHFORT::WANDB: model: alpha, step: 1848, train_loss: -2.86704
TORCHFORT::WANDB: model: alpha, step: 1848, train_lr: 0.0001
TORCHFORT::WANDB: model: critic_0, step: 1849, train_loss: 0.130864
TORCHFORT::WANDB: model: critic_0, step: 1849, train_lr: 0.000370765
TORCHFORT::WANDB: model: actor, step: 1849, train_loss: -0.231752
TORCHFORT::WANDB: model: actor, step: 1849, train_lr: 0.000370765
TORCHFORT::WANDB: model: alpha, step: 1849, train_loss: -2.83423
TORCHFORT::WANDB: model: alpha, step: 1849, train_lr: 0.0001
TORCHFORT::WANDB: model: critic_0, step: 1850, train_loss: 0.161554
TORCHFORT::WANDB: model: critic_0, step: 1850, train_lr: 0.000371024
TORCHFORT::WANDB: model: actor, step: 1850, train_loss: -0.218017
TORCHFORT::WANDB: model: actor, step: 1850, train_lr: 0.000371024
TORCHFORT::WANDB: model: alpha, step: 1850, train_loss: -2.93508
TORCHFORT::WANDB: model: alpha, step: 1850, train_lr: 0.0001
TORCHFORT::WANDB: model: critic_0, step: 1851, train_loss: 0.11005
TORCHFORT::WANDB: model: critic_0, step: 1851, train_lr: 0.000371283
TORCHFORT::WANDB: model: actor, step: 1851, train_loss: -0.188269
TORCHFORT::WANDB: model: actor, step: 1851, train_lr: 0.000371283
TORCHFORT::WANDB: model: alpha, step: 1851, train_loss: -2.96295
TORCHFORT::WANDB: model: alpha, step: 1851, train_lr: 0.0001
TORCHFORT::WANDB: model: critic_0, step: 1852, train_loss: 0.14315
TORCHFORT::WANDB: model: critic_0, step: 1852, train_lr: 0.000371543
TORCHFORT::WANDB: model: actor, step: 1852, train_loss: -0.18269
TORCHFORT::WANDB: model: actor, step: 1852, train_lr: 0.000371543
TORCHFORT::WANDB: model: alpha, step: 1852, train_loss: -2.99234
TORCHFORT::WANDB: model: alpha, step: 1852, train_lr: 0.0001
TORCHFORT::WANDB: model: critic_0, step: 1853, train_loss: 0.0755838
TORCHFORT::WANDB: model: critic_0, step: 1853, train_lr: 0.000371803
TORCHFORT::WANDB: model: actor, step: 1853, train_loss: -0.16103
TORCHFORT::WANDB: model: actor, step: 1853, train_lr: 0.000371803
TORCHFORT::WANDB: model: alpha, step: 1853, train_loss: -2.79721
TORCHFORT::WANDB: model: alpha, step: 1853, train_lr: 0.0001
TORCHFORT::WANDB: model: critic_0, step: 1854, train_loss: 0.172956
TORCHFORT::WANDB: model: critic_0, step: 1854, train_lr: 0.000372062
TORCHFORT::WANDB: model: actor, step: 1854, train_loss: -0.131088
TORCHFORT::WANDB: model: actor, step: 1854, train_lr: 0.000372062
TORCHFORT::WANDB: model: alpha, step: 1854, train_loss: -2.79405
TORCHFORT::WANDB: model: alpha, step: 1854, train_lr: 0.0001
TORCHFORT::WANDB: model: critic_0, step: 1855, train_loss: 0.146595
TORCHFORT::WANDB: model: critic_0, step: 1855, train_lr: 0.000372322
TORCHFORT::WANDB: model: actor, step: 1855, train_loss: -0.127695
TORCHFORT::WANDB: model: actor, step: 1855, train_lr: 0.000372322
TORCHFORT::WANDB: model: alpha, step: 1855, train_loss: -2.82012
TORCHFORT::WANDB: model: alpha, step: 1855, train_lr: 0.0001
TORCHFORT::WANDB: model: critic_0, step: 1856, train_loss: 0.1747
TORCHFORT::WANDB: model: critic_0, step: 1856, train_lr: 0.000372582
TORCHFORT::WANDB: model: actor, step: 1856, train_loss: -0.119826
TORCHFORT::WANDB: model: actor, step: 1856, train_lr: 0.000372582
TORCHFORT::WANDB: model: alpha, step: 1856, train_loss: -2.94779
TORCHFORT::WANDB: model: alpha, step: 1856, train_lr: 0.0001
TORCHFORT::WANDB: model: critic_0, step: 1857, train_loss: 0.121057
TORCHFORT::WANDB: model: critic_0, step: 1857, train_lr: 0.000372842
TORCHFORT::WANDB: model: actor, step: 1857, train_loss: -0.114083
TORCHFORT::WANDB: model: actor, step: 1857, train_lr: 0.000372842
TORCHFORT::WANDB: model: alpha, step: 1857, train_loss: -2.73292
TORCHFORT::WANDB: model: alpha, step: 1857, train_lr: 0.0001
TORCHFORT::WANDB: model: critic_0, step: 1858, train_loss: 0.151189
TORCHFORT::WANDB: model: critic_0, step: 1858, train_lr: 0.000373102
TORCHFORT::WANDB: model: actor, step: 1858, train_loss: -0.144292
TORCHFORT::WANDB: model: actor, step: 1858, train_lr: 0.000373102
TORCHFORT::WANDB: model: alpha, step: 1858, train_loss: -2.97565
TORCHFORT::WANDB: model: alpha, step: 1858, train_lr: 0.0001
TORCHFORT::WANDB: model: critic_0, step: 1859, train_loss: 0.0841379
TORCHFORT::WANDB: model: critic_0, step: 1859, train_lr: 0.000373362
TORCHFORT::WANDB: model: actor, step: 1859, train_loss: -0.133494
TORCHFORT::WANDB: model: actor, step: 1859, train_lr: 0.000373362
TORCHFORT::WANDB: model: alpha, step: 1859, train_loss: -2.80253
TORCHFORT::WANDB: model: alpha, step: 1859, train_lr: 0.0001
TORCHFORT::WANDB: model: critic_0, step: 1860, train_loss: 0.106378
TORCHFORT::WANDB: model: critic_0, step: 1860, train_lr: 0.000373622
TORCHFORT::WANDB: model: actor, step: 1860, train_loss: -0.144197
TORCHFORT::WANDB: model: actor, step: 1860, train_lr: 0.000373622
TORCHFORT::WANDB: model: alpha, step: 1860, train_loss: -2.85403
TORCHFORT::WANDB: model: alpha, step: 1860, train_lr: 0.0001
TORCHFORT::WANDB: model: critic_0, step: 1861, train_loss: 0.109567
TORCHFORT::WANDB: model: critic_0, step: 1861, train_lr: 0.000373882
TORCHFORT::WANDB: model: actor, step: 1861, train_loss: -0.156207
TORCHFORT::WANDB: model: actor, step: 1861, train_lr: 0.000373882
TORCHFORT::WANDB: model: alpha, step: 1861, train_loss: -2.92238
TORCHFORT::WANDB: model: alpha, step: 1861, train_lr: 0.0001
TORCHFORT::WANDB: model: critic_0, step: 1862, train_loss: 0.132248
TORCHFORT::WANDB: model: critic_0, step: 1862, train_lr: 0.000374142
TORCHFORT::WANDB: model: actor, step: 1862, train_loss: -0.142195
TORCHFORT::WANDB: model: actor, step: 1862, train_lr: 0.000374142
TORCHFORT::WANDB: model: alpha, step: 1862, train_loss: -2.88044
TORCHFORT::WANDB: model: alpha, step: 1862, train_lr: 0.0001
TORCHFORT::WANDB: model: critic_0, step: 1863, train_loss: 0.114607
TORCHFORT::WANDB: model: critic_0, step: 1863, train_lr: 0.000374402
TORCHFORT::WANDB: model: actor, step: 1863, train_loss: -0.166715
TORCHFORT::WANDB: model: actor, step: 1863, train_lr: 0.000374402
TORCHFORT::WANDB: model: alpha, step: 1863, train_loss: -2.81914
TORCHFORT::WANDB: model: alpha, step: 1863, train_lr: 0.0001
TORCHFORT::WANDB: model: critic_0, step: 1864, train_loss: 0.251964
TORCHFORT::WANDB: model: critic_0, step: 1864, train_lr: 0.000374663
TORCHFORT::WANDB: model: actor, step: 1864, train_loss: -0.160673
TORCHFORT::WANDB: model: actor, step: 1864, train_lr: 0.000374663
TORCHFORT::WANDB: model: alpha, step: 1864, train_loss: -2.74275
TORCHFORT::WANDB: model: alpha, step: 1864, train_lr: 0.0001
TORCHFORT::WANDB: model: critic_0, step: 1865, train_loss: 0.145592
TORCHFORT::WANDB: model: critic_0, step: 1865, train_lr: 0.000374923
TORCHFORT::WANDB: model: actor, step: 1865, train_loss: -0.18499
TORCHFORT::WANDB: model: actor, step: 1865, train_lr: 0.000374923
TORCHFORT::WANDB: model: alpha, step: 1865, train_loss: -2.82856
TORCHFORT::WANDB: model: alpha, step: 1865, train_lr: 0.0001
TORCHFORT::WANDB: model: critic_0, step: 1866, train_loss: 0.163707
TORCHFORT::WANDB: model: critic_0, step: 1866, train_lr: 0.000375184
TORCHFORT::WANDB: model: actor, step: 1866, train_loss: -0.202196
TORCHFORT::WANDB: model: actor, step: 1866, train_lr: 0.000375184
TORCHFORT::WANDB: model: alpha, step: 1866, train_loss: -2.90305
TORCHFORT::WANDB: model: alpha, step: 1866, train_lr: 0.0001
TORCHFORT::WANDB: model: critic_0, step: 1867, train_loss: 0.101746
TORCHFORT::WANDB: model: critic_0, step: 1867, train_lr: 0.000375444
TORCHFORT::WANDB: model: actor, step: 1867, train_loss: -0.189919
TORCHFORT::WANDB: model: actor, step: 1867, train_lr: 0.000375444
TORCHFORT::WANDB: model: alpha, step: 1867, train_loss: -2.75978
TORCHFORT::WANDB: model: alpha, step: 1867, train_lr: 0.0001
TORCHFORT::WANDB: model: critic_0, step: 1868, train_loss: 0.137514
TORCHFORT::WANDB: model: critic_0, step: 1868, train_lr: 0.000375705
TORCHFORT::WANDB: model: actor, step: 1868, train_loss: -0.206312
TORCHFORT::WANDB: model: actor, step: 1868, train_lr: 0.000375705
TORCHFORT::WANDB: model: alpha, step: 1868, train_loss: -2.64702
TORCHFORT::WANDB: model: alpha, step: 1868, train_lr: 0.0001
TORCHFORT::WANDB: model: critic_0, step: 1869, train_loss: 0.161351
TORCHFORT::WANDB: model: critic_0, step: 1869, train_lr: 0.000375966
TORCHFORT::WANDB: model: actor, step: 1869, train_loss: -0.188569
TORCHFORT::WANDB: model: actor, step: 1869, train_lr: 0.000375966
TORCHFORT::WANDB: model: alpha, step: 1869, train_loss: -2.95498
TORCHFORT::WANDB: model: alpha, step: 1869, train_lr: 0.0001
TORCHFORT::WANDB: model: critic_0, step: 1870, train_loss: 0.157056
TORCHFORT::WANDB: model: critic_0, step: 1870, train_lr: 0.000376226
TORCHFORT::WANDB: model: actor, step: 1870, train_loss: -0.220273
TORCHFORT::WANDB: model: actor, step: 1870, train_lr: 0.000376226
TORCHFORT::WANDB: model: alpha, step: 1870, train_loss: -2.69333
TORCHFORT::WANDB: model: alpha, step: 1870, train_lr: 0.0001
TORCHFORT::WANDB: model: critic_0, step: 1871, train_loss: 0.115911
TORCHFORT::WANDB: model: critic_0, step: 1871, train_lr: 0.000376487
TORCHFORT::WANDB: model: actor, step: 1871, train_loss: -0.181698
TORCHFORT::WANDB: model: actor, step: 1871, train_lr: 0.000376487
TORCHFORT::WANDB: model: alpha, step: 1871, train_loss: -2.91919
TORCHFORT::WANDB: model: alpha, step: 1871, train_lr: 0.0001
TORCHFORT::WANDB: model: critic_0, step: 1872, train_loss: 0.124435
TORCHFORT::WANDB: model: critic_0, step: 1872, train_lr: 0.000376748
TORCHFORT::WANDB: model: actor, step: 1872, train_loss: -0.172468
TORCHFORT::WANDB: model: actor, step: 1872, train_lr: 0.000376748
TORCHFORT::WANDB: model: alpha, step: 1872, train_loss: -3.0816
TORCHFORT::WANDB: model: alpha, step: 1872, train_lr: 0.0001
TORCHFORT::WANDB: model: critic_0, step: 1873, train_loss: 0.121752
TORCHFORT::WANDB: model: critic_0, step: 1873, train_lr: 0.000377009
TORCHFORT::WANDB: model: actor, step: 1873, train_loss: -0.15631
TORCHFORT::WANDB: model: actor, step: 1873, train_lr: 0.000377009
TORCHFORT::WANDB: model: alpha, step: 1873, train_loss: -2.82299
TORCHFORT::WANDB: model: alpha, step: 1873, train_lr: 0.0001
TORCHFORT::WANDB: model: critic_0, step: 1874, train_loss: 0.0922398
TORCHFORT::WANDB: model: critic_0, step: 1874, train_lr: 0.00037727
TORCHFORT::WANDB: model: actor, step: 1874, train_loss: -0.156923
TORCHFORT::WANDB: model: actor, step: 1874, train_lr: 0.00037727
TORCHFORT::WANDB: model: alpha, step: 1874, train_loss: -2.86915
TORCHFORT::WANDB: model: alpha, step: 1874, train_lr: 0.0001
TORCHFORT::WANDB: model: critic_0, step: 1875, train_loss: 0.125143
TORCHFORT::WANDB: model: critic_0, step: 1875, train_lr: 0.000377531
TORCHFORT::WANDB: model: actor, step: 1875, train_loss: -0.146412
TORCHFORT::WANDB: model: actor, step: 1875, train_lr: 0.000377531
TORCHFORT::WANDB: model: alpha, step: 1875, train_loss: -2.95406
TORCHFORT::WANDB: model: alpha, step: 1875, train_lr: 0.0001
TORCHFORT::WANDB: model: critic_0, step: 1876, train_loss: 0.10913
TORCHFORT::WANDB: model: critic_0, step: 1876, train_lr: 0.000377792
TORCHFORT::WANDB: model: actor, step: 1876, train_loss: -0.148244
TORCHFORT::WANDB: model: actor, step: 1876, train_lr: 0.000377792
TORCHFORT::WANDB: model: alpha, step: 1876, train_loss: -2.93413
TORCHFORT::WANDB: model: alpha, step: 1876, train_lr: 0.0001
TORCHFORT::WANDB: model: critic_0, step: 1877, train_loss: 0.123608
TORCHFORT::WANDB: model: critic_0, step: 1877, train_lr: 0.000378054
TORCHFORT::WANDB: model: actor, step: 1877, train_loss: -0.148158
TORCHFORT::WANDB: model: actor, step: 1877, train_lr: 0.000378054
TORCHFORT::WANDB: model: alpha, step: 1877, train_loss: -2.90888
TORCHFORT::WANDB: model: alpha, step: 1877, train_lr: 0.0001
TORCHFORT::WANDB: model: critic_0, step: 1878, train_loss: 0.083907
TORCHFORT::WANDB: model: critic_0, step: 1878, train_lr: 0.000378315
TORCHFORT::WANDB: model: actor, step: 1878, train_loss: -0.160389
TORCHFORT::WANDB: model: actor, step: 1878, train_lr: 0.000378315
TORCHFORT::WANDB: model: alpha, step: 1878, train_loss: -2.947
TORCHFORT::WANDB: model: alpha, step: 1878, train_lr: 0.0001
TORCHFORT::WANDB: model: critic_0, step: 1879, train_loss: 0.217179
TORCHFORT::WANDB: model: critic_0, step: 1879, train_lr: 0.000378576
TORCHFORT::WANDB: model: actor, step: 1879, train_loss: -0.177861
TORCHFORT::WANDB: model: actor, step: 1879, train_lr: 0.000378576
TORCHFORT::WANDB: model: alpha, step: 1879, train_loss: -2.91944
TORCHFORT::WANDB: model: alpha, step: 1879, train_lr: 0.0001
TORCHFORT::WANDB: model: critic_0, step: 1880, train_loss: 0.107762
TORCHFORT::WANDB: model: critic_0, step: 1880, train_lr: 0.000378838
TORCHFORT::WANDB: model: actor, step: 1880, train_loss: -0.161647
TORCHFORT::WANDB: model: actor, step: 1880, train_lr: 0.000378838
TORCHFORT::WANDB: model: alpha, step: 1880, train_loss: -3.01173
TORCHFORT::WANDB: model: alpha, step: 1880, train_lr: 0.0001
TORCHFORT::WANDB: model: critic_0, step: 1881, train_loss: 0.104701
TORCHFORT::WANDB: model: critic_0, step: 1881, train_lr: 0.000379099
TORCHFORT::WANDB: model: actor, step: 1881, train_loss: -0.173026
TORCHFORT::WANDB: model: actor, step: 1881, train_lr: 0.000379099
TORCHFORT::WANDB: model: alpha, step: 1881, train_loss: -2.97519
TORCHFORT::WANDB: model: alpha, step: 1881, train_lr: 0.0001
TORCHFORT::WANDB: model: critic_0, step: 1882, train_loss: 0.114286
TORCHFORT::WANDB: model: critic_0, step: 1882, train_lr: 0.000379361
TORCHFORT::WANDB: model: actor, step: 1882, train_loss: -0.175138
TORCHFORT::WANDB: model: actor, step: 1882, train_lr: 0.000379361
TORCHFORT::WANDB: model: alpha, step: 1882, train_loss: -2.8233
TORCHFORT::WANDB: model: alpha, step: 1882, train_lr: 0.0001
TORCHFORT::WANDB: model: critic_0, step: 1883, train_loss: 0.0960751
TORCHFORT::WANDB: model: critic_0, step: 1883, train_lr: 0.000379623
TORCHFORT::WANDB: model: actor, step: 1883, train_loss: -0.180395
TORCHFORT::WANDB: model: actor, step: 1883, train_lr: 0.000379623
TORCHFORT::WANDB: model: alpha, step: 1883, train_loss: -2.91654
TORCHFORT::WANDB: model: alpha, step: 1883, train_lr: 0.0001
TORCHFORT::WANDB: model: critic_0, step: 1884, train_loss: 0.124322
TORCHFORT::WANDB: model: critic_0, step: 1884, train_lr: 0.000379884
TORCHFORT::WANDB: model: actor, step: 1884, train_loss: -0.170206
TORCHFORT::WANDB: model: actor, step: 1884, train_lr: 0.000379884
TORCHFORT::WANDB: model: alpha, step: 1884, train_loss: -2.92099
TORCHFORT::WANDB: model: alpha, step: 1884, train_lr: 0.0001
TORCHFORT::WANDB: model: critic_0, step: 1885, train_loss: 0.250691
TORCHFORT::WANDB: model: critic_0, step: 1885, train_lr: 0.000380146
TORCHFORT::WANDB: model: actor, step: 1885, train_loss: -0.180989
TORCHFORT::WANDB: model: actor, step: 1885, train_lr: 0.000380146
TORCHFORT::WANDB: model: alpha, step: 1885, train_loss: -2.94658
TORCHFORT::WANDB: model: alpha, step: 1885, train_lr: 0.0001
TORCHFORT::WANDB: model: critic_0, step: 1886, train_loss: 0.124588
TORCHFORT::WANDB: model: critic_0, step: 1886, train_lr: 0.000380408
TORCHFORT::WANDB: model: actor, step: 1886, train_loss: -0.179551
TORCHFORT::WANDB: model: actor, step: 1886, train_lr: 0.000380408
TORCHFORT::WANDB: model: alpha, step: 1886, train_loss: -2.96619
TORCHFORT::WANDB: model: alpha, step: 1886, train_lr: 0.0001
TORCHFORT::WANDB: model: critic_0, step: 1887, train_loss: 0.0716359
TORCHFORT::WANDB: model: critic_0, step: 1887, train_lr: 0.00038067
TORCHFORT::WANDB: model: actor, step: 1887, train_loss: -0.181915
TORCHFORT::WANDB: model: actor, step: 1887, train_lr: 0.00038067
TORCHFORT::WANDB: model: alpha, step: 1887, train_loss: -2.92004
TORCHFORT::WANDB: model: alpha, step: 1887, train_lr: 0.0001
TORCHFORT::WANDB: model: critic_0, step: 1888, train_loss: 0.151338
TORCHFORT::WANDB: model: critic_0, step: 1888, train_lr: 0.000380932
TORCHFORT::WANDB: model: actor, step: 1888, train_loss: -0.200989
TORCHFORT::WANDB: model: actor, step: 1888, train_lr: 0.000380932
TORCHFORT::WANDB: model: alpha, step: 1888, train_loss: -2.95868
TORCHFORT::WANDB: model: alpha, step: 1888, train_lr: 0.0001
TORCHFORT::WANDB: model: critic_0, step: 1889, train_loss: 0.118511
TORCHFORT::WANDB: model: critic_0, step: 1889, train_lr: 0.000381194
TORCHFORT::WANDB: model: actor, step: 1889, train_loss: -0.168965
TORCHFORT::WANDB: model: actor, step: 1889, train_lr: 0.000381194
TORCHFORT::WANDB: model: alpha, step: 1889, train_loss: -2.96886
TORCHFORT::WANDB: model: alpha, step: 1889, train_lr: 0.0001
TORCHFORT::WANDB: model: critic_0, step: 1890, train_loss: 0.200384
TORCHFORT::WANDB: model: critic_0, step: 1890, train_lr: 0.000381456
TORCHFORT::WANDB: model: actor, step: 1890, train_loss: -0.166327
TORCHFORT::WANDB: model: actor, step: 1890, train_lr: 0.000381456
TORCHFORT::WANDB: model: alpha, step: 1890, train_loss: -2.95277
TORCHFORT::WANDB: model: alpha, step: 1890, train_lr: 0.0001
TORCHFORT::WANDB: model: critic_0, step: 1891, train_loss: 0.0671522
TORCHFORT::WANDB: model: critic_0, step: 1891, train_lr: 0.000381718
TORCHFORT::WANDB: model: actor, step: 1891, train_loss: -0.154228
TORCHFORT::WANDB: model: actor, step: 1891, train_lr: 0.000381718
TORCHFORT::WANDB: model: alpha, step: 1891, train_loss: -2.98062
TORCHFORT::WANDB: model: alpha, step: 1891, train_lr: 0.0001
TORCHFORT::WANDB: model: critic_0, step: 1892, train_loss: 0.149774
TORCHFORT::WANDB: model: critic_0, step: 1892, train_lr: 0.000381981
TORCHFORT::WANDB: model: actor, step: 1892, train_loss: -0.163513
TORCHFORT::WANDB: model: actor, step: 1892, train_lr: 0.000381981
TORCHFORT::WANDB: model: alpha, step: 1892, train_loss: -2.92819
TORCHFORT::WANDB: model: alpha, step: 1892, train_lr: 0.0001
TORCHFORT::WANDB: model: critic_0, step: 1893, train_loss: 0.15517
TORCHFORT::WANDB: model: critic_0, step: 1893, train_lr: 0.000382243
TORCHFORT::WANDB: model: actor, step: 1893, train_loss: -0.160305
TORCHFORT::WANDB: model: actor, step: 1893, train_lr: 0.000382243
TORCHFORT::WANDB: model: alpha, step: 1893, train_loss: -2.85313
TORCHFORT::WANDB: model: alpha, step: 1893, train_lr: 0.0001
TORCHFORT::WANDB: model: critic_0, step: 1894, train_loss: 0.154823
TORCHFORT::WANDB: model: critic_0, step: 1894, train_lr: 0.000382505
TORCHFORT::WANDB: model: actor, step: 1894, train_loss: -0.151644
TORCHFORT::WANDB: model: actor, step: 1894, train_lr: 0.000382505
TORCHFORT::WANDB: model: alpha, step: 1894, train_loss: -2.92627
TORCHFORT::WANDB: model: alpha, step: 1894, train_lr: 0.0001
TORCHFORT::WANDB: model: critic_0, step: 1895, train_loss: 0.153748
TORCHFORT::WANDB: model: critic_0, step: 1895, train_lr: 0.000382768
TORCHFORT::WANDB: model: actor, step: 1895, train_loss: -0.182511
TORCHFORT::WANDB: model: actor, step: 1895, train_lr: 0.000382768
TORCHFORT::WANDB: model: alpha, step: 1895, train_loss: -2.78332
TORCHFORT::WANDB: model: alpha, step: 1895, train_lr: 0.0001
TORCHFORT::WANDB: model: critic_0, step: 1896, train_loss: 0.117929
TORCHFORT::WANDB: model: critic_0, step: 1896, train_lr: 0.00038303
TORCHFORT::WANDB: model: actor, step: 1896, train_loss: -0.16877
TORCHFORT::WANDB: model: actor, step: 1896, train_lr: 0.00038303
TORCHFORT::WANDB: model: alpha, step: 1896, train_loss: -2.82178
TORCHFORT::WANDB: model: alpha, step: 1896, train_lr: 0.0001
TORCHFORT::WANDB: model: critic_0, step: 1897, train_loss: 0.143587
TORCHFORT::WANDB: model: critic_0, step: 1897, train_lr: 0.000383293
TORCHFORT::WANDB: model: actor, step: 1897, train_loss: -0.210325
TORCHFORT::WANDB: model: actor, step: 1897, train_lr: 0.000383293
TORCHFORT::WANDB: model: alpha, step: 1897, train_loss: -2.83335
TORCHFORT::WANDB: model: alpha, step: 1897, train_lr: 0.0001
TORCHFORT::WANDB: model: critic_0, step: 1898, train_loss: 0.118844
TORCHFORT::WANDB: model: critic_0, step: 1898, train_lr: 0.000383556
TORCHFORT::WANDB: model: actor, step: 1898, train_loss: -0.200529
TORCHFORT::WANDB: model: actor, step: 1898, train_lr: 0.000383556
TORCHFORT::WANDB: model: alpha, step: 1898, train_loss: -2.92939
TORCHFORT::WANDB: model: alpha, step: 1898, train_lr: 0.0001
TORCHFORT::WANDB: model: critic_0, step: 1899, train_loss: 0.141167
TORCHFORT::WANDB: model: critic_0, step: 1899, train_lr: 0.000383818
TORCHFORT::WANDB: model: actor, step: 1899, train_loss: -0.213881
TORCHFORT::WANDB: model: actor, step: 1899, train_lr: 0.000383818
TORCHFORT::WANDB: model: alpha, step: 1899, train_loss: -2.946
TORCHFORT::WANDB: model: alpha, step: 1899, train_lr: 0.0001
TORCHFORT::WANDB: model: critic_0, step: 1900, train_loss: 0.0858468
TORCHFORT::WANDB: model: critic_0, step: 1900, train_lr: 0.000384081
TORCHFORT::WANDB: model: actor, step: 1900, train_loss: -0.182294
TORCHFORT::WANDB: model: actor, step: 1900, train_lr: 0.000384081
TORCHFORT::WANDB: model: alpha, step: 1900, train_loss: -2.84566
TORCHFORT::WANDB: model: alpha, step: 1900, train_lr: 0.0001
TORCHFORT::WANDB: model: rlwm, step: 19, reward_sum: 2760.79
TORCHFORT::WANDB: model: rlwm, step: 19, policy_loss: -0.182294
TORCHFORT::WANDB: model: rlwm, step: 19, critic_loss: 0.0858468
TORCHFORT::WANDB: model: critic_0, step: 1901, train_loss: 0.139179
TORCHFORT::WANDB: model: critic_0, step: 1901, train_lr: 0.000384344
TORCHFORT::WANDB: model: actor, step: 1901, train_loss: -0.203382
TORCHFORT::WANDB: model: actor, step: 1901, train_lr: 0.000384344
TORCHFORT::WANDB: model: alpha, step: 1901, train_loss: -2.77709
TORCHFORT::WANDB: model: alpha, step: 1901, train_lr: 0.0001
TORCHFORT::WANDB: model: critic_0, step: 1902, train_loss: 0.10739
TORCHFORT::WANDB: model: critic_0, step: 1902, train_lr: 0.000384607
TORCHFORT::WANDB: model: actor, step: 1902, train_loss: -0.165085
TORCHFORT::WANDB: model: actor, step: 1902, train_lr: 0.000384607
TORCHFORT::WANDB: model: alpha, step: 1902, train_loss: -2.8399
TORCHFORT::WANDB: model: alpha, step: 1902, train_lr: 0.0001
TORCHFORT::WANDB: model: critic_0, step: 1903, train_loss: 0.0974292
TORCHFORT::WANDB: model: critic_0, step: 1903, train_lr: 0.00038487
TORCHFORT::WANDB: model: actor, step: 1903, train_loss: -0.184491
TORCHFORT::WANDB: model: actor, step: 1903, train_lr: 0.00038487
TORCHFORT::WANDB: model: alpha, step: 1903, train_loss: -2.81558
TORCHFORT::WANDB: model: alpha, step: 1903, train_lr: 0.0001
TORCHFORT::WANDB: model: critic_0, step: 1904, train_loss: 0.126503
TORCHFORT::WANDB: model: critic_0, step: 1904, train_lr: 0.000385133
TORCHFORT::WANDB: model: actor, step: 1904, train_loss: -0.194112
TORCHFORT::WANDB: model: actor, step: 1904, train_lr: 0.000385133
TORCHFORT::WANDB: model: alpha, step: 1904, train_loss: -2.85353
TORCHFORT::WANDB: model: alpha, step: 1904, train_lr: 0.0001
TORCHFORT::WANDB: model: critic_0, step: 1905, train_loss: 0.166206
TORCHFORT::WANDB: model: critic_0, step: 1905, train_lr: 0.000385396
TORCHFORT::WANDB: model: actor, step: 1905, train_loss: -0.155671
TORCHFORT::WANDB: model: actor, step: 1905, train_lr: 0.000385396
TORCHFORT::WANDB: model: alpha, step: 1905, train_loss: -2.87009
TORCHFORT::WANDB: model: alpha, step: 1905, train_lr: 0.0001
TORCHFORT::WANDB: model: critic_0, step: 1906, train_loss: 0.139225
TORCHFORT::WANDB: model: critic_0, step: 1906, train_lr: 0.000385659
TORCHFORT::WANDB: model: actor, step: 1906, train_loss: -0.178064
TORCHFORT::WANDB: model: actor, step: 1906, train_lr: 0.000385659
TORCHFORT::WANDB: model: alpha, step: 1906, train_loss: -2.97955
TORCHFORT::WANDB: model: alpha, step: 1906, train_lr: 0.0001
TORCHFORT::WANDB: model: critic_0, step: 1907, train_loss: 0.138
TORCHFORT::WANDB: model: critic_0, step: 1907, train_lr: 0.000385922
TORCHFORT::WANDB: model: actor, step: 1907, train_loss: -0.170649
TORCHFORT::WANDB: model: actor, step: 1907, train_lr: 0.000385922
TORCHFORT::WANDB: model: alpha, step: 1907, train_loss: -2.73911
TORCHFORT::WANDB: model: alpha, step: 1907, train_lr: 0.0001
TORCHFORT::WANDB: model: critic_0, step: 1908, train_loss: 0.323387
TORCHFORT::WANDB: model: critic_0, step: 1908, train_lr: 0.000386186
TORCHFORT::WANDB: model: actor, step: 1908, train_loss: -0.176443
TORCHFORT::WANDB: model: actor, step: 1908, train_lr: 0.000386186
TORCHFORT::WANDB: model: alpha, step: 1908, train_loss: -2.88477
TORCHFORT::WANDB: model: alpha, step: 1908, train_lr: 0.0001
TORCHFORT::WANDB: model: critic_0, step: 1909, train_loss: 0.297278
TORCHFORT::WANDB: model: critic_0, step: 1909, train_lr: 0.000386449
TORCHFORT::WANDB: model: actor, step: 1909, train_loss: -0.182766
TORCHFORT::WANDB: model: actor, step: 1909, train_lr: 0.000386449
TORCHFORT::WANDB: model: alpha, step: 1909, train_loss: -2.8993
TORCHFORT::WANDB: model: alpha, step: 1909, train_lr: 0.0001
TORCHFORT::WANDB: model: critic_0, step: 1910, train_loss: 0.126162
TORCHFORT::WANDB: model: critic_0, step: 1910, train_lr: 0.000386713
TORCHFORT::WANDB: model: actor, step: 1910, train_loss: -0.188036
TORCHFORT::WANDB: model: actor, step: 1910, train_lr: 0.000386713
TORCHFORT::WANDB: model: alpha, step: 1910, train_loss: -2.69334
TORCHFORT::WANDB: model: alpha, step: 1910, train_lr: 0.0001
TORCHFORT::WANDB: model: critic_0, step: 1911, train_loss: 0.12074
TORCHFORT::WANDB: model: critic_0, step: 1911, train_lr: 0.000386976
TORCHFORT::WANDB: model: actor, step: 1911, train_loss: -0.199405
TORCHFORT::WANDB: model: actor, step: 1911, train_lr: 0.000386976
TORCHFORT::WANDB: model: alpha, step: 1911, train_loss: -2.86412
TORCHFORT::WANDB: model: alpha, step: 1911, train_lr: 0.0001
TORCHFORT::WANDB: model: critic_0, step: 1912, train_loss: 0.150187
TORCHFORT::WANDB: model: critic_0, step: 1912, train_lr: 0.00038724
TORCHFORT::WANDB: model: actor, step: 1912, train_loss: -0.212778
TORCHFORT::WANDB: model: actor, step: 1912, train_lr: 0.00038724
TORCHFORT::WANDB: model: alpha, step: 1912, train_loss: -2.84015
TORCHFORT::WANDB: model: alpha, step: 1912, train_lr: 0.0001
TORCHFORT::WANDB: model: critic_0, step: 1913, train_loss: 0.0926159
TORCHFORT::WANDB: model: critic_0, step: 1913, train_lr: 0.000387503
TORCHFORT::WANDB: model: actor, step: 1913, train_loss: -0.199326
TORCHFORT::WANDB: model: actor, step: 1913, train_lr: 0.000387503
TORCHFORT::WANDB: model: alpha, step: 1913, train_loss: -2.74891
TORCHFORT::WANDB: model: alpha, step: 1913, train_lr: 0.0001
TORCHFORT::WANDB: model: critic_0, step: 1914, train_loss: 0.0831518
TORCHFORT::WANDB: model: critic_0, step: 1914, train_lr: 0.000387767
TORCHFORT::WANDB: model: actor, step: 1914, train_loss: -0.206233
TORCHFORT::WANDB: model: actor, step: 1914, train_lr: 0.000387767
TORCHFORT::WANDB: model: alpha, step: 1914, train_loss: -2.74797
TORCHFORT::WANDB: model: alpha, step: 1914, train_lr: 0.0001
TORCHFORT::WANDB: model: critic_0, step: 1915, train_loss: 0.168909
TORCHFORT::WANDB: model: critic_0, step: 1915, train_lr: 0.000388031
TORCHFORT::WANDB: model: actor, step: 1915, train_loss: -0.186918
TORCHFORT::WANDB: model: actor, step: 1915, train_lr: 0.000388031
TORCHFORT::WANDB: model: alpha, step: 1915, train_loss: -2.78447
TORCHFORT::WANDB: model: alpha, step: 1915, train_lr: 0.0001
TORCHFORT::WANDB: model: critic_0, step: 1916, train_loss: 0.168538
TORCHFORT::WANDB: model: critic_0, step: 1916, train_lr: 0.000388295
TORCHFORT::WANDB: model: actor, step: 1916, train_loss: -0.175624
TORCHFORT::WANDB: model: actor, step: 1916, train_lr: 0.000388295
TORCHFORT::WANDB: model: alpha, step: 1916, train_loss: -2.95032
TORCHFORT::WANDB: model: alpha, step: 1916, train_lr: 0.0001
TORCHFORT::WANDB: model: critic_0, step: 1917, train_loss: 0.190675
TORCHFORT::WANDB: model: critic_0, step: 1917, train_lr: 0.000388558
TORCHFORT::WANDB: model: actor, step: 1917, train_loss: -0.174941
TORCHFORT::WANDB: model: actor, step: 1917, train_lr: 0.000388558
TORCHFORT::WANDB: model: alpha, step: 1917, train_loss: -2.87055
TORCHFORT::WANDB: model: alpha, step: 1917, train_lr: 0.0001
TORCHFORT::WANDB: model: critic_0, step: 1918, train_loss: 0.145709
TORCHFORT::WANDB: model: critic_0, step: 1918, train_lr: 0.000388822
TORCHFORT::WANDB: model: actor, step: 1918, train_loss: -0.187828
TORCHFORT::WANDB: model: actor, step: 1918, train_lr: 0.000388822
TORCHFORT::WANDB: model: alpha, step: 1918, train_loss: -2.98815
TORCHFORT::WANDB: model: alpha, step: 1918, train_lr: 0.0001
TORCHFORT::WANDB: model: critic_0, step: 1919, train_loss: 0.142594
TORCHFORT::WANDB: model: critic_0, step: 1919, train_lr: 0.000389086
TORCHFORT::WANDB: model: actor, step: 1919, train_loss: -0.155674
TORCHFORT::WANDB: model: actor, step: 1919, train_lr: 0.000389086
TORCHFORT::WANDB: model: alpha, step: 1919, train_loss: -2.93417
TORCHFORT::WANDB: model: alpha, step: 1919, train_lr: 0.0001
TORCHFORT::WANDB: model: critic_0, step: 1920, train_loss: 0.0827939
TORCHFORT::WANDB: model: critic_0, step: 1920, train_lr: 0.000389351
TORCHFORT::WANDB: model: actor, step: 1920, train_loss: -0.155966
TORCHFORT::WANDB: model: actor, step: 1920, train_lr: 0.000389351
TORCHFORT::WANDB: model: alpha, step: 1920, train_loss: -2.83523
TORCHFORT::WANDB: model: alpha, step: 1920, train_lr: 0.0001
TORCHFORT::WANDB: model: critic_0, step: 1921, train_loss: 0.158392
TORCHFORT::WANDB: model: critic_0, step: 1921, train_lr: 0.000389615
TORCHFORT::WANDB: model: actor, step: 1921, train_loss: -0.165951
TORCHFORT::WANDB: model: actor, step: 1921, train_lr: 0.000389615
TORCHFORT::WANDB: model: alpha, step: 1921, train_loss: -2.9137
TORCHFORT::WANDB: model: alpha, step: 1921, train_lr: 0.0001
TORCHFORT::WANDB: model: critic_0, step: 1922, train_loss: 0.150073
TORCHFORT::WANDB: model: critic_0, step: 1922, train_lr: 0.000389879
TORCHFORT::WANDB: model: actor, step: 1922, train_loss: -0.15477
TORCHFORT::WANDB: model: actor, step: 1922, train_lr: 0.000389879
TORCHFORT::WANDB: model: alpha, step: 1922, train_loss: -2.8384
TORCHFORT::WANDB: model: alpha, step: 1922, train_lr: 0.0001
TORCHFORT::WANDB: model: critic_0, step: 1923, train_loss: 0.105509
TORCHFORT::WANDB: model: critic_0, step: 1923, train_lr: 0.000390143
TORCHFORT::WANDB: model: actor, step: 1923, train_loss: -0.166167
TORCHFORT::WANDB: model: actor, step: 1923, train_lr: 0.000390143
TORCHFORT::WANDB: model: alpha, step: 1923, train_loss: -2.79793
TORCHFORT::WANDB: model: alpha, step: 1923, train_lr: 0.0001
TORCHFORT::WANDB: model: critic_0, step: 1924, train_loss: 0.154324
TORCHFORT::WANDB: model: critic_0, step: 1924, train_lr: 0.000390407
TORCHFORT::WANDB: model: actor, step: 1924, train_loss: -0.17263
TORCHFORT::WANDB: model: actor, step: 1924, train_lr: 0.000390407
TORCHFORT::WANDB: model: alpha, step: 1924, train_loss: -2.96257
TORCHFORT::WANDB: model: alpha, step: 1924, train_lr: 0.0001
TORCHFORT::WANDB: model: critic_0, step: 1925, train_loss: 0.178874
TORCHFORT::WANDB: model: critic_0, step: 1925, train_lr: 0.000390672
TORCHFORT::WANDB: model: actor, step: 1925, train_loss: -0.194019
TORCHFORT::WANDB: model: actor, step: 1925, train_lr: 0.000390672
TORCHFORT::WANDB: model: alpha, step: 1925, train_loss: -2.83513
TORCHFORT::WANDB: model: alpha, step: 1925, train_lr: 0.0001
TORCHFORT::WANDB: model: critic_0, step: 1926, train_loss: 0.126411
TORCHFORT::WANDB: model: critic_0, step: 1926, train_lr: 0.000390936
TORCHFORT::WANDB: model: actor, step: 1926, train_loss: -0.203381
TORCHFORT::WANDB: model: actor, step: 1926, train_lr: 0.000390936
TORCHFORT::WANDB: model: alpha, step: 1926, train_loss: -2.84465
TORCHFORT::WANDB: model: alpha, step: 1926, train_lr: 0.0001
TORCHFORT::WANDB: model: critic_0, step: 1927, train_loss: 0.0973976
TORCHFORT::WANDB: model: critic_0, step: 1927, train_lr: 0.000391201
TORCHFORT::WANDB: model: actor, step: 1927, train_loss: -0.208044
TORCHFORT::WANDB: model: actor, step: 1927, train_lr: 0.000391201
TORCHFORT::WANDB: model: alpha, step: 1927, train_loss: -2.8847
TORCHFORT::WANDB: model: alpha, step: 1927, train_lr: 0.0001
TORCHFORT::WANDB: model: critic_0, step: 1928, train_loss: 0.104725
TORCHFORT::WANDB: model: critic_0, step: 1928, train_lr: 0.000391465
TORCHFORT::WANDB: model: actor, step: 1928, train_loss: -0.20489
TORCHFORT::WANDB: model: actor, step: 1928, train_lr: 0.000391465
TORCHFORT::WANDB: model: alpha, step: 1928, train_loss: -2.85105
TORCHFORT::WANDB: model: alpha, step: 1928, train_lr: 0.0001
TORCHFORT::WANDB: model: critic_0, step: 1929, train_loss: 0.165537
TORCHFORT::WANDB: model: critic_0, step: 1929, train_lr: 0.00039173
TORCHFORT::WANDB: model: actor, step: 1929, train_loss: -0.221035
TORCHFORT::WANDB: model: actor, step: 1929, train_lr: 0.00039173
TORCHFORT::WANDB: model: alpha, step: 1929, train_loss: -2.9035
TORCHFORT::WANDB: model: alpha, step: 1929, train_lr: 0.0001
TORCHFORT::WANDB: model: critic_0, step: 1930, train_loss: 0.0821861
TORCHFORT::WANDB: model: critic_0, step: 1930, train_lr: 0.000391995
TORCHFORT::WANDB: model: actor, step: 1930, train_loss: -0.199832
TORCHFORT::WANDB: model: actor, step: 1930, train_lr: 0.000391995
TORCHFORT::WANDB: model: alpha, step: 1930, train_loss: -2.98054
TORCHFORT::WANDB: model: alpha, step: 1930, train_lr: 0.0001
TORCHFORT::WANDB: model: critic_0, step: 1931, train_loss: 0.192426
TORCHFORT::WANDB: model: critic_0, step: 1931, train_lr: 0.00039226
TORCHFORT::WANDB: model: actor, step: 1931, train_loss: -0.201641
TORCHFORT::WANDB: model: actor, step: 1931, train_lr: 0.00039226
TORCHFORT::WANDB: model: alpha, step: 1931, train_loss: -2.79017
TORCHFORT::WANDB: model: alpha, step: 1931, train_lr: 0.0001
TORCHFORT::WANDB: model: critic_0, step: 1932, train_loss: 0.121334
TORCHFORT::WANDB: model: critic_0, step: 1932, train_lr: 0.000392524
TORCHFORT::WANDB: model: actor, step: 1932, train_loss: -0.210352
TORCHFORT::WANDB: model: actor, step: 1932, train_lr: 0.000392524
TORCHFORT::WANDB: model: alpha, step: 1932, train_loss: -2.83094
TORCHFORT::WANDB: model: alpha, step: 1932, train_lr: 0.0001
TORCHFORT::WANDB: model: critic_0, step: 1933, train_loss: 0.152909
TORCHFORT::WANDB: model: critic_0, step: 1933, train_lr: 0.000392789
TORCHFORT::WANDB: model: actor, step: 1933, train_loss: -0.179287
TORCHFORT::WANDB: model: actor, step: 1933, train_lr: 0.000392789
TORCHFORT::WANDB: model: alpha, step: 1933, train_loss: -2.93148
TORCHFORT::WANDB: model: alpha, step: 1933, train_lr: 0.0001
TORCHFORT::WANDB: model: critic_0, step: 1934, train_loss: 0.0713456
TORCHFORT::WANDB: model: critic_0, step: 1934, train_lr: 0.000393054
TORCHFORT::WANDB: model: actor, step: 1934, train_loss: -0.189969
TORCHFORT::WANDB: model: actor, step: 1934, train_lr: 0.000393054
TORCHFORT::WANDB: model: alpha, step: 1934, train_loss: -2.90351
TORCHFORT::WANDB: model: alpha, step: 1934, train_lr: 0.0001
TORCHFORT::WANDB: model: critic_0, step: 1935, train_loss: 0.156761
TORCHFORT::WANDB: model: critic_0, step: 1935, train_lr: 0.000393319
TORCHFORT::WANDB: model: actor, step: 1935, train_loss: -0.185363
TORCHFORT::WANDB: model: actor, step: 1935, train_lr: 0.000393319
TORCHFORT::WANDB: model: alpha, step: 1935, train_loss: -2.86922
TORCHFORT::WANDB: model: alpha, step: 1935, train_lr: 0.0001
TORCHFORT::WANDB: model: critic_0, step: 1936, train_loss: 0.106007
TORCHFORT::WANDB: model: critic_0, step: 1936, train_lr: 0.000393584
TORCHFORT::WANDB: model: actor, step: 1936, train_loss: -0.15951
TORCHFORT::WANDB: model: actor, step: 1936, train_lr: 0.000393584
TORCHFORT::WANDB: model: alpha, step: 1936, train_loss: -2.90408
TORCHFORT::WANDB: model: alpha, step: 1936, train_lr: 0.0001
TORCHFORT::WANDB: model: critic_0, step: 1937, train_loss: 0.0991823
TORCHFORT::WANDB: model: critic_0, step: 1937, train_lr: 0.000393849
TORCHFORT::WANDB: model: actor, step: 1937, train_loss: -0.149194
TORCHFORT::WANDB: model: actor, step: 1937, train_lr: 0.000393849
TORCHFORT::WANDB: model: alpha, step: 1937, train_loss: -2.86793
TORCHFORT::WANDB: model: alpha, step: 1937, train_lr: 0.0001
TORCHFORT::WANDB: model: critic_0, step: 1938, train_loss: 0.159195
TORCHFORT::WANDB: model: critic_0, step: 1938, train_lr: 0.000394115
TORCHFORT::WANDB: model: actor, step: 1938, train_loss: -0.132087
TORCHFORT::WANDB: model: actor, step: 1938, train_lr: 0.000394115
TORCHFORT::WANDB: model: alpha, step: 1938, train_loss: -2.91965
TORCHFORT::WANDB: model: alpha, step: 1938, train_lr: 0.0001
TORCHFORT::WANDB: model: critic_0, step: 1939, train_loss: 0.113083
TORCHFORT::WANDB: model: critic_0, step: 1939, train_lr: 0.00039438
TORCHFORT::WANDB: model: actor, step: 1939, train_loss: -0.1447
TORCHFORT::WANDB: model: actor, step: 1939, train_lr: 0.00039438
TORCHFORT::WANDB: model: alpha, step: 1939, train_loss: -2.86221
TORCHFORT::WANDB: model: alpha, step: 1939, train_lr: 0.0001
TORCHFORT::WANDB: model: critic_0, step: 1940, train_loss: 0.1008
TORCHFORT::WANDB: model: critic_0, step: 1940, train_lr: 0.000394645
TORCHFORT::WANDB: model: actor, step: 1940, train_loss: -0.143054
TORCHFORT::WANDB: model: actor, step: 1940, train_lr: 0.000394645
TORCHFORT::WANDB: model: alpha, step: 1940, train_loss: -2.95017
TORCHFORT::WANDB: model: alpha, step: 1940, train_lr: 0.0001
TORCHFORT::WANDB: model: critic_0, step: 1941, train_loss: 0.0882194
TORCHFORT::WANDB: model: critic_0, step: 1941, train_lr: 0.000394911
TORCHFORT::WANDB: model: actor, step: 1941, train_loss: -0.134435
TORCHFORT::WANDB: model: actor, step: 1941, train_lr: 0.000394911
TORCHFORT::WANDB: model: alpha, step: 1941, train_loss: -2.93598
TORCHFORT::WANDB: model: alpha, step: 1941, train_lr: 0.0001
TORCHFORT::WANDB: model: critic_0, step: 1942, train_loss: 0.142229
TORCHFORT::WANDB: model: critic_0, step: 1942, train_lr: 0.000395176
TORCHFORT::WANDB: model: actor, step: 1942, train_loss: -0.127811
TORCHFORT::WANDB: model: actor, step: 1942, train_lr: 0.000395176
TORCHFORT::WANDB: model: alpha, step: 1942, train_loss: -2.92667
TORCHFORT::WANDB: model: alpha, step: 1942, train_lr: 0.0001
TORCHFORT::WANDB: model: critic_0, step: 1943, train_loss: 0.159609
TORCHFORT::WANDB: model: critic_0, step: 1943, train_lr: 0.000395442
TORCHFORT::WANDB: model: actor, step: 1943, train_loss: -0.14341
TORCHFORT::WANDB: model: actor, step: 1943, train_lr: 0.000395442
TORCHFORT::WANDB: model: alpha, step: 1943, train_loss: -2.96686
TORCHFORT::WANDB: model: alpha, step: 1943, train_lr: 0.0001
TORCHFORT::WANDB: model: critic_0, step: 1944, train_loss: 0.150135
TORCHFORT::WANDB: model: critic_0, step: 1944, train_lr: 0.000395707
TORCHFORT::WANDB: model: actor, step: 1944, train_loss: -0.15798
TORCHFORT::WANDB: model: actor, step: 1944, train_lr: 0.000395707
TORCHFORT::WANDB: model: alpha, step: 1944, train_loss: -2.83133
TORCHFORT::WANDB: model: alpha, step: 1944, train_lr: 0.0001
TORCHFORT::WANDB: model: critic_0, step: 1945, train_loss: 0.0994915
TORCHFORT::WANDB: model: critic_0, step: 1945, train_lr: 0.000395973
TORCHFORT::WANDB: model: actor, step: 1945, train_loss: -0.160427
TORCHFORT::WANDB: model: actor, step: 1945, train_lr: 0.000395973
TORCHFORT::WANDB: model: alpha, step: 1945, train_loss: -3.00607
TORCHFORT::WANDB: model: alpha, step: 1945, train_lr: 0.0001
TORCHFORT::WANDB: model: critic_0, step: 1946, train_loss: 0.133242
TORCHFORT::WANDB: model: critic_0, step: 1946, train_lr: 0.000396239
TORCHFORT::WANDB: model: actor, step: 1946, train_loss: -0.165958
TORCHFORT::WANDB: model: actor, step: 1946, train_lr: 0.000396239
TORCHFORT::WANDB: model: alpha, step: 1946, train_loss: -2.99367
TORCHFORT::WANDB: model: alpha, step: 1946, train_lr: 0.0001
TORCHFORT::WANDB: model: critic_0, step: 1947, train_loss: 0.082703
TORCHFORT::WANDB: model: critic_0, step: 1947, train_lr: 0.000396504
TORCHFORT::WANDB: model: actor, step: 1947, train_loss: -0.189878
TORCHFORT::WANDB: model: actor, step: 1947, train_lr: 0.000396504
TORCHFORT::WANDB: model: alpha, step: 1947, train_loss: -2.90677
TORCHFORT::WANDB: model: alpha, step: 1947, train_lr: 0.0001
TORCHFORT::WANDB: model: critic_0, step: 1948, train_loss: 0.191108
TORCHFORT::WANDB: model: critic_0, step: 1948, train_lr: 0.00039677
TORCHFORT::WANDB: model: actor, step: 1948, train_loss: -0.173045
TORCHFORT::WANDB: model: actor, step: 1948, train_lr: 0.00039677
TORCHFORT::WANDB: model: alpha, step: 1948, train_loss: -3.01463
TORCHFORT::WANDB: model: alpha, step: 1948, train_lr: 0.0001
TORCHFORT::WANDB: model: critic_0, step: 1949, train_loss: 0.179586
TORCHFORT::WANDB: model: critic_0, step: 1949, train_lr: 0.000397036
TORCHFORT::WANDB: model: actor, step: 1949, train_loss: -0.184533
TORCHFORT::WANDB: model: actor, step: 1949, train_lr: 0.000397036
TORCHFORT::WANDB: model: alpha, step: 1949, train_loss: -2.94949
TORCHFORT::WANDB: model: alpha, step: 1949, train_lr: 0.0001
TORCHFORT::WANDB: model: critic_0, step: 1950, train_loss: 0.167165
TORCHFORT::WANDB: model: critic_0, step: 1950, train_lr: 0.000397302
TORCHFORT::WANDB: model: actor, step: 1950, train_loss: -0.18873
TORCHFORT::WANDB: model: actor, step: 1950, train_lr: 0.000397302
TORCHFORT::WANDB: model: alpha, step: 1950, train_loss: -2.91853
TORCHFORT::WANDB: model: alpha, step: 1950, train_lr: 0.0001
TORCHFORT::WANDB: model: critic_0, step: 1951, train_loss: 0.166507
TORCHFORT::WANDB: model: critic_0, step: 1951, train_lr: 0.000397568
TORCHFORT::WANDB: model: actor, step: 1951, train_loss: -0.18565
TORCHFORT::WANDB: model: actor, step: 1951, train_lr: 0.000397568
TORCHFORT::WANDB: model: alpha, step: 1951, train_loss: -2.84299
TORCHFORT::WANDB: model: alpha, step: 1951, train_lr: 0.0001
TORCHFORT::WANDB: model: critic_0, step: 1952, train_loss: 0.124082
TORCHFORT::WANDB: model: critic_0, step: 1952, train_lr: 0.000397834
TORCHFORT::WANDB: model: actor, step: 1952, train_loss: -0.16594
TORCHFORT::WANDB: model: actor, step: 1952, train_lr: 0.000397834
TORCHFORT::WANDB: model: alpha, step: 1952, train_loss: -2.92112
TORCHFORT::WANDB: model: alpha, step: 1952, train_lr: 0.0001
TORCHFORT::WANDB: model: critic_0, step: 1953, train_loss: 0.162988
TORCHFORT::WANDB: model: critic_0, step: 1953, train_lr: 0.0003981
TORCHFORT::WANDB: model: actor, step: 1953, train_loss: -0.188853
TORCHFORT::WANDB: model: actor, step: 1953, train_lr: 0.0003981
TORCHFORT::WANDB: model: alpha, step: 1953, train_loss: -3.05659
TORCHFORT::WANDB: model: alpha, step: 1953, train_lr: 0.0001
TORCHFORT::WANDB: model: critic_0, step: 1954, train_loss: 0.113452
TORCHFORT::WANDB: model: critic_0, step: 1954, train_lr: 0.000398366
TORCHFORT::WANDB: model: actor, step: 1954, train_loss: -0.204424
TORCHFORT::WANDB: model: actor, step: 1954, train_lr: 0.000398366
TORCHFORT::WANDB: model: alpha, step: 1954, train_loss: -2.76807
TORCHFORT::WANDB: model: alpha, step: 1954, train_lr: 0.0001
TORCHFORT::WANDB: model: critic_0, step: 1955, train_loss: 0.428529
TORCHFORT::WANDB: model: critic_0, step: 1955, train_lr: 0.000398633
TORCHFORT::WANDB: model: actor, step: 1955, train_loss: -0.162244
TORCHFORT::WANDB: model: actor, step: 1955, train_lr: 0.000398633
TORCHFORT::WANDB: model: alpha, step: 1955, train_loss: -2.81078
TORCHFORT::WANDB: model: alpha, step: 1955, train_lr: 0.0001
TORCHFORT::WANDB: model: critic_0, step: 1956, train_loss: 0.0746513
TORCHFORT::WANDB: model: critic_0, step: 1956, train_lr: 0.000398899
TORCHFORT::WANDB: model: actor, step: 1956, train_loss: -0.135812
TORCHFORT::WANDB: model: actor, step: 1956, train_lr: 0.000398899
TORCHFORT::WANDB: model: alpha, step: 1956, train_loss: -2.83832
TORCHFORT::WANDB: model: alpha, step: 1956, train_lr: 0.0001
TORCHFORT::WANDB: model: critic_0, step: 1957, train_loss: 0.224156
TORCHFORT::WANDB: model: critic_0, step: 1957, train_lr: 0.000399165
TORCHFORT::WANDB: model: actor, step: 1957, train_loss: -0.131016
TORCHFORT::WANDB: model: actor, step: 1957, train_lr: 0.000399165
TORCHFORT::WANDB: model: alpha, step: 1957, train_loss: -2.78747
TORCHFORT::WANDB: model: alpha, step: 1957, train_lr: 0.0001
TORCHFORT::WANDB: model: critic_0, step: 1958, train_loss: 0.181011
TORCHFORT::WANDB: model: critic_0, step: 1958, train_lr: 0.000399432
TORCHFORT::WANDB: model: actor, step: 1958, train_loss: -0.13012
TORCHFORT::WANDB: model: actor, step: 1958, train_lr: 0.000399432
TORCHFORT::WANDB: model: alpha, step: 1958, train_loss: -2.88747
TORCHFORT::WANDB: model: alpha, step: 1958, train_lr: 0.0001
TORCHFORT::WANDB: model: critic_0, step: 1959, train_loss: 0.199201
TORCHFORT::WANDB: model: critic_0, step: 1959, train_lr: 0.000399698
TORCHFORT::WANDB: model: actor, step: 1959, train_loss: -0.115602
TORCHFORT::WANDB: model: actor, step: 1959, train_lr: 0.000399698
TORCHFORT::WANDB: model: alpha, step: 1959, train_loss: -2.92859
TORCHFORT::WANDB: model: alpha, step: 1959, train_lr: 0.0001
TORCHFORT::WANDB: model: critic_0, step: 1960, train_loss: 0.17242
TORCHFORT::WANDB: model: critic_0, step: 1960, train_lr: 0.000399965
TORCHFORT::WANDB: model: actor, step: 1960, train_loss: -0.158282
TORCHFORT::WANDB: model: actor, step: 1960, train_lr: 0.000399965
TORCHFORT::WANDB: model: alpha, step: 1960, train_loss: -2.80672
TORCHFORT::WANDB: model: alpha, step: 1960, train_lr: 0.0001
TORCHFORT::WANDB: model: critic_0, step: 1961, train_loss: 0.147741
TORCHFORT::WANDB: model: critic_0, step: 1961, train_lr: 0.000400231
TORCHFORT::WANDB: model: actor, step: 1961, train_loss: -0.174768
TORCHFORT::WANDB: model: actor, step: 1961, train_lr: 0.000400231
TORCHFORT::WANDB: model: alpha, step: 1961, train_loss: -2.79807
TORCHFORT::WANDB: model: alpha, step: 1961, train_lr: 0.0001
TORCHFORT::WANDB: model: critic_0, step: 1962, train_loss: 0.104226
TORCHFORT::WANDB: model: critic_0, step: 1962, train_lr: 0.000400498
TORCHFORT::WANDB: model: actor, step: 1962, train_loss: -0.206342
TORCHFORT::WANDB: model: actor, step: 1962, train_lr: 0.000400498
TORCHFORT::WANDB: model: alpha, step: 1962, train_loss: -3.00787
TORCHFORT::WANDB: model: alpha, step: 1962, train_lr: 0.0001
TORCHFORT::WANDB: model: critic_0, step: 1963, train_loss: 0.162142
TORCHFORT::WANDB: model: critic_0, step: 1963, train_lr: 0.000400765
TORCHFORT::WANDB: model: actor, step: 1963, train_loss: -0.222342
TORCHFORT::WANDB: model: actor, step: 1963, train_lr: 0.000400765
TORCHFORT::WANDB: model: alpha, step: 1963, train_loss: -3.00376
TORCHFORT::WANDB: model: alpha, step: 1963, train_lr: 0.0001
TORCHFORT::WANDB: model: critic_0, step: 1964, train_loss: 0.249281
TORCHFORT::WANDB: model: critic_0, step: 1964, train_lr: 0.000401031
TORCHFORT::WANDB: model: actor, step: 1964, train_loss: -0.228457
TORCHFORT::WANDB: model: actor, step: 1964, train_lr: 0.000401031
TORCHFORT::WANDB: model: alpha, step: 1964, train_loss: -2.83051
TORCHFORT::WANDB: model: alpha, step: 1964, train_lr: 0.0001
TORCHFORT::WANDB: model: critic_0, step: 1965, train_loss: 0.098248
TORCHFORT::WANDB: model: critic_0, step: 1965, train_lr: 0.000401298
TORCHFORT::WANDB: model: actor, step: 1965, train_loss: -0.238262
TORCHFORT::WANDB: model: actor, step: 1965, train_lr: 0.000401298
TORCHFORT::WANDB: model: alpha, step: 1965, train_loss: -2.93988
TORCHFORT::WANDB: model: alpha, step: 1965, train_lr: 0.0001
TORCHFORT::WANDB: model: critic_0, step: 1966, train_loss: 0.220112
TORCHFORT::WANDB: model: critic_0, step: 1966, train_lr: 0.000401565
TORCHFORT::WANDB: model: actor, step: 1966, train_loss: -0.21339
TORCHFORT::WANDB: model: actor, step: 1966, train_lr: 0.000401565
TORCHFORT::WANDB: model: alpha, step: 1966, train_loss: -2.94408
TORCHFORT::WANDB: model: alpha, step: 1966, train_lr: 0.0001
TORCHFORT::WANDB: model: critic_0, step: 1967, train_loss: 0.106318
TORCHFORT::WANDB: model: critic_0, step: 1967, train_lr: 0.000401832
TORCHFORT::WANDB: model: actor, step: 1967, train_loss: -0.232077
TORCHFORT::WANDB: model: actor, step: 1967, train_lr: 0.000401832
TORCHFORT::WANDB: model: alpha, step: 1967, train_loss: -2.85847
TORCHFORT::WANDB: model: alpha, step: 1967, train_lr: 0.0001
TORCHFORT::WANDB: model: critic_0, step: 1968, train_loss: 0.19976
TORCHFORT::WANDB: model: critic_0, step: 1968, train_lr: 0.000402099
TORCHFORT::WANDB: model: actor, step: 1968, train_loss: -0.210088
TORCHFORT::WANDB: model: actor, step: 1968, train_lr: 0.000402099
TORCHFORT::WANDB: model: alpha, step: 1968, train_loss: -2.90019
TORCHFORT::WANDB: model: alpha, step: 1968, train_lr: 0.0001
TORCHFORT::WANDB: model: critic_0, step: 1969, train_loss: 0.153016
TORCHFORT::WANDB: model: critic_0, step: 1969, train_lr: 0.000402366
TORCHFORT::WANDB: model: actor, step: 1969, train_loss: -0.244651
TORCHFORT::WANDB: model: actor, step: 1969, train_lr: 0.000402366
TORCHFORT::WANDB: model: alpha, step: 1969, train_loss: -2.97521
TORCHFORT::WANDB: model: alpha, step: 1969, train_lr: 0.0001
TORCHFORT::WANDB: model: critic_0, step: 1970, train_loss: 0.266988
TORCHFORT::WANDB: model: critic_0, step: 1970, train_lr: 0.000402633
TORCHFORT::WANDB: model: actor, step: 1970, train_loss: -0.221308
TORCHFORT::WANDB: model: actor, step: 1970, train_lr: 0.000402633
TORCHFORT::WANDB: model: alpha, step: 1970, train_loss: -2.92698
TORCHFORT::WANDB: model: alpha, step: 1970, train_lr: 0.0001
TORCHFORT::WANDB: model: critic_0, step: 1971, train_loss: 0.107821
TORCHFORT::WANDB: model: critic_0, step: 1971, train_lr: 0.0004029
TORCHFORT::WANDB: model: actor, step: 1971, train_loss: -0.184659
TORCHFORT::WANDB: model: actor, step: 1971, train_lr: 0.0004029
TORCHFORT::WANDB: model: alpha, step: 1971, train_loss: -2.92684
TORCHFORT::WANDB: model: alpha, step: 1971, train_lr: 0.0001
TORCHFORT::WANDB: model: critic_0, step: 1972, train_loss: 0.085265
TORCHFORT::WANDB: model: critic_0, step: 1972, train_lr: 0.000403168
TORCHFORT::WANDB: model: actor, step: 1972, train_loss: -0.181405
TORCHFORT::WANDB: model: actor, step: 1972, train_lr: 0.000403168
TORCHFORT::WANDB: model: alpha, step: 1972, train_loss: -2.99459
TORCHFORT::WANDB: model: alpha, step: 1972, train_lr: 0.0001
TORCHFORT::WANDB: model: critic_0, step: 1973, train_loss: 0.283389
TORCHFORT::WANDB: model: critic_0, step: 1973, train_lr: 0.000403435
TORCHFORT::WANDB: model: actor, step: 1973, train_loss: -0.193943
TORCHFORT::WANDB: model: actor, step: 1973, train_lr: 0.000403435
TORCHFORT::WANDB: model: alpha, step: 1973, train_loss: -2.81414
TORCHFORT::WANDB: model: alpha, step: 1973, train_lr: 0.0001
TORCHFORT::WANDB: model: critic_0, step: 1974, train_loss: 0.100042
TORCHFORT::WANDB: model: critic_0, step: 1974, train_lr: 0.000403702
TORCHFORT::WANDB: model: actor, step: 1974, train_loss: -0.177433
TORCHFORT::WANDB: model: actor, step: 1974, train_lr: 0.000403702
TORCHFORT::WANDB: model: alpha, step: 1974, train_loss: -2.88045
TORCHFORT::WANDB: model: alpha, step: 1974, train_lr: 0.0001
TORCHFORT::WANDB: model: critic_0, step: 1975, train_loss: 0.0696014
TORCHFORT::WANDB: model: critic_0, step: 1975, train_lr: 0.00040397
TORCHFORT::WANDB: model: actor, step: 1975, train_loss: -0.158208
TORCHFORT::WANDB: model: actor, step: 1975, train_lr: 0.00040397
TORCHFORT::WANDB: model: alpha, step: 1975, train_loss: -2.93796
TORCHFORT::WANDB: model: alpha, step: 1975, train_lr: 0.0001
TORCHFORT::WANDB: model: critic_0, step: 1976, train_loss: 0.135645
TORCHFORT::WANDB: model: critic_0, step: 1976, train_lr: 0.000404237
TORCHFORT::WANDB: model: actor, step: 1976, train_loss: -0.163434
TORCHFORT::WANDB: model: actor, step: 1976, train_lr: 0.000404237
TORCHFORT::WANDB: model: alpha, step: 1976, train_loss: -2.83074
TORCHFORT::WANDB: model: alpha, step: 1976, train_lr: 0.0001
TORCHFORT::WANDB: model: critic_0, step: 1977, train_loss: 0.0996674
TORCHFORT::WANDB: model: critic_0, step: 1977, train_lr: 0.000404505
TORCHFORT::WANDB: model: actor, step: 1977, train_loss: -0.14489
TORCHFORT::WANDB: model: actor, step: 1977, train_lr: 0.000404505
TORCHFORT::WANDB: model: alpha, step: 1977, train_loss: -2.93408
TORCHFORT::WANDB: model: alpha, step: 1977, train_lr: 0.0001
TORCHFORT::WANDB: model: critic_0, step: 1978, train_loss: 0.206741
TORCHFORT::WANDB: model: critic_0, step: 1978, train_lr: 0.000404772
TORCHFORT::WANDB: model: actor, step: 1978, train_loss: -0.145869
TORCHFORT::WANDB: model: actor, step: 1978, train_lr: 0.000404772
TORCHFORT::WANDB: model: alpha, step: 1978, train_loss: -2.91686
TORCHFORT::WANDB: model: alpha, step: 1978, train_lr: 0.0001
TORCHFORT::WANDB: model: critic_0, step: 1979, train_loss: 0.153054
TORCHFORT::WANDB: model: critic_0, step: 1979, train_lr: 0.00040504
TORCHFORT::WANDB: model: actor, step: 1979, train_loss: -0.151756
TORCHFORT::WANDB: model: actor, step: 1979, train_lr: 0.00040504
TORCHFORT::WANDB: model: alpha, step: 1979, train_loss: -2.88786
TORCHFORT::WANDB: model: alpha, step: 1979, train_lr: 0.0001
TORCHFORT::WANDB: model: critic_0, step: 1980, train_loss: 0.121456
TORCHFORT::WANDB: model: critic_0, step: 1980, train_lr: 0.000405308
TORCHFORT::WANDB: model: actor, step: 1980, train_loss: -0.141411
TORCHFORT::WANDB: model: actor, step: 1980, train_lr: 0.000405308
TORCHFORT::WANDB: model: alpha, step: 1980, train_loss: -2.91946
TORCHFORT::WANDB: model: alpha, step: 1980, train_lr: 0.0001
TORCHFORT::WANDB: model: critic_0, step: 1981, train_loss: 0.121656
TORCHFORT::WANDB: model: critic_0, step: 1981, train_lr: 0.000405575
TORCHFORT::WANDB: model: actor, step: 1981, train_loss: -0.145471
TORCHFORT::WANDB: model: actor, step: 1981, train_lr: 0.000405575
TORCHFORT::WANDB: model: alpha, step: 1981, train_loss: -2.86097
TORCHFORT::WANDB: model: alpha, step: 1981, train_lr: 0.0001
TORCHFORT::WANDB: model: critic_0, step: 1982, train_loss: 0.0769365
TORCHFORT::WANDB: model: critic_0, step: 1982, train_lr: 0.000405843
TORCHFORT::WANDB: model: actor, step: 1982, train_loss: -0.139918
TORCHFORT::WANDB: model: actor, step: 1982, train_lr: 0.000405843
TORCHFORT::WANDB: model: alpha, step: 1982, train_loss: -2.8998
TORCHFORT::WANDB: model: alpha, step: 1982, train_lr: 0.0001
TORCHFORT::WANDB: model: critic_0, step: 1983, train_loss: 0.111837
TORCHFORT::WANDB: model: critic_0, step: 1983, train_lr: 0.000406111
TORCHFORT::WANDB: model: actor, step: 1983, train_loss: -0.162563
TORCHFORT::WANDB: model: actor, step: 1983, train_lr: 0.000406111
TORCHFORT::WANDB: model: alpha, step: 1983, train_loss: -2.82569
TORCHFORT::WANDB: model: alpha, step: 1983, train_lr: 0.0001
TORCHFORT::WANDB: model: critic_0, step: 1984, train_loss: 0.0992025
TORCHFORT::WANDB: model: critic_0, step: 1984, train_lr: 0.000406379
TORCHFORT::WANDB: model: actor, step: 1984, train_loss: -0.180724
TORCHFORT::WANDB: model: actor, step: 1984, train_lr: 0.000406379
TORCHFORT::WANDB: model: alpha, step: 1984, train_loss: -2.91973
TORCHFORT::WANDB: model: alpha, step: 1984, train_lr: 0.0001
TORCHFORT::WANDB: model: critic_0, step: 1985, train_loss: 0.147003
TORCHFORT::WANDB: model: critic_0, step: 1985, train_lr: 0.000406647
TORCHFORT::WANDB: model: actor, step: 1985, train_loss: -0.182131
TORCHFORT::WANDB: model: actor, step: 1985, train_lr: 0.000406647
TORCHFORT::WANDB: model: alpha, step: 1985, train_loss: -2.83773
TORCHFORT::WANDB: model: alpha, step: 1985, train_lr: 0.0001
TORCHFORT::WANDB: model: critic_0, step: 1986, train_loss: 0.136608
TORCHFORT::WANDB: model: critic_0, step: 1986, train_lr: 0.000406915
TORCHFORT::WANDB: model: actor, step: 1986, train_loss: -0.180691
TORCHFORT::WANDB: model: actor, step: 1986, train_lr: 0.000406915
TORCHFORT::WANDB: model: alpha, step: 1986, train_loss: -2.82501
TORCHFORT::WANDB: model: alpha, step: 1986, train_lr: 0.0001
TORCHFORT::WANDB: model: critic_0, step: 1987, train_loss: 0.133885
TORCHFORT::WANDB: model: critic_0, step: 1987, train_lr: 0.000407183
TORCHFORT::WANDB: model: actor, step: 1987, train_loss: -0.183597
TORCHFORT::WANDB: model: actor, step: 1987, train_lr: 0.000407183
TORCHFORT::WANDB: model: alpha, step: 1987, train_loss: -3.00371
TORCHFORT::WANDB: model: alpha, step: 1987, train_lr: 0.0001
TORCHFORT::WANDB: model: critic_0, step: 1988, train_loss: 0.225872
TORCHFORT::WANDB: model: critic_0, step: 1988, train_lr: 0.000407451
TORCHFORT::WANDB: model: actor, step: 1988, train_loss: -0.189216
TORCHFORT::WANDB: model: actor, step: 1988, train_lr: 0.000407451
TORCHFORT::WANDB: model: alpha, step: 1988, train_loss: -2.88482
TORCHFORT::WANDB: model: alpha, step: 1988, train_lr: 0.0001
TORCHFORT::WANDB: model: critic_0, step: 1989, train_loss: 0.104198
TORCHFORT::WANDB: model: critic_0, step: 1989, train_lr: 0.000407719
TORCHFORT::WANDB: model: actor, step: 1989, train_loss: -0.193586
TORCHFORT::WANDB: model: actor, step: 1989, train_lr: 0.000407719
TORCHFORT::WANDB: model: alpha, step: 1989, train_loss: -2.83627
TORCHFORT::WANDB: model: alpha, step: 1989, train_lr: 0.0001
TORCHFORT::WANDB: model: critic_0, step: 1990, train_loss: 0.102946
TORCHFORT::WANDB: model: critic_0, step: 1990, train_lr: 0.000407988
TORCHFORT::WANDB: model: actor, step: 1990, train_loss: -0.190288
TORCHFORT::WANDB: model: actor, step: 1990, train_lr: 0.000407988
TORCHFORT::WANDB: model: alpha, step: 1990, train_loss: -2.88249
TORCHFORT::WANDB: model: alpha, step: 1990, train_lr: 0.0001
TORCHFORT::WANDB: model: critic_0, step: 1991, train_loss: 0.142781
TORCHFORT::WANDB: model: critic_0, step: 1991, train_lr: 0.000408256
TORCHFORT::WANDB: model: actor, step: 1991, train_loss: -0.165904
TORCHFORT::WANDB: model: actor, step: 1991, train_lr: 0.000408256
TORCHFORT::WANDB: model: alpha, step: 1991, train_loss: -2.87128
TORCHFORT::WANDB: model: alpha, step: 1991, train_lr: 0.0001
TORCHFORT::WANDB: model: critic_0, step: 1992, train_loss: 0.134242
TORCHFORT::WANDB: model: critic_0, step: 1992, train_lr: 0.000408524
TORCHFORT::WANDB: model: actor, step: 1992, train_loss: -0.172952
TORCHFORT::WANDB: model: actor, step: 1992, train_lr: 0.000408524
TORCHFORT::WANDB: model: alpha, step: 1992, train_loss: -2.83369
TORCHFORT::WANDB: model: alpha, step: 1992, train_lr: 0.0001
TORCHFORT::WANDB: model: critic_0, step: 1993, train_loss: 0.155147
TORCHFORT::WANDB: model: critic_0, step: 1993, train_lr: 0.000408793
TORCHFORT::WANDB: model: actor, step: 1993, train_loss: -0.172599
TORCHFORT::WANDB: model: actor, step: 1993, train_lr: 0.000408793
TORCHFORT::WANDB: model: alpha, step: 1993, train_loss: -2.88665
TORCHFORT::WANDB: model: alpha, step: 1993, train_lr: 0.0001
TORCHFORT::WANDB: model: critic_0, step: 1994, train_loss: 0.113936
TORCHFORT::WANDB: model: critic_0, step: 1994, train_lr: 0.000409061
TORCHFORT::WANDB: model: actor, step: 1994, train_loss: -0.160252
TORCHFORT::WANDB: model: actor, step: 1994, train_lr: 0.000409061
TORCHFORT::WANDB: model: alpha, step: 1994, train_loss: -2.8081
TORCHFORT::WANDB: model: alpha, step: 1994, train_lr: 0.0001
TORCHFORT::WANDB: model: critic_0, step: 1995, train_loss: 0.226367
TORCHFORT::WANDB: model: critic_0, step: 1995, train_lr: 0.00040933
TORCHFORT::WANDB: model: actor, step: 1995, train_loss: -0.172648
TORCHFORT::WANDB: model: actor, step: 1995, train_lr: 0.00040933
TORCHFORT::WANDB: model: alpha, step: 1995, train_loss: -2.88425
TORCHFORT::WANDB: model: alpha, step: 1995, train_lr: 0.0001
TORCHFORT::WANDB: model: critic_0, step: 1996, train_loss: 0.111113
TORCHFORT::WANDB: model: critic_0, step: 1996, train_lr: 0.000409599
TORCHFORT::WANDB: model: actor, step: 1996, train_loss: -0.178821
TORCHFORT::WANDB: model: actor, step: 1996, train_lr: 0.000409599
TORCHFORT::WANDB: model: alpha, step: 1996, train_loss: -2.91724
TORCHFORT::WANDB: model: alpha, step: 1996, train_lr: 0.0001
TORCHFORT::WANDB: model: critic_0, step: 1997, train_loss: 0.137179
TORCHFORT::WANDB: model: critic_0, step: 1997, train_lr: 0.000409867
TORCHFORT::WANDB: model: actor, step: 1997, train_loss: -0.170614
TORCHFORT::WANDB: model: actor, step: 1997, train_lr: 0.000409867
TORCHFORT::WANDB: model: alpha, step: 1997, train_loss: -2.86352
TORCHFORT::WANDB: model: alpha, step: 1997, train_lr: 0.0001
TORCHFORT::WANDB: model: critic_0, step: 1998, train_loss: 0.122587
TORCHFORT::WANDB: model: critic_0, step: 1998, train_lr: 0.000410136
TORCHFORT::WANDB: model: actor, step: 1998, train_loss: -0.179274
TORCHFORT::WANDB: model: actor, step: 1998, train_lr: 0.000410136
TORCHFORT::WANDB: model: alpha, step: 1998, train_loss: -2.78081
TORCHFORT::WANDB: model: alpha, step: 1998, train_lr: 0.0001
TORCHFORT::WANDB: model: critic_0, step: 1999, train_loss: 0.13839
TORCHFORT::WANDB: model: critic_0, step: 1999, train_lr: 0.000410405
TORCHFORT::WANDB: model: actor, step: 1999, train_loss: -0.1873
TORCHFORT::WANDB: model: actor, step: 1999, train_lr: 0.000410405
TORCHFORT::WANDB: model: alpha, step: 1999, train_loss: -2.95791
TORCHFORT::WANDB: model: alpha, step: 1999, train_lr: 0.0001
TORCHFORT::WANDB: model: critic_0, step: 2000, train_loss: 0.208151
TORCHFORT::WANDB: model: critic_0, step: 2000, train_lr: 0.000410673
TORCHFORT::WANDB: model: actor, step: 2000, train_loss: -0.218286
TORCHFORT::WANDB: model: actor, step: 2000, train_lr: 0.000410673
TORCHFORT::WANDB: model: alpha, step: 2000, train_loss: -2.99215
TORCHFORT::WANDB: model: alpha, step: 2000, train_lr: 0.0001
TORCHFORT::WANDB: model: rlwm, step: 20, reward_sum: 3389.45
TORCHFORT::WANDB: model: rlwm, step: 20, policy_loss: -0.218286
TORCHFORT::WANDB: model: rlwm, step: 20, critic_loss: 0.208151
TORCHFORT::WANDB: model: critic_0, step: 2001, train_loss: 0.231769
TORCHFORT::WANDB: model: critic_0, step: 2001, train_lr: 0.000410942
TORCHFORT::WANDB: model: actor, step: 2001, train_loss: -0.206794
TORCHFORT::WANDB: model: actor, step: 2001, train_lr: 0.000410942
TORCHFORT::WANDB: model: alpha, step: 2001, train_loss: -2.88305
TORCHFORT::WANDB: model: alpha, step: 2001, train_lr: 0.0001
TORCHFORT::WANDB: model: critic_0, step: 2002, train_loss: 0.164872
TORCHFORT::WANDB: model: critic_0, step: 2002, train_lr: 0.000411211
TORCHFORT::WANDB: model: actor, step: 2002, train_loss: -0.197893
TORCHFORT::WANDB: model: actor, step: 2002, train_lr: 0.000411211
TORCHFORT::WANDB: model: alpha, step: 2002, train_loss: -2.9866
TORCHFORT::WANDB: model: alpha, step: 2002, train_lr: 0.0001
TORCHFORT::WANDB: model: critic_0, step: 2003, train_loss: 0.131342
TORCHFORT::WANDB: model: critic_0, step: 2003, train_lr: 0.00041148
TORCHFORT::WANDB: model: actor, step: 2003, train_loss: -0.205822
TORCHFORT::WANDB: model: actor, step: 2003, train_lr: 0.00041148
TORCHFORT::WANDB: model: alpha, step: 2003, train_loss: -2.88433
TORCHFORT::WANDB: model: alpha, step: 2003, train_lr: 0.0001
TORCHFORT::WANDB: model: critic_0, step: 2004, train_loss: 0.176234
TORCHFORT::WANDB: model: critic_0, step: 2004, train_lr: 0.000411749
TORCHFORT::WANDB: model: actor, step: 2004, train_loss: -0.210608
TORCHFORT::WANDB: model: actor, step: 2004, train_lr: 0.000411749
TORCHFORT::WANDB: model: alpha, step: 2004, train_loss: -2.89803
TORCHFORT::WANDB: model: alpha, step: 2004, train_lr: 0.0001
TORCHFORT::WANDB: model: critic_0, step: 2005, train_loss: 0.105683
TORCHFORT::WANDB: model: critic_0, step: 2005, train_lr: 0.000412018
TORCHFORT::WANDB: model: actor, step: 2005, train_loss: -0.186875
TORCHFORT::WANDB: model: actor, step: 2005, train_lr: 0.000412018
TORCHFORT::WANDB: model: alpha, step: 2005, train_loss: -2.97545
TORCHFORT::WANDB: model: alpha, step: 2005, train_lr: 0.0001
TORCHFORT::WANDB: model: critic_0, step: 2006, train_loss: 0.237689
TORCHFORT::WANDB: model: critic_0, step: 2006, train_lr: 0.000412288
TORCHFORT::WANDB: model: actor, step: 2006, train_loss: -0.174721
TORCHFORT::WANDB: model: actor, step: 2006, train_lr: 0.000412288
TORCHFORT::WANDB: model: alpha, step: 2006, train_loss: -2.90453
TORCHFORT::WANDB: model: alpha, step: 2006, train_lr: 0.0001
TORCHFORT::WANDB: model: critic_0, step: 2007, train_loss: 0.0911402
TORCHFORT::WANDB: model: critic_0, step: 2007, train_lr: 0.000412557
TORCHFORT::WANDB: model: actor, step: 2007, train_loss: -0.16917
TORCHFORT::WANDB: model: actor, step: 2007, train_lr: 0.000412557
TORCHFORT::WANDB: model: alpha, step: 2007, train_loss: -2.91236
TORCHFORT::WANDB: model: alpha, step: 2007, train_lr: 0.0001
TORCHFORT::WANDB: model: critic_0, step: 2008, train_loss: 0.110245
TORCHFORT::WANDB: model: critic_0, step: 2008, train_lr: 0.000412826
TORCHFORT::WANDB: model: actor, step: 2008, train_loss: -0.165703
TORCHFORT::WANDB: model: actor, step: 2008, train_lr: 0.000412826
TORCHFORT::WANDB: model: alpha, step: 2008, train_loss: -2.86449
TORCHFORT::WANDB: model: alpha, step: 2008, train_lr: 0.0001
TORCHFORT::WANDB: model: critic_0, step: 2009, train_loss: 0.129527
TORCHFORT::WANDB: model: critic_0, step: 2009, train_lr: 0.000413095
TORCHFORT::WANDB: model: actor, step: 2009, train_loss: -0.168838
TORCHFORT::WANDB: model: actor, step: 2009, train_lr: 0.000413095
TORCHFORT::WANDB: model: alpha, step: 2009, train_loss: -2.83452
TORCHFORT::WANDB: model: alpha, step: 2009, train_lr: 0.0001
TORCHFORT::WANDB: model: critic_0, step: 2010, train_loss: 0.0960461
TORCHFORT::WANDB: model: critic_0, step: 2010, train_lr: 0.000413365
TORCHFORT::WANDB: model: actor, step: 2010, train_loss: -0.160233
TORCHFORT::WANDB: model: actor, step: 2010, train_lr: 0.000413365
TORCHFORT::WANDB: model: alpha, step: 2010, train_loss: -2.87711
TORCHFORT::WANDB: model: alpha, step: 2010, train_lr: 0.0001
TORCHFORT::WANDB: model: critic_0, step: 2011, train_loss: 0.197872
TORCHFORT::WANDB: model: critic_0, step: 2011, train_lr: 0.000413634
TORCHFORT::WANDB: model: actor, step: 2011, train_loss: -0.164496
TORCHFORT::WANDB: model: actor, step: 2011, train_lr: 0.000413634
TORCHFORT::WANDB: model: alpha, step: 2011, train_loss: -2.93036
TORCHFORT::WANDB: model: alpha, step: 2011, train_lr: 0.0001
TORCHFORT::WANDB: model: critic_0, step: 2012, train_loss: 0.218362
TORCHFORT::WANDB: model: critic_0, step: 2012, train_lr: 0.000413904
TORCHFORT::WANDB: model: actor, step: 2012, train_loss: -0.174174
TORCHFORT::WANDB: model: actor, step: 2012, train_lr: 0.000413904
TORCHFORT::WANDB: model: alpha, step: 2012, train_loss: -2.89001
TORCHFORT::WANDB: model: alpha, step: 2012, train_lr: 0.0001
TORCHFORT::WANDB: model: critic_0, step: 2013, train_loss: 0.0970105
TORCHFORT::WANDB: model: critic_0, step: 2013, train_lr: 0.000414173
TORCHFORT::WANDB: model: actor, step: 2013, train_loss: -0.190051
TORCHFORT::WANDB: model: actor, step: 2013, train_lr: 0.000414173
TORCHFORT::WANDB: model: alpha, step: 2013, train_loss: -2.90488
TORCHFORT::WANDB: model: alpha, step: 2013, train_lr: 0.0001
TORCHFORT::WANDB: model: critic_0, step: 2014, train_loss: 0.108853
TORCHFORT::WANDB: model: critic_0, step: 2014, train_lr: 0.000414443
TORCHFORT::WANDB: model: actor, step: 2014, train_loss: -0.201623
TORCHFORT::WANDB: model: actor, step: 2014, train_lr: 0.000414443
TORCHFORT::WANDB: model: alpha, step: 2014, train_loss: -2.92807
TORCHFORT::WANDB: model: alpha, step: 2014, train_lr: 0.0001
TORCHFORT::WANDB: model: critic_0, step: 2015, train_loss: 0.166095
TORCHFORT::WANDB: model: critic_0, step: 2015, train_lr: 0.000414712
TORCHFORT::WANDB: model: actor, step: 2015, train_loss: -0.217206
TORCHFORT::WANDB: model: actor, step: 2015, train_lr: 0.000414712
TORCHFORT::WANDB: model: alpha, step: 2015, train_loss: -2.90056
TORCHFORT::WANDB: model: alpha, step: 2015, train_lr: 0.0001
TORCHFORT::WANDB: model: critic_0, step: 2016, train_loss: 0.075623
TORCHFORT::WANDB: model: critic_0, step: 2016, train_lr: 0.000414982
TORCHFORT::WANDB: model: actor, step: 2016, train_loss: -0.210469
TORCHFORT::WANDB: model: actor, step: 2016, train_lr: 0.000414982
TORCHFORT::WANDB: model: alpha, step: 2016, train_loss: -2.91216
TORCHFORT::WANDB: model: alpha, step: 2016, train_lr: 0.0001
TORCHFORT::WANDB: model: critic_0, step: 2017, train_loss: 0.142775
TORCHFORT::WANDB: model: critic_0, step: 2017, train_lr: 0.000415252
TORCHFORT::WANDB: model: actor, step: 2017, train_loss: -0.207768
TORCHFORT::WANDB: model: actor, step: 2017, train_lr: 0.000415252
TORCHFORT::WANDB: model: alpha, step: 2017, train_loss: -2.93496
TORCHFORT::WANDB: model: alpha, step: 2017, train_lr: 0.0001
TORCHFORT::WANDB: model: critic_0, step: 2018, train_loss: 0.0966068
TORCHFORT::WANDB: model: critic_0, step: 2018, train_lr: 0.000415522
TORCHFORT::WANDB: model: actor, step: 2018, train_loss: -0.210758
TORCHFORT::WANDB: model: actor, step: 2018, train_lr: 0.000415522
TORCHFORT::WANDB: model: alpha, step: 2018, train_loss: -2.90179
TORCHFORT::WANDB: model: alpha, step: 2018, train_lr: 0.0001
TORCHFORT::WANDB: model: critic_0, step: 2019, train_loss: 0.278324
TORCHFORT::WANDB: model: critic_0, step: 2019, train_lr: 0.000415791
TORCHFORT::WANDB: model: actor, step: 2019, train_loss: -0.214431
TORCHFORT::WANDB: model: actor, step: 2019, train_lr: 0.000415791
TORCHFORT::WANDB: model: alpha, step: 2019, train_loss: -2.86689
TORCHFORT::WANDB: model: alpha, step: 2019, train_lr: 0.0001
TORCHFORT::WANDB: model: critic_0, step: 2020, train_loss: 0.170907
TORCHFORT::WANDB: model: critic_0, step: 2020, train_lr: 0.000416061
TORCHFORT::WANDB: model: actor, step: 2020, train_loss: -0.191304
TORCHFORT::WANDB: model: actor, step: 2020, train_lr: 0.000416061
TORCHFORT::WANDB: model: alpha, step: 2020, train_loss: -2.95786
TORCHFORT::WANDB: model: alpha, step: 2020, train_lr: 0.0001
TORCHFORT::WANDB: model: critic_0, step: 2021, train_loss: 0.117791
TORCHFORT::WANDB: model: critic_0, step: 2021, train_lr: 0.000416331
TORCHFORT::WANDB: model: actor, step: 2021, train_loss: -0.166915
TORCHFORT::WANDB: model: actor, step: 2021, train_lr: 0.000416331
TORCHFORT::WANDB: model: alpha, step: 2021, train_loss: -2.97744
TORCHFORT::WANDB: model: alpha, step: 2021, train_lr: 0.0001
TORCHFORT::WANDB: model: critic_0, step: 2022, train_loss: 0.156273
TORCHFORT::WANDB: model: critic_0, step: 2022, train_lr: 0.000416601
TORCHFORT::WANDB: model: actor, step: 2022, train_loss: -0.160038
TORCHFORT::WANDB: model: actor, step: 2022, train_lr: 0.000416601
TORCHFORT::WANDB: model: alpha, step: 2022, train_loss: -2.85965
TORCHFORT::WANDB: model: alpha, step: 2022, train_lr: 0.0001
TORCHFORT::WANDB: model: critic_0, step: 2023, train_loss: 0.108775
TORCHFORT::WANDB: model: critic_0, step: 2023, train_lr: 0.000416871
TORCHFORT::WANDB: model: actor, step: 2023, train_loss: -0.149089
TORCHFORT::WANDB: model: actor, step: 2023, train_lr: 0.000416871
TORCHFORT::WANDB: model: alpha, step: 2023, train_loss: -2.91653
TORCHFORT::WANDB: model: alpha, step: 2023, train_lr: 0.0001
TORCHFORT::WANDB: model: critic_0, step: 2024, train_loss: 0.150856
TORCHFORT::WANDB: model: critic_0, step: 2024, train_lr: 0.000417141
TORCHFORT::WANDB: model: actor, step: 2024, train_loss: -0.147302
TORCHFORT::WANDB: model: actor, step: 2024, train_lr: 0.000417141
TORCHFORT::WANDB: model: alpha, step: 2024, train_loss: -2.79107
TORCHFORT::WANDB: model: alpha, step: 2024, train_lr: 0.0001
TORCHFORT::WANDB: model: critic_0, step: 2025, train_loss: 0.119015
TORCHFORT::WANDB: model: critic_0, step: 2025, train_lr: 0.000417412
TORCHFORT::WANDB: model: actor, step: 2025, train_loss: -0.147788
TORCHFORT::WANDB: model: actor, step: 2025, train_lr: 0.000417412
TORCHFORT::WANDB: model: alpha, step: 2025, train_loss: -2.75284
TORCHFORT::WANDB: model: alpha, step: 2025, train_lr: 0.0001
TORCHFORT::WANDB: model: critic_0, step: 2026, train_loss: 0.211805
TORCHFORT::WANDB: model: critic_0, step: 2026, train_lr: 0.000417682
TORCHFORT::WANDB: model: actor, step: 2026, train_loss: -0.149317
TORCHFORT::WANDB: model: actor, step: 2026, train_lr: 0.000417682
TORCHFORT::WANDB: model: alpha, step: 2026, train_loss: -2.96802
TORCHFORT::WANDB: model: alpha, step: 2026, train_lr: 0.0001
TORCHFORT::WANDB: model: critic_0, step: 2027, train_loss: 0.148586
TORCHFORT::WANDB: model: critic_0, step: 2027, train_lr: 0.000417952
TORCHFORT::WANDB: model: actor, step: 2027, train_loss: -0.158615
TORCHFORT::WANDB: model: actor, step: 2027, train_lr: 0.000417952
TORCHFORT::WANDB: model: alpha, step: 2027, train_loss: -2.79204
TORCHFORT::WANDB: model: alpha, step: 2027, train_lr: 0.0001
TORCHFORT::WANDB: model: critic_0, step: 2028, train_loss: 0.0951857
TORCHFORT::WANDB: model: critic_0, step: 2028, train_lr: 0.000418222
TORCHFORT::WANDB: model: actor, step: 2028, train_loss: -0.157754
TORCHFORT::WANDB: model: actor, step: 2028, train_lr: 0.000418222
TORCHFORT::WANDB: model: alpha, step: 2028, train_loss: -2.89336
TORCHFORT::WANDB: model: alpha, step: 2028, train_lr: 0.0001
TORCHFORT::WANDB: model: critic_0, step: 2029, train_loss: 0.212568
TORCHFORT::WANDB: model: critic_0, step: 2029, train_lr: 0.000418493
TORCHFORT::WANDB: model: actor, step: 2029, train_loss: -0.188022
TORCHFORT::WANDB: model: actor, step: 2029, train_lr: 0.000418493
TORCHFORT::WANDB: model: alpha, step: 2029, train_loss: -2.99868
TORCHFORT::WANDB: model: alpha, step: 2029, train_lr: 0.0001
TORCHFORT::WANDB: model: critic_0, step: 2030, train_loss: 0.176273
TORCHFORT::WANDB: model: critic_0, step: 2030, train_lr: 0.000418763
TORCHFORT::WANDB: model: actor, step: 2030, train_loss: -0.202386
TORCHFORT::WANDB: model: actor, step: 2030, train_lr: 0.000418763
TORCHFORT::WANDB: model: alpha, step: 2030, train_loss: -2.96611
TORCHFORT::WANDB: model: alpha, step: 2030, train_lr: 0.0001
TORCHFORT::WANDB: model: critic_0, step: 2031, train_loss: 0.11103
TORCHFORT::WANDB: model: critic_0, step: 2031, train_lr: 0.000419034
TORCHFORT::WANDB: model: actor, step: 2031, train_loss: -0.200616
TORCHFORT::WANDB: model: actor, step: 2031, train_lr: 0.000419034
TORCHFORT::WANDB: model: alpha, step: 2031, train_loss: -2.91651
TORCHFORT::WANDB: model: alpha, step: 2031, train_lr: 0.0001
TORCHFORT::WANDB: model: critic_0, step: 2032, train_loss: 0.19712
TORCHFORT::WANDB: model: critic_0, step: 2032, train_lr: 0.000419304
TORCHFORT::WANDB: model: actor, step: 2032, train_loss: -0.226727
TORCHFORT::WANDB: model: actor, step: 2032, train_lr: 0.000419304
TORCHFORT::WANDB: model: alpha, step: 2032, train_loss: -2.93849
TORCHFORT::WANDB: model: alpha, step: 2032, train_lr: 0.0001
TORCHFORT::WANDB: model: critic_0, step: 2033, train_loss: 0.108401
TORCHFORT::WANDB: model: critic_0, step: 2033, train_lr: 0.000419575
TORCHFORT::WANDB: model: actor, step: 2033, train_loss: -0.234917
TORCHFORT::WANDB: model: actor, step: 2033, train_lr: 0.000419575
TORCHFORT::WANDB: model: alpha, step: 2033, train_loss: -2.9755
TORCHFORT::WANDB: model: alpha, step: 2033, train_lr: 0.0001
TORCHFORT::WANDB: model: critic_0, step: 2034, train_loss: 0.139679
TORCHFORT::WANDB: model: critic_0, step: 2034, train_lr: 0.000419845
TORCHFORT::WANDB: model: actor, step: 2034, train_loss: -0.230785
TORCHFORT::WANDB: model: actor, step: 2034, train_lr: 0.000419845
TORCHFORT::WANDB: model: alpha, step: 2034, train_loss: -2.99308
TORCHFORT::WANDB: model: alpha, step: 2034, train_lr: 0.0001
TORCHFORT::WANDB: model: critic_0, step: 2035, train_loss: 0.108977
TORCHFORT::WANDB: model: critic_0, step: 2035, train_lr: 0.000420116
TORCHFORT::WANDB: model: actor, step: 2035, train_loss: -0.224008
TORCHFORT::WANDB: model: actor, step: 2035, train_lr: 0.000420116
TORCHFORT::WANDB: model: alpha, step: 2035, train_loss: -3.01219
TORCHFORT::WANDB: model: alpha, step: 2035, train_lr: 0.0001
TORCHFORT::WANDB: model: critic_0, step: 2036, train_loss: 0.113832
TORCHFORT::WANDB: model: critic_0, step: 2036, train_lr: 0.000420387
TORCHFORT::WANDB: model: actor, step: 2036, train_loss: -0.206436
TORCHFORT::WANDB: model: actor, step: 2036, train_lr: 0.000420387
TORCHFORT::WANDB: model: alpha, step: 2036, train_loss: -2.95657
TORCHFORT::WANDB: model: alpha, step: 2036, train_lr: 0.0001
TORCHFORT::WANDB: model: critic_0, step: 2037, train_loss: 0.196891
TORCHFORT::WANDB: model: critic_0, step: 2037, train_lr: 0.000420658
TORCHFORT::WANDB: model: actor, step: 2037, train_loss: -0.185744
TORCHFORT::WANDB: model: actor, step: 2037, train_lr: 0.000420658
TORCHFORT::WANDB: model: alpha, step: 2037, train_loss: -3.05608
TORCHFORT::WANDB: model: alpha, step: 2037, train_lr: 0.0001
TORCHFORT::WANDB: model: critic_0, step: 2038, train_loss: 0.133512
TORCHFORT::WANDB: model: critic_0, step: 2038, train_lr: 0.000420929
TORCHFORT::WANDB: model: actor, step: 2038, train_loss: -0.195629
TORCHFORT::WANDB: model: actor, step: 2038, train_lr: 0.000420929
TORCHFORT::WANDB: model: alpha, step: 2038, train_loss: -3.00085
TORCHFORT::WANDB: model: alpha, step: 2038, train_lr: 0.0001
TORCHFORT::WANDB: model: critic_0, step: 2039, train_loss: 0.125571
TORCHFORT::WANDB: model: critic_0, step: 2039, train_lr: 0.000421199
TORCHFORT::WANDB: model: actor, step: 2039, train_loss: -0.160962
TORCHFORT::WANDB: model: actor, step: 2039, train_lr: 0.000421199
TORCHFORT::WANDB: model: alpha, step: 2039, train_loss: -2.90995
TORCHFORT::WANDB: model: alpha, step: 2039, train_lr: 0.0001
TORCHFORT::WANDB: model: critic_0, step: 2040, train_loss: 0.165954
TORCHFORT::WANDB: model: critic_0, step: 2040, train_lr: 0.00042147
TORCHFORT::WANDB: model: actor, step: 2040, train_loss: -0.160439
TORCHFORT::WANDB: model: actor, step: 2040, train_lr: 0.00042147
TORCHFORT::WANDB: model: alpha, step: 2040, train_loss: -2.94831
TORCHFORT::WANDB: model: alpha, step: 2040, train_lr: 0.0001
TORCHFORT::WANDB: model: critic_0, step: 2041, train_loss: 0.246846
TORCHFORT::WANDB: model: critic_0, step: 2041, train_lr: 0.000421741
TORCHFORT::WANDB: model: actor, step: 2041, train_loss: -0.156448
TORCHFORT::WANDB: model: actor, step: 2041, train_lr: 0.000421741
TORCHFORT::WANDB: model: alpha, step: 2041, train_loss: -3.04914
TORCHFORT::WANDB: model: alpha, step: 2041, train_lr: 0.0001
TORCHFORT::WANDB: model: critic_0, step: 2042, train_loss: 0.115642
TORCHFORT::WANDB: model: critic_0, step: 2042, train_lr: 0.000422012
TORCHFORT::WANDB: model: actor, step: 2042, train_loss: -0.144576
TORCHFORT::WANDB: model: actor, step: 2042, train_lr: 0.000422012
TORCHFORT::WANDB: model: alpha, step: 2042, train_loss: -2.95858
TORCHFORT::WANDB: model: alpha, step: 2042, train_lr: 0.0001
TORCHFORT::WANDB: model: critic_0, step: 2043, train_loss: 0.138989
TORCHFORT::WANDB: model: critic_0, step: 2043, train_lr: 0.000422283
TORCHFORT::WANDB: model: actor, step: 2043, train_loss: -0.131402
TORCHFORT::WANDB: model: actor, step: 2043, train_lr: 0.000422283
TORCHFORT::WANDB: model: alpha, step: 2043, train_loss: -2.98326
TORCHFORT::WANDB: model: alpha, step: 2043, train_lr: 0.0001
TORCHFORT::WANDB: model: critic_0, step: 2044, train_loss: 0.18999
TORCHFORT::WANDB: model: critic_0, step: 2044, train_lr: 0.000422555
TORCHFORT::WANDB: model: actor, step: 2044, train_loss: -0.173127
TORCHFORT::WANDB: model: actor, step: 2044, train_lr: 0.000422555
TORCHFORT::WANDB: model: alpha, step: 2044, train_loss: -2.8423
TORCHFORT::WANDB: model: alpha, step: 2044, train_lr: 0.0001
TORCHFORT::WANDB: model: critic_0, step: 2045, train_loss: 0.301866
TORCHFORT::WANDB: model: critic_0, step: 2045, train_lr: 0.000422826
TORCHFORT::WANDB: model: actor, step: 2045, train_loss: -0.166725
TORCHFORT::WANDB: model: actor, step: 2045, train_lr: 0.000422826
TORCHFORT::WANDB: model: alpha, step: 2045, train_loss: -2.91098
TORCHFORT::WANDB: model: alpha, step: 2045, train_lr: 0.0001
TORCHFORT::WANDB: model: critic_0, step: 2046, train_loss: 0.127889
TORCHFORT::WANDB: model: critic_0, step: 2046, train_lr: 0.000423097
TORCHFORT::WANDB: model: actor, step: 2046, train_loss: -0.191299
TORCHFORT::WANDB: model: actor, step: 2046, train_lr: 0.000423097
TORCHFORT::WANDB: model: alpha, step: 2046, train_loss: -3.00616
TORCHFORT::WANDB: model: alpha, step: 2046, train_lr: 0.0001
TORCHFORT::WANDB: model: critic_0, step: 2047, train_loss: 0.104118
TORCHFORT::WANDB: model: critic_0, step: 2047, train_lr: 0.000423368
TORCHFORT::WANDB: model: actor, step: 2047, train_loss: -0.191502
TORCHFORT::WANDB: model: actor, step: 2047, train_lr: 0.000423368
TORCHFORT::WANDB: model: alpha, step: 2047, train_loss: -2.93233
TORCHFORT::WANDB: model: alpha, step: 2047, train_lr: 0.0001
TORCHFORT::WANDB: model: critic_0, step: 2048, train_loss: 0.0992642
TORCHFORT::WANDB: model: critic_0, step: 2048, train_lr: 0.00042364
TORCHFORT::WANDB: model: actor, step: 2048, train_loss: -0.205508
TORCHFORT::WANDB: model: actor, step: 2048, train_lr: 0.00042364
TORCHFORT::WANDB: model: alpha, step: 2048, train_loss: -2.88013
TORCHFORT::WANDB: model: alpha, step: 2048, train_lr: 0.0001
TORCHFORT::WANDB: model: critic_0, step: 2049, train_loss: 0.147094
TORCHFORT::WANDB: model: critic_0, step: 2049, train_lr: 0.000423911
TORCHFORT::WANDB: model: actor, step: 2049, train_loss: -0.210067
TORCHFORT::WANDB: model: actor, step: 2049, train_lr: 0.000423911
TORCHFORT::WANDB: model: alpha, step: 2049, train_loss: -2.79502
TORCHFORT::WANDB: model: alpha, step: 2049, train_lr: 0.0001
TORCHFORT::WANDB: model: critic_0, step: 2050, train_loss: 0.111855
TORCHFORT::WANDB: model: critic_0, step: 2050, train_lr: 0.000424183
TORCHFORT::WANDB: model: actor, step: 2050, train_loss: -0.2124
TORCHFORT::WANDB: model: actor, step: 2050, train_lr: 0.000424183
TORCHFORT::WANDB: model: alpha, step: 2050, train_loss: -2.93549
TORCHFORT::WANDB: model: alpha, step: 2050, train_lr: 0.0001
TORCHFORT::WANDB: model: critic_0, step: 2051, train_loss: 0.152604
TORCHFORT::WANDB: model: critic_0, step: 2051, train_lr: 0.000424454
TORCHFORT::WANDB: model: actor, step: 2051, train_loss: -0.195785
TORCHFORT::WANDB: model: actor, step: 2051, train_lr: 0.000424454
TORCHFORT::WANDB: model: alpha, step: 2051, train_loss: -2.87507
TORCHFORT::WANDB: model: alpha, step: 2051, train_lr: 0.0001
TORCHFORT::WANDB: model: critic_0, step: 2052, train_loss: 0.105193
TORCHFORT::WANDB: model: critic_0, step: 2052, train_lr: 0.000424726
TORCHFORT::WANDB: model: actor, step: 2052, train_loss: -0.202471
TORCHFORT::WANDB: model: actor, step: 2052, train_lr: 0.000424726
TORCHFORT::WANDB: model: alpha, step: 2052, train_loss: -2.75384
TORCHFORT::WANDB: model: alpha, step: 2052, train_lr: 0.0001
TORCHFORT::WANDB: model: critic_0, step: 2053, train_loss: 0.159141
TORCHFORT::WANDB: model: critic_0, step: 2053, train_lr: 0.000424997
TORCHFORT::WANDB: model: actor, step: 2053, train_loss: -0.182388
TORCHFORT::WANDB: model: actor, step: 2053, train_lr: 0.000424997
TORCHFORT::WANDB: model: alpha, step: 2053, train_loss: -2.84178
TORCHFORT::WANDB: model: alpha, step: 2053, train_lr: 0.0001
TORCHFORT::WANDB: model: critic_0, step: 2054, train_loss: 0.164651
TORCHFORT::WANDB: model: critic_0, step: 2054, train_lr: 0.000425269
TORCHFORT::WANDB: model: actor, step: 2054, train_loss: -0.181794
TORCHFORT::WANDB: model: actor, step: 2054, train_lr: 0.000425269
TORCHFORT::WANDB: model: alpha, step: 2054, train_loss: -2.82085
TORCHFORT::WANDB: model: alpha, step: 2054, train_lr: 0.0001
TORCHFORT::WANDB: model: critic_0, step: 2055, train_loss: 0.115267
TORCHFORT::WANDB: model: critic_0, step: 2055, train_lr: 0.00042554
TORCHFORT::WANDB: model: actor, step: 2055, train_loss: -0.162043
TORCHFORT::WANDB: model: actor, step: 2055, train_lr: 0.00042554
TORCHFORT::WANDB: model: alpha, step: 2055, train_loss: -2.85761
TORCHFORT::WANDB: model: alpha, step: 2055, train_lr: 0.0001
TORCHFORT::WANDB: model: critic_0, step: 2056, train_loss: 0.160133
TORCHFORT::WANDB: model: critic_0, step: 2056, train_lr: 0.000425812
TORCHFORT::WANDB: model: actor, step: 2056, train_loss: -0.146104
TORCHFORT::WANDB: model: actor, step: 2056, train_lr: 0.000425812
TORCHFORT::WANDB: model: alpha, step: 2056, train_loss: -2.92818
TORCHFORT::WANDB: model: alpha, step: 2056, train_lr: 0.0001
TORCHFORT::WANDB: model: critic_0, step: 2057, train_loss: 0.223437
TORCHFORT::WANDB: model: critic_0, step: 2057, train_lr: 0.000426084
TORCHFORT::WANDB: model: actor, step: 2057, train_loss: -0.160392
TORCHFORT::WANDB: model: actor, step: 2057, train_lr: 0.000426084
TORCHFORT::WANDB: model: alpha, step: 2057, train_loss: -2.90272
TORCHFORT::WANDB: model: alpha, step: 2057, train_lr: 0.0001
TORCHFORT::WANDB: model: critic_0, step: 2058, train_loss: 0.150913
TORCHFORT::WANDB: model: critic_0, step: 2058, train_lr: 0.000426356
TORCHFORT::WANDB: model: actor, step: 2058, train_loss: -0.150585
TORCHFORT::WANDB: model: actor, step: 2058, train_lr: 0.000426356
TORCHFORT::WANDB: model: alpha, step: 2058, train_loss: -2.94978
TORCHFORT::WANDB: model: alpha, step: 2058, train_lr: 0.0001
TORCHFORT::WANDB: model: critic_0, step: 2059, train_loss: 0.11634
TORCHFORT::WANDB: model: critic_0, step: 2059, train_lr: 0.000426628
TORCHFORT::WANDB: model: actor, step: 2059, train_loss: -0.157969
TORCHFORT::WANDB: model: actor, step: 2059, train_lr: 0.000426628
TORCHFORT::WANDB: model: alpha, step: 2059, train_loss: -2.96532
TORCHFORT::WANDB: model: alpha, step: 2059, train_lr: 0.0001
TORCHFORT::WANDB: model: critic_0, step: 2060, train_loss: 0.135836
TORCHFORT::WANDB: model: critic_0, step: 2060, train_lr: 0.0004269
TORCHFORT::WANDB: model: actor, step: 2060, train_loss: -0.163556
TORCHFORT::WANDB: model: actor, step: 2060, train_lr: 0.0004269
TORCHFORT::WANDB: model: alpha, step: 2060, train_loss: -2.88338
TORCHFORT::WANDB: model: alpha, step: 2060, train_lr: 0.0001
TORCHFORT::WANDB: model: critic_0, step: 2061, train_loss: 0.125188
TORCHFORT::WANDB: model: critic_0, step: 2061, train_lr: 0.000427172
TORCHFORT::WANDB: model: actor, step: 2061, train_loss: -0.164386
TORCHFORT::WANDB: model: actor, step: 2061, train_lr: 0.000427172
TORCHFORT::WANDB: model: alpha, step: 2061, train_loss: -2.81338
TORCHFORT::WANDB: model: alpha, step: 2061, train_lr: 0.0001
TORCHFORT::WANDB: model: critic_0, step: 2062, train_loss: 0.204262
TORCHFORT::WANDB: model: critic_0, step: 2062, train_lr: 0.000427444
TORCHFORT::WANDB: model: actor, step: 2062, train_loss: -0.188876
TORCHFORT::WANDB: model: actor, step: 2062, train_lr: 0.000427444
TORCHFORT::WANDB: model: alpha, step: 2062, train_loss: -2.97373
TORCHFORT::WANDB: model: alpha, step: 2062, train_lr: 0.0001
TORCHFORT::WANDB: model: critic_0, step: 2063, train_loss: 0.105802
TORCHFORT::WANDB: model: critic_0, step: 2063, train_lr: 0.000427716
TORCHFORT::WANDB: model: actor, step: 2063, train_loss: -0.166565
TORCHFORT::WANDB: model: actor, step: 2063, train_lr: 0.000427716
TORCHFORT::WANDB: model: alpha, step: 2063, train_loss: -2.84242
TORCHFORT::WANDB: model: alpha, step: 2063, train_lr: 0.0001
TORCHFORT::WANDB: model: critic_0, step: 2064, train_loss: 0.108479
TORCHFORT::WANDB: model: critic_0, step: 2064, train_lr: 0.000427988
TORCHFORT::WANDB: model: actor, step: 2064, train_loss: -0.177245
TORCHFORT::WANDB: model: actor, step: 2064, train_lr: 0.000427988
TORCHFORT::WANDB: model: alpha, step: 2064, train_loss: -2.86696
TORCHFORT::WANDB: model: alpha, step: 2064, train_lr: 0.0001
TORCHFORT::WANDB: model: critic_0, step: 2065, train_loss: 0.274227
TORCHFORT::WANDB: model: critic_0, step: 2065, train_lr: 0.00042826
TORCHFORT::WANDB: model: actor, step: 2065, train_loss: -0.189341
TORCHFORT::WANDB: model: actor, step: 2065, train_lr: 0.00042826
TORCHFORT::WANDB: model: alpha, step: 2065, train_loss: -2.95729
TORCHFORT::WANDB: model: alpha, step: 2065, train_lr: 0.0001
TORCHFORT::WANDB: model: critic_0, step: 2066, train_loss: 0.0860089
TORCHFORT::WANDB: model: critic_0, step: 2066, train_lr: 0.000428532
TORCHFORT::WANDB: model: actor, step: 2066, train_loss: -0.177791
TORCHFORT::WANDB: model: actor, step: 2066, train_lr: 0.000428532
TORCHFORT::WANDB: model: alpha, step: 2066, train_loss: -3.01744
TORCHFORT::WANDB: model: alpha, step: 2066, train_lr: 0.0001
TORCHFORT::WANDB: model: critic_0, step: 2067, train_loss: 0.13482
TORCHFORT::WANDB: model: critic_0, step: 2067, train_lr: 0.000428805
TORCHFORT::WANDB: model: actor, step: 2067, train_loss: -0.182492
TORCHFORT::WANDB: model: actor, step: 2067, train_lr: 0.000428805
TORCHFORT::WANDB: model: alpha, step: 2067, train_loss: -2.95529
TORCHFORT::WANDB: model: alpha, step: 2067, train_lr: 0.0001
TORCHFORT::WANDB: model: critic_0, step: 2068, train_loss: 0.211559
TORCHFORT::WANDB: model: critic_0, step: 2068, train_lr: 0.000429077
TORCHFORT::WANDB: model: actor, step: 2068, train_loss: -0.172384
TORCHFORT::WANDB: model: actor, step: 2068, train_lr: 0.000429077
TORCHFORT::WANDB: model: alpha, step: 2068, train_loss: -2.94144
TORCHFORT::WANDB: model: alpha, step: 2068, train_lr: 0.0001
TORCHFORT::WANDB: model: critic_0, step: 2069, train_loss: 0.140678
TORCHFORT::WANDB: model: critic_0, step: 2069, train_lr: 0.000429349
TORCHFORT::WANDB: model: actor, step: 2069, train_loss: -0.175055
TORCHFORT::WANDB: model: actor, step: 2069, train_lr: 0.000429349
TORCHFORT::WANDB: model: alpha, step: 2069, train_loss: -2.88687
TORCHFORT::WANDB: model: alpha, step: 2069, train_lr: 0.0001
TORCHFORT::WANDB: model: critic_0, step: 2070, train_loss: 0.10369
TORCHFORT::WANDB: model: critic_0, step: 2070, train_lr: 0.000429622
TORCHFORT::WANDB: model: actor, step: 2070, train_loss: -0.191632
TORCHFORT::WANDB: model: actor, step: 2070, train_lr: 0.000429622
TORCHFORT::WANDB: model: alpha, step: 2070, train_loss: -2.92406
TORCHFORT::WANDB: model: alpha, step: 2070, train_lr: 0.0001
TORCHFORT::WANDB: model: critic_0, step: 2071, train_loss: 0.120188
TORCHFORT::WANDB: model: critic_0, step: 2071, train_lr: 0.000429894
TORCHFORT::WANDB: model: actor, step: 2071, train_loss: -0.183488
TORCHFORT::WANDB: model: actor, step: 2071, train_lr: 0.000429894
TORCHFORT::WANDB: model: alpha, step: 2071, train_loss: -2.94561
TORCHFORT::WANDB: model: alpha, step: 2071, train_lr: 0.0001
TORCHFORT::WANDB: model: critic_0, step: 2072, train_loss: 0.121274
TORCHFORT::WANDB: model: critic_0, step: 2072, train_lr: 0.000430167
TORCHFORT::WANDB: model: actor, step: 2072, train_loss: -0.188618
TORCHFORT::WANDB: model: actor, step: 2072, train_lr: 0.000430167
TORCHFORT::WANDB: model: alpha, step: 2072, train_loss: -2.9542
TORCHFORT::WANDB: model: alpha, step: 2072, train_lr: 0.0001
TORCHFORT::WANDB: model: critic_0, step: 2073, train_loss: 0.129779
TORCHFORT::WANDB: model: critic_0, step: 2073, train_lr: 0.000430439
TORCHFORT::WANDB: model: actor, step: 2073, train_loss: -0.193515
TORCHFORT::WANDB: model: actor, step: 2073, train_lr: 0.000430439
TORCHFORT::WANDB: model: alpha, step: 2073, train_loss: -2.95092
TORCHFORT::WANDB: model: alpha, step: 2073, train_lr: 0.0001
TORCHFORT::WANDB: model: critic_0, step: 2074, train_loss: 0.270186
TORCHFORT::WANDB: model: critic_0, step: 2074, train_lr: 0.000430712
TORCHFORT::WANDB: model: actor, step: 2074, train_loss: -0.196072
TORCHFORT::WANDB: model: actor, step: 2074, train_lr: 0.000430712
TORCHFORT::WANDB: model: alpha, step: 2074, train_loss: -2.86479
TORCHFORT::WANDB: model: alpha, step: 2074, train_lr: 0.0001
TORCHFORT::WANDB: model: critic_0, step: 2075, train_loss: 0.111771
TORCHFORT::WANDB: model: critic_0, step: 2075, train_lr: 0.000430984
TORCHFORT::WANDB: model: actor, step: 2075, train_loss: -0.192668
TORCHFORT::WANDB: model: actor, step: 2075, train_lr: 0.000430984
TORCHFORT::WANDB: model: alpha, step: 2075, train_loss: -2.92789
TORCHFORT::WANDB: model: alpha, step: 2075, train_lr: 0.0001
TORCHFORT::WANDB: model: critic_0, step: 2076, train_loss: 0.168035
TORCHFORT::WANDB: model: critic_0, step: 2076, train_lr: 0.000431257
TORCHFORT::WANDB: model: actor, step: 2076, train_loss: -0.200105
TORCHFORT::WANDB: model: actor, step: 2076, train_lr: 0.000431257
TORCHFORT::WANDB: model: alpha, step: 2076, train_loss: -2.9646
TORCHFORT::WANDB: model: alpha, step: 2076, train_lr: 0.0001
TORCHFORT::WANDB: model: critic_0, step: 2077, train_loss: 0.0881359
TORCHFORT::WANDB: model: critic_0, step: 2077, train_lr: 0.00043153
TORCHFORT::WANDB: model: actor, step: 2077, train_loss: -0.203844
TORCHFORT::WANDB: model: actor, step: 2077, train_lr: 0.00043153
TORCHFORT::WANDB: model: alpha, step: 2077, train_loss: -2.90169
TORCHFORT::WANDB: model: alpha, step: 2077, train_lr: 0.0001
TORCHFORT::WANDB: model: critic_0, step: 2078, train_loss: 0.147096
TORCHFORT::WANDB: model: critic_0, step: 2078, train_lr: 0.000431803
TORCHFORT::WANDB: model: actor, step: 2078, train_loss: -0.184676
TORCHFORT::WANDB: model: actor, step: 2078, train_lr: 0.000431803
TORCHFORT::WANDB: model: alpha, step: 2078, train_loss: -2.73559
TORCHFORT::WANDB: model: alpha, step: 2078, train_lr: 0.0001
TORCHFORT::WANDB: model: critic_0, step: 2079, train_loss: 0.0770643
TORCHFORT::WANDB: model: critic_0, step: 2079, train_lr: 0.000432076
TORCHFORT::WANDB: model: actor, step: 2079, train_loss: -0.172277
TORCHFORT::WANDB: model: actor, step: 2079, train_lr: 0.000432076
TORCHFORT::WANDB: model: alpha, step: 2079, train_loss: -2.86826
TORCHFORT::WANDB: model: alpha, step: 2079, train_lr: 0.0001
TORCHFORT::WANDB: model: critic_0, step: 2080, train_loss: 0.352444
TORCHFORT::WANDB: model: critic_0, step: 2080, train_lr: 0.000432348
TORCHFORT::WANDB: model: actor, step: 2080, train_loss: -0.181786
TORCHFORT::WANDB: model: actor, step: 2080, train_lr: 0.000432348
TORCHFORT::WANDB: model: alpha, step: 2080, train_loss: -2.96356
TORCHFORT::WANDB: model: alpha, step: 2080, train_lr: 0.0001
TORCHFORT::WANDB: model: critic_0, step: 2081, train_loss: 0.139296
TORCHFORT::WANDB: model: critic_0, step: 2081, train_lr: 0.000432621
TORCHFORT::WANDB: model: actor, step: 2081, train_loss: -0.197478
TORCHFORT::WANDB: model: actor, step: 2081, train_lr: 0.000432621
TORCHFORT::WANDB: model: alpha, step: 2081, train_loss: -2.91855
TORCHFORT::WANDB: model: alpha, step: 2081, train_lr: 0.0001
TORCHFORT::WANDB: model: critic_0, step: 2082, train_loss: 0.176681
TORCHFORT::WANDB: model: critic_0, step: 2082, train_lr: 0.000432894
TORCHFORT::WANDB: model: actor, step: 2082, train_loss: -0.189478
TORCHFORT::WANDB: model: actor, step: 2082, train_lr: 0.000432894
TORCHFORT::WANDB: model: alpha, step: 2082, train_loss: -2.79469
TORCHFORT::WANDB: model: alpha, step: 2082, train_lr: 0.0001
TORCHFORT::WANDB: model: critic_0, step: 2083, train_loss: 0.17119
TORCHFORT::WANDB: model: critic_0, step: 2083, train_lr: 0.000433167
TORCHFORT::WANDB: model: actor, step: 2083, train_loss: -0.182777
TORCHFORT::WANDB: model: actor, step: 2083, train_lr: 0.000433167
TORCHFORT::WANDB: model: alpha, step: 2083, train_loss: -2.79936
TORCHFORT::WANDB: model: alpha, step: 2083, train_lr: 0.0001
TORCHFORT::WANDB: model: critic_0, step: 2084, train_loss: 0.15323
TORCHFORT::WANDB: model: critic_0, step: 2084, train_lr: 0.00043344
TORCHFORT::WANDB: model: actor, step: 2084, train_loss: -0.187372
TORCHFORT::WANDB: model: actor, step: 2084, train_lr: 0.00043344
TORCHFORT::WANDB: model: alpha, step: 2084, train_loss: -2.86165
TORCHFORT::WANDB: model: alpha, step: 2084, train_lr: 0.0001
TORCHFORT::WANDB: model: critic_0, step: 2085, train_loss: 0.126264
TORCHFORT::WANDB: model: critic_0, step: 2085, train_lr: 0.000433714
TORCHFORT::WANDB: model: actor, step: 2085, train_loss: -0.167033
TORCHFORT::WANDB: model: actor, step: 2085, train_lr: 0.000433714
TORCHFORT::WANDB: model: alpha, step: 2085, train_loss: -2.80049
TORCHFORT::WANDB: model: alpha, step: 2085, train_lr: 0.0001
TORCHFORT::WANDB: model: critic_0, step: 2086, train_loss: 0.11504
TORCHFORT::WANDB: model: critic_0, step: 2086, train_lr: 0.000433987
TORCHFORT::WANDB: model: actor, step: 2086, train_loss: -0.169582
TORCHFORT::WANDB: model: actor, step: 2086, train_lr: 0.000433987
TORCHFORT::WANDB: model: alpha, step: 2086, train_loss: -2.95741
TORCHFORT::WANDB: model: alpha, step: 2086, train_lr: 0.0001
TORCHFORT::WANDB: model: critic_0, step: 2087, train_loss: 0.259498
TORCHFORT::WANDB: model: critic_0, step: 2087, train_lr: 0.00043426
TORCHFORT::WANDB: model: actor, step: 2087, train_loss: -0.177111
TORCHFORT::WANDB: model: actor, step: 2087, train_lr: 0.00043426
TORCHFORT::WANDB: model: alpha, step: 2087, train_loss: -2.99075
TORCHFORT::WANDB: model: alpha, step: 2087, train_lr: 0.0001
TORCHFORT::WANDB: model: critic_0, step: 2088, train_loss: 0.167483
TORCHFORT::WANDB: model: critic_0, step: 2088, train_lr: 0.000434533
TORCHFORT::WANDB: model: actor, step: 2088, train_loss: -0.175693
TORCHFORT::WANDB: model: actor, step: 2088, train_lr: 0.000434533
TORCHFORT::WANDB: model: alpha, step: 2088, train_loss: -2.89426
TORCHFORT::WANDB: model: alpha, step: 2088, train_lr: 0.0001
TORCHFORT::WANDB: model: critic_0, step: 2089, train_loss: 0.141727
TORCHFORT::WANDB: model: critic_0, step: 2089, train_lr: 0.000434806
TORCHFORT::WANDB: model: actor, step: 2089, train_loss: -0.172048
TORCHFORT::WANDB: model: actor, step: 2089, train_lr: 0.000434806
TORCHFORT::WANDB: model: alpha, step: 2089, train_loss: -2.99168
TORCHFORT::WANDB: model: alpha, step: 2089, train_lr: 0.0001
TORCHFORT::WANDB: model: critic_0, step: 2090, train_loss: 0.126841
TORCHFORT::WANDB: model: critic_0, step: 2090, train_lr: 0.00043508
TORCHFORT::WANDB: model: actor, step: 2090, train_loss: -0.171267
TORCHFORT::WANDB: model: actor, step: 2090, train_lr: 0.00043508
TORCHFORT::WANDB: model: alpha, step: 2090, train_loss: -3.05021
TORCHFORT::WANDB: model: alpha, step: 2090, train_lr: 0.0001
TORCHFORT::WANDB: model: critic_0, step: 2091, train_loss: 0.143616
TORCHFORT::WANDB: model: critic_0, step: 2091, train_lr: 0.000435353
TORCHFORT::WANDB: model: actor, step: 2091, train_loss: -0.180351
TORCHFORT::WANDB: model: actor, step: 2091, train_lr: 0.000435353
TORCHFORT::WANDB: model: alpha, step: 2091, train_loss: -3.0166
TORCHFORT::WANDB: model: alpha, step: 2091, train_lr: 0.0001
TORCHFORT::WANDB: model: critic_0, step: 2092, train_loss: 0.17099
TORCHFORT::WANDB: model: critic_0, step: 2092, train_lr: 0.000435627
TORCHFORT::WANDB: model: actor, step: 2092, train_loss: -0.183198
TORCHFORT::WANDB: model: actor, step: 2092, train_lr: 0.000435627
TORCHFORT::WANDB: model: alpha, step: 2092, train_loss: -2.88298
TORCHFORT::WANDB: model: alpha, step: 2092, train_lr: 0.0001
TORCHFORT::WANDB: model: critic_0, step: 2093, train_loss: 0.164199
TORCHFORT::WANDB: model: critic_0, step: 2093, train_lr: 0.0004359
TORCHFORT::WANDB: model: actor, step: 2093, train_loss: -0.183727
TORCHFORT::WANDB: model: actor, step: 2093, train_lr: 0.0004359
TORCHFORT::WANDB: model: alpha, step: 2093, train_loss: -2.99512
TORCHFORT::WANDB: model: alpha, step: 2093, train_lr: 0.0001
TORCHFORT::WANDB: model: critic_0, step: 2094, train_loss: 0.131946
TORCHFORT::WANDB: model: critic_0, step: 2094, train_lr: 0.000436174
TORCHFORT::WANDB: model: actor, step: 2094, train_loss: -0.195657
TORCHFORT::WANDB: model: actor, step: 2094, train_lr: 0.000436174
TORCHFORT::WANDB: model: alpha, step: 2094, train_loss: -2.93132
TORCHFORT::WANDB: model: alpha, step: 2094, train_lr: 0.0001
TORCHFORT::WANDB: model: critic_0, step: 2095, train_loss: 0.174648
TORCHFORT::WANDB: model: critic_0, step: 2095, train_lr: 0.000436447
TORCHFORT::WANDB: model: actor, step: 2095, train_loss: -0.184265
TORCHFORT::WANDB: model: actor, step: 2095, train_lr: 0.000436447
TORCHFORT::WANDB: model: alpha, step: 2095, train_loss: -2.95337
TORCHFORT::WANDB: model: alpha, step: 2095, train_lr: 0.0001
TORCHFORT::WANDB: model: critic_0, step: 2096, train_loss: 0.175497
TORCHFORT::WANDB: model: critic_0, step: 2096, train_lr: 0.000436721
TORCHFORT::WANDB: model: actor, step: 2096, train_loss: -0.175881
TORCHFORT::WANDB: model: actor, step: 2096, train_lr: 0.000436721
TORCHFORT::WANDB: model: alpha, step: 2096, train_loss: -2.96386
TORCHFORT::WANDB: model: alpha, step: 2096, train_lr: 0.0001
TORCHFORT::WANDB: model: critic_0, step: 2097, train_loss: 0.15779
TORCHFORT::WANDB: model: critic_0, step: 2097, train_lr: 0.000436994
TORCHFORT::WANDB: model: actor, step: 2097, train_loss: -0.168718
TORCHFORT::WANDB: model: actor, step: 2097, train_lr: 0.000436994
TORCHFORT::WANDB: model: alpha, step: 2097, train_loss: -2.88036
TORCHFORT::WANDB: model: alpha, step: 2097, train_lr: 0.0001
TORCHFORT::WANDB: model: critic_0, step: 2098, train_loss: 0.0918547
TORCHFORT::WANDB: model: critic_0, step: 2098, train_lr: 0.000437268
TORCHFORT::WANDB: model: actor, step: 2098, train_loss: -0.164519
TORCHFORT::WANDB: model: actor, step: 2098, train_lr: 0.000437268
TORCHFORT::WANDB: model: alpha, step: 2098, train_loss: -2.99556
TORCHFORT::WANDB: model: alpha, step: 2098, train_lr: 0.0001
TORCHFORT::WANDB: model: critic_0, step: 2099, train_loss: 0.0972003
TORCHFORT::WANDB: model: critic_0, step: 2099, train_lr: 0.000437542
TORCHFORT::WANDB: model: actor, step: 2099, train_loss: -0.162092
TORCHFORT::WANDB: model: actor, step: 2099, train_lr: 0.000437542
TORCHFORT::WANDB: model: alpha, step: 2099, train_loss: -2.94003
TORCHFORT::WANDB: model: alpha, step: 2099, train_lr: 0.0001
TORCHFORT::WANDB: model: critic_0, step: 2100, train_loss: 0.154542
TORCHFORT::WANDB: model: critic_0, step: 2100, train_lr: 0.000437816
TORCHFORT::WANDB: model: actor, step: 2100, train_loss: -0.168599
TORCHFORT::WANDB: model: actor, step: 2100, train_lr: 0.000437816
TORCHFORT::WANDB: model: alpha, step: 2100, train_loss: -2.98233
TORCHFORT::WANDB: model: alpha, step: 2100, train_lr: 0.0001
TORCHFORT::WANDB: model: rlwm, step: 21, reward_sum: 2983.95
TORCHFORT::WANDB: model: rlwm, step: 21, policy_loss: -0.168599
TORCHFORT::WANDB: model: rlwm, step: 21, critic_loss: 0.154542
TORCHFORT::WANDB: model: critic_0, step: 2101, train_loss: 0.171053
TORCHFORT::WANDB: model: critic_0, step: 2101, train_lr: 0.00043809
TORCHFORT::WANDB: model: actor, step: 2101, train_loss: -0.181177
TORCHFORT::WANDB: model: actor, step: 2101, train_lr: 0.00043809
TORCHFORT::WANDB: model: alpha, step: 2101, train_loss: -2.83024
TORCHFORT::WANDB: model: alpha, step: 2101, train_lr: 0.0001
TORCHFORT::WANDB: model: critic_0, step: 2102, train_loss: 0.208305
TORCHFORT::WANDB: model: critic_0, step: 2102, train_lr: 0.000438363
TORCHFORT::WANDB: model: actor, step: 2102, train_loss: -0.201069
TORCHFORT::WANDB: model: actor, step: 2102, train_lr: 0.000438363
TORCHFORT::WANDB: model: alpha, step: 2102, train_loss: -2.91505
TORCHFORT::WANDB: model: alpha, step: 2102, train_lr: 0.0001
TORCHFORT::WANDB: model: critic_0, step: 2103, train_loss: 0.214147
TORCHFORT::WANDB: model: critic_0, step: 2103, train_lr: 0.000438637
TORCHFORT::WANDB: model: actor, step: 2103, train_loss: -0.199341
TORCHFORT::WANDB: model: actor, step: 2103, train_lr: 0.000438637
TORCHFORT::WANDB: model: alpha, step: 2103, train_loss: -2.8448
TORCHFORT::WANDB: model: alpha, step: 2103, train_lr: 0.0001
TORCHFORT::WANDB: model: critic_0, step: 2104, train_loss: 0.13617
TORCHFORT::WANDB: model: critic_0, step: 2104, train_lr: 0.000438911
TORCHFORT::WANDB: model: actor, step: 2104, train_loss: -0.227864
TORCHFORT::WANDB: model: actor, step: 2104, train_lr: 0.000438911
TORCHFORT::WANDB: model: alpha, step: 2104, train_loss: -2.89078
TORCHFORT::WANDB: model: alpha, step: 2104, train_lr: 0.0001
TORCHFORT::WANDB: model: critic_0, step: 2105, train_loss: 0.170489
TORCHFORT::WANDB: model: critic_0, step: 2105, train_lr: 0.000439185
TORCHFORT::WANDB: model: actor, step: 2105, train_loss: -0.21652
TORCHFORT::WANDB: model: actor, step: 2105, train_lr: 0.000439185
TORCHFORT::WANDB: model: alpha, step: 2105, train_loss: -2.88246
TORCHFORT::WANDB: model: alpha, step: 2105, train_lr: 0.0001
TORCHFORT::WANDB: model: critic_0, step: 2106, train_loss: 0.098094
TORCHFORT::WANDB: model: critic_0, step: 2106, train_lr: 0.000439459
TORCHFORT::WANDB: model: actor, step: 2106, train_loss: -0.226092
TORCHFORT::WANDB: model: actor, step: 2106, train_lr: 0.000439459
TORCHFORT::WANDB: model: alpha, step: 2106, train_loss: -2.91488
TORCHFORT::WANDB: model: alpha, step: 2106, train_lr: 0.0001
TORCHFORT::WANDB: model: critic_0, step: 2107, train_loss: 0.101906
TORCHFORT::WANDB: model: critic_0, step: 2107, train_lr: 0.000439734
TORCHFORT::WANDB: model: actor, step: 2107, train_loss: -0.212738
TORCHFORT::WANDB: model: actor, step: 2107, train_lr: 0.000439734
TORCHFORT::WANDB: model: alpha, step: 2107, train_loss: -2.82604
TORCHFORT::WANDB: model: alpha, step: 2107, train_lr: 0.0001
TORCHFORT::WANDB: model: critic_0, step: 2108, train_loss: 0.135465
TORCHFORT::WANDB: model: critic_0, step: 2108, train_lr: 0.000440008
TORCHFORT::WANDB: model: actor, step: 2108, train_loss: -0.203266
TORCHFORT::WANDB: model: actor, step: 2108, train_lr: 0.000440008
TORCHFORT::WANDB: model: alpha, step: 2108, train_loss: -2.87101
TORCHFORT::WANDB: model: alpha, step: 2108, train_lr: 0.0001
TORCHFORT::WANDB: model: critic_0, step: 2109, train_loss: 0.240679
TORCHFORT::WANDB: model: critic_0, step: 2109, train_lr: 0.000440282
TORCHFORT::WANDB: model: actor, step: 2109, train_loss: -0.184515
TORCHFORT::WANDB: model: actor, step: 2109, train_lr: 0.000440282
TORCHFORT::WANDB: model: alpha, step: 2109, train_loss: -2.85609
TORCHFORT::WANDB: model: alpha, step: 2109, train_lr: 0.0001
TORCHFORT::WANDB: model: critic_0, step: 2110, train_loss: 0.155308
TORCHFORT::WANDB: model: critic_0, step: 2110, train_lr: 0.000440556
TORCHFORT::WANDB: model: actor, step: 2110, train_loss: -0.182233
TORCHFORT::WANDB: model: actor, step: 2110, train_lr: 0.000440556
TORCHFORT::WANDB: model: alpha, step: 2110, train_loss: -2.99625
TORCHFORT::WANDB: model: alpha, step: 2110, train_lr: 0.0001
TORCHFORT::WANDB: model: critic_0, step: 2111, train_loss: 0.168144
TORCHFORT::WANDB: model: critic_0, step: 2111, train_lr: 0.00044083
TORCHFORT::WANDB: model: actor, step: 2111, train_loss: -0.18098
TORCHFORT::WANDB: model: actor, step: 2111, train_lr: 0.00044083
TORCHFORT::WANDB: model: alpha, step: 2111, train_loss: -2.92311
TORCHFORT::WANDB: model: alpha, step: 2111, train_lr: 0.0001
TORCHFORT::WANDB: model: critic_0, step: 2112, train_loss: 0.165113
TORCHFORT::WANDB: model: critic_0, step: 2112, train_lr: 0.000441105
TORCHFORT::WANDB: model: actor, step: 2112, train_loss: -0.162054
TORCHFORT::WANDB: model: actor, step: 2112, train_lr: 0.000441105
TORCHFORT::WANDB: model: alpha, step: 2112, train_loss: -2.87147
TORCHFORT::WANDB: model: alpha, step: 2112, train_lr: 0.0001
TORCHFORT::WANDB: model: critic_0, step: 2113, train_loss: 0.158238
TORCHFORT::WANDB: model: critic_0, step: 2113, train_lr: 0.000441379
TORCHFORT::WANDB: model: actor, step: 2113, train_loss: -0.164696
TORCHFORT::WANDB: model: actor, step: 2113, train_lr: 0.000441379
TORCHFORT::WANDB: model: alpha, step: 2113, train_loss: -2.96653
TORCHFORT::WANDB: model: alpha, step: 2113, train_lr: 0.0001
TORCHFORT::WANDB: model: critic_0, step: 2114, train_loss: 0.139444
TORCHFORT::WANDB: model: critic_0, step: 2114, train_lr: 0.000441653
TORCHFORT::WANDB: model: actor, step: 2114, train_loss: -0.158979
TORCHFORT::WANDB: model: actor, step: 2114, train_lr: 0.000441653
TORCHFORT::WANDB: model: alpha, step: 2114, train_loss: -3.12759
TORCHFORT::WANDB: model: alpha, step: 2114, train_lr: 0.0001
TORCHFORT::WANDB: model: critic_0, step: 2115, train_loss: 0.201518
TORCHFORT::WANDB: model: critic_0, step: 2115, train_lr: 0.000441928
TORCHFORT::WANDB: model: actor, step: 2115, train_loss: -0.167471
TORCHFORT::WANDB: model: actor, step: 2115, train_lr: 0.000441928
TORCHFORT::WANDB: model: alpha, step: 2115, train_loss: -2.94935
TORCHFORT::WANDB: model: alpha, step: 2115, train_lr: 0.0001
TORCHFORT::WANDB: model: critic_0, step: 2116, train_loss: 0.162955
TORCHFORT::WANDB: model: critic_0, step: 2116, train_lr: 0.000442202
TORCHFORT::WANDB: model: actor, step: 2116, train_loss: -0.1578
TORCHFORT::WANDB: model: actor, step: 2116, train_lr: 0.000442202
TORCHFORT::WANDB: model: alpha, step: 2116, train_loss: -2.99514
TORCHFORT::WANDB: model: alpha, step: 2116, train_lr: 0.0001
TORCHFORT::WANDB: model: critic_0, step: 2117, train_loss: 0.0742832
TORCHFORT::WANDB: model: critic_0, step: 2117, train_lr: 0.000442477
TORCHFORT::WANDB: model: actor, step: 2117, train_loss: -0.179945
TORCHFORT::WANDB: model: actor, step: 2117, train_lr: 0.000442477
TORCHFORT::WANDB: model: alpha, step: 2117, train_loss: -2.96464
TORCHFORT::WANDB: model: alpha, step: 2117, train_lr: 0.0001
TORCHFORT::WANDB: model: critic_0, step: 2118, train_loss: 0.1275
TORCHFORT::WANDB: model: critic_0, step: 2118, train_lr: 0.000442751
TORCHFORT::WANDB: model: actor, step: 2118, train_loss: -0.170063
TORCHFORT::WANDB: model: actor, step: 2118, train_lr: 0.000442751
TORCHFORT::WANDB: model: alpha, step: 2118, train_loss: -2.91221
TORCHFORT::WANDB: model: alpha, step: 2118, train_lr: 0.0001
TORCHFORT::WANDB: model: critic_0, step: 2119, train_loss: 0.138071
TORCHFORT::WANDB: model: critic_0, step: 2119, train_lr: 0.000443026
TORCHFORT::WANDB: model: actor, step: 2119, train_loss: -0.203203
TORCHFORT::WANDB: model: actor, step: 2119, train_lr: 0.000443026
TORCHFORT::WANDB: model: alpha, step: 2119, train_loss: -2.95043
TORCHFORT::WANDB: model: alpha, step: 2119, train_lr: 0.0001
TORCHFORT::WANDB: model: critic_0, step: 2120, train_loss: 0.242324
TORCHFORT::WANDB: model: critic_0, step: 2120, train_lr: 0.000443301
TORCHFORT::WANDB: model: actor, step: 2120, train_loss: -0.210646
TORCHFORT::WANDB: model: actor, step: 2120, train_lr: 0.000443301
TORCHFORT::WANDB: model: alpha, step: 2120, train_loss: -2.93077
TORCHFORT::WANDB: model: alpha, step: 2120, train_lr: 0.0001
TORCHFORT::WANDB: model: critic_0, step: 2121, train_loss: 0.173993
TORCHFORT::WANDB: model: critic_0, step: 2121, train_lr: 0.000443575
TORCHFORT::WANDB: model: actor, step: 2121, train_loss: -0.222463
TORCHFORT::WANDB: model: actor, step: 2121, train_lr: 0.000443575
TORCHFORT::WANDB: model: alpha, step: 2121, train_loss: -3.00645
TORCHFORT::WANDB: model: alpha, step: 2121, train_lr: 0.0001
TORCHFORT::WANDB: model: critic_0, step: 2122, train_loss: 0.115451
TORCHFORT::WANDB: model: critic_0, step: 2122, train_lr: 0.00044385
TORCHFORT::WANDB: model: actor, step: 2122, train_loss: -0.221049
TORCHFORT::WANDB: model: actor, step: 2122, train_lr: 0.00044385
TORCHFORT::WANDB: model: alpha, step: 2122, train_loss: -3.00091
TORCHFORT::WANDB: model: alpha, step: 2122, train_lr: 0.0001
TORCHFORT::WANDB: model: critic_0, step: 2123, train_loss: 0.180607
TORCHFORT::WANDB: model: critic_0, step: 2123, train_lr: 0.000444125
TORCHFORT::WANDB: model: actor, step: 2123, train_loss: -0.227323
TORCHFORT::WANDB: model: actor, step: 2123, train_lr: 0.000444125
TORCHFORT::WANDB: model: alpha, step: 2123, train_loss: -2.92399
TORCHFORT::WANDB: model: alpha, step: 2123, train_lr: 0.0001
TORCHFORT::WANDB: model: critic_0, step: 2124, train_loss: 0.2057
TORCHFORT::WANDB: model: critic_0, step: 2124, train_lr: 0.0004444
TORCHFORT::WANDB: model: actor, step: 2124, train_loss: -0.232569
TORCHFORT::WANDB: model: actor, step: 2124, train_lr: 0.0004444
TORCHFORT::WANDB: model: alpha, step: 2124, train_loss: -2.86162
TORCHFORT::WANDB: model: alpha, step: 2124, train_lr: 0.0001
TORCHFORT::WANDB: model: critic_0, step: 2125, train_loss: 0.153259
TORCHFORT::WANDB: model: critic_0, step: 2125, train_lr: 0.000444675
TORCHFORT::WANDB: model: actor, step: 2125, train_loss: -0.228414
TORCHFORT::WANDB: model: actor, step: 2125, train_lr: 0.000444675
TORCHFORT::WANDB: model: alpha, step: 2125, train_loss: -2.92402
TORCHFORT::WANDB: model: alpha, step: 2125, train_lr: 0.0001
TORCHFORT::WANDB: model: critic_0, step: 2126, train_loss: 0.1629
TORCHFORT::WANDB: model: critic_0, step: 2126, train_lr: 0.00044495
TORCHFORT::WANDB: model: actor, step: 2126, train_loss: -0.211749
TORCHFORT::WANDB: model: actor, step: 2126, train_lr: 0.00044495
TORCHFORT::WANDB: model: alpha, step: 2126, train_loss: -2.92215
TORCHFORT::WANDB: model: alpha, step: 2126, train_lr: 0.0001
TORCHFORT::WANDB: model: critic_0, step: 2127, train_loss: 0.169775
TORCHFORT::WANDB: model: critic_0, step: 2127, train_lr: 0.000445225
TORCHFORT::WANDB: model: actor, step: 2127, train_loss: -0.191431
TORCHFORT::WANDB: model: actor, step: 2127, train_lr: 0.000445225
TORCHFORT::WANDB: model: alpha, step: 2127, train_loss: -2.88966
TORCHFORT::WANDB: model: alpha, step: 2127, train_lr: 0.0001
TORCHFORT::WANDB: model: critic_0, step: 2128, train_loss: 0.140899
TORCHFORT::WANDB: model: critic_0, step: 2128, train_lr: 0.0004455
TORCHFORT::WANDB: model: actor, step: 2128, train_loss: -0.174445
TORCHFORT::WANDB: model: actor, step: 2128, train_lr: 0.0004455
TORCHFORT::WANDB: model: alpha, step: 2128, train_loss: -2.94948
TORCHFORT::WANDB: model: alpha, step: 2128, train_lr: 0.0001
TORCHFORT::WANDB: model: critic_0, step: 2129, train_loss: 0.141061
TORCHFORT::WANDB: model: critic_0, step: 2129, train_lr: 0.000445775
TORCHFORT::WANDB: model: actor, step: 2129, train_loss: -0.160065
TORCHFORT::WANDB: model: actor, step: 2129, train_lr: 0.000445775
TORCHFORT::WANDB: model: alpha, step: 2129, train_loss: -3.01352
TORCHFORT::WANDB: model: alpha, step: 2129, train_lr: 0.0001
TORCHFORT::WANDB: model: critic_0, step: 2130, train_loss: 0.128619
TORCHFORT::WANDB: model: critic_0, step: 2130, train_lr: 0.00044605
TORCHFORT::WANDB: model: actor, step: 2130, train_loss: -0.154125
TORCHFORT::WANDB: model: actor, step: 2130, train_lr: 0.00044605
TORCHFORT::WANDB: model: alpha, step: 2130, train_loss: -2.87537
TORCHFORT::WANDB: model: alpha, step: 2130, train_lr: 0.0001
TORCHFORT::WANDB: model: critic_0, step: 2131, train_loss: 0.136402
TORCHFORT::WANDB: model: critic_0, step: 2131, train_lr: 0.000446325
TORCHFORT::WANDB: model: actor, step: 2131, train_loss: -0.16527
TORCHFORT::WANDB: model: actor, step: 2131, train_lr: 0.000446325
TORCHFORT::WANDB: model: alpha, step: 2131, train_loss: -2.93889
TORCHFORT::WANDB: model: alpha, step: 2131, train_lr: 0.0001
TORCHFORT::WANDB: model: critic_0, step: 2132, train_loss: 0.203834
TORCHFORT::WANDB: model: critic_0, step: 2132, train_lr: 0.0004466
TORCHFORT::WANDB: model: actor, step: 2132, train_loss: -0.164176
TORCHFORT::WANDB: model: actor, step: 2132, train_lr: 0.0004466
TORCHFORT::WANDB: model: alpha, step: 2132, train_loss: -2.85391
TORCHFORT::WANDB: model: alpha, step: 2132, train_lr: 0.0001
TORCHFORT::WANDB: model: critic_0, step: 2133, train_loss: 0.116553
TORCHFORT::WANDB: model: critic_0, step: 2133, train_lr: 0.000446875
TORCHFORT::WANDB: model: actor, step: 2133, train_loss: -0.171396
TORCHFORT::WANDB: model: actor, step: 2133, train_lr: 0.000446875
TORCHFORT::WANDB: model: alpha, step: 2133, train_loss: -2.84286
TORCHFORT::WANDB: model: alpha, step: 2133, train_lr: 0.0001
TORCHFORT::WANDB: model: critic_0, step: 2134, train_loss: 0.171048
TORCHFORT::WANDB: model: critic_0, step: 2134, train_lr: 0.00044715
TORCHFORT::WANDB: model: actor, step: 2134, train_loss: -0.185478
TORCHFORT::WANDB: model: actor, step: 2134, train_lr: 0.00044715
TORCHFORT::WANDB: model: alpha, step: 2134, train_loss: -3.01431
TORCHFORT::WANDB: model: alpha, step: 2134, train_lr: 0.0001
TORCHFORT::WANDB: model: critic_0, step: 2135, train_loss: 0.149568
TORCHFORT::WANDB: model: critic_0, step: 2135, train_lr: 0.000447426
TORCHFORT::WANDB: model: actor, step: 2135, train_loss: -0.185881
TORCHFORT::WANDB: model: actor, step: 2135, train_lr: 0.000447426
TORCHFORT::WANDB: model: alpha, step: 2135, train_loss: -2.94812
TORCHFORT::WANDB: model: alpha, step: 2135, train_lr: 0.0001
TORCHFORT::WANDB: model: critic_0, step: 2136, train_loss: 0.177119
TORCHFORT::WANDB: model: critic_0, step: 2136, train_lr: 0.000447701
TORCHFORT::WANDB: model: actor, step: 2136, train_loss: -0.188383
TORCHFORT::WANDB: model: actor, step: 2136, train_lr: 0.000447701
TORCHFORT::WANDB: model: alpha, step: 2136, train_loss: -2.89915
TORCHFORT::WANDB: model: alpha, step: 2136, train_lr: 0.0001
TORCHFORT::WANDB: model: critic_0, step: 2137, train_loss: 0.207392
TORCHFORT::WANDB: model: critic_0, step: 2137, train_lr: 0.000447976
TORCHFORT::WANDB: model: actor, step: 2137, train_loss: -0.186473
TORCHFORT::WANDB: model: actor, step: 2137, train_lr: 0.000447976
TORCHFORT::WANDB: model: alpha, step: 2137, train_loss: -2.8345
TORCHFORT::WANDB: model: alpha, step: 2137, train_lr: 0.0001
TORCHFORT::WANDB: model: critic_0, step: 2138, train_loss: 0.132453
TORCHFORT::WANDB: model: critic_0, step: 2138, train_lr: 0.000448252
TORCHFORT::WANDB: model: actor, step: 2138, train_loss: -0.183307
TORCHFORT::WANDB: model: actor, step: 2138, train_lr: 0.000448252
TORCHFORT::WANDB: model: alpha, step: 2138, train_loss: -2.78927
TORCHFORT::WANDB: model: alpha, step: 2138, train_lr: 0.0001
TORCHFORT::WANDB: model: critic_0, step: 2139, train_loss: 0.141038
TORCHFORT::WANDB: model: critic_0, step: 2139, train_lr: 0.000448527
TORCHFORT::WANDB: model: actor, step: 2139, train_loss: -0.207943
TORCHFORT::WANDB: model: actor, step: 2139, train_lr: 0.000448527
TORCHFORT::WANDB: model: alpha, step: 2139, train_loss: -3.01811
TORCHFORT::WANDB: model: alpha, step: 2139, train_lr: 0.0001
TORCHFORT::WANDB: model: critic_0, step: 2140, train_loss: 0.148282
TORCHFORT::WANDB: model: critic_0, step: 2140, train_lr: 0.000448803
TORCHFORT::WANDB: model: actor, step: 2140, train_loss: -0.174311
TORCHFORT::WANDB: model: actor, step: 2140, train_lr: 0.000448803
TORCHFORT::WANDB: model: alpha, step: 2140, train_loss: -2.94903
TORCHFORT::WANDB: model: alpha, step: 2140, train_lr: 0.0001
TORCHFORT::WANDB: model: critic_0, step: 2141, train_loss: 0.278424
TORCHFORT::WANDB: model: critic_0, step: 2141, train_lr: 0.000449078
TORCHFORT::WANDB: model: actor, step: 2141, train_loss: -0.189851
TORCHFORT::WANDB: model: actor, step: 2141, train_lr: 0.000449078
TORCHFORT::WANDB: model: alpha, step: 2141, train_loss: -2.95653
TORCHFORT::WANDB: model: alpha, step: 2141, train_lr: 0.0001
TORCHFORT::WANDB: model: critic_0, step: 2142, train_loss: 0.255383
TORCHFORT::WANDB: model: critic_0, step: 2142, train_lr: 0.000449354
TORCHFORT::WANDB: model: actor, step: 2142, train_loss: -0.207549
TORCHFORT::WANDB: model: actor, step: 2142, train_lr: 0.000449354
TORCHFORT::WANDB: model: alpha, step: 2142, train_loss: -2.91225
TORCHFORT::WANDB: model: alpha, step: 2142, train_lr: 0.0001
TORCHFORT::WANDB: model: critic_0, step: 2143, train_loss: 0.0967737
TORCHFORT::WANDB: model: critic_0, step: 2143, train_lr: 0.000449629
TORCHFORT::WANDB: model: actor, step: 2143, train_loss: -0.220241
TORCHFORT::WANDB: model: actor, step: 2143, train_lr: 0.000449629
TORCHFORT::WANDB: model: alpha, step: 2143, train_loss: -2.91533
TORCHFORT::WANDB: model: alpha, step: 2143, train_lr: 0.0001
TORCHFORT::WANDB: model: critic_0, step: 2144, train_loss: 0.129563
TORCHFORT::WANDB: model: critic_0, step: 2144, train_lr: 0.000449905
TORCHFORT::WANDB: model: actor, step: 2144, train_loss: -0.228249
TORCHFORT::WANDB: model: actor, step: 2144, train_lr: 0.000449905
TORCHFORT::WANDB: model: alpha, step: 2144, train_loss: -2.76435
TORCHFORT::WANDB: model: alpha, step: 2144, train_lr: 0.0001
TORCHFORT::WANDB: model: critic_0, step: 2145, train_loss: 0.14023
TORCHFORT::WANDB: model: critic_0, step: 2145, train_lr: 0.000450181
TORCHFORT::WANDB: model: actor, step: 2145, train_loss: -0.19624
TORCHFORT::WANDB: model: actor, step: 2145, train_lr: 0.000450181
TORCHFORT::WANDB: model: alpha, step: 2145, train_loss: -2.91986
TORCHFORT::WANDB: model: alpha, step: 2145, train_lr: 0.0001
TORCHFORT::WANDB: model: critic_0, step: 2146, train_loss: 0.173405
TORCHFORT::WANDB: model: critic_0, step: 2146, train_lr: 0.000450456
TORCHFORT::WANDB: model: actor, step: 2146, train_loss: -0.208876
TORCHFORT::WANDB: model: actor, step: 2146, train_lr: 0.000450456
TORCHFORT::WANDB: model: alpha, step: 2146, train_loss: -2.98123
TORCHFORT::WANDB: model: alpha, step: 2146, train_lr: 0.0001
TORCHFORT::WANDB: model: critic_0, step: 2147, train_loss: 0.173203
TORCHFORT::WANDB: model: critic_0, step: 2147, train_lr: 0.000450732
TORCHFORT::WANDB: model: actor, step: 2147, train_loss: -0.200678
TORCHFORT::WANDB: model: actor, step: 2147, train_lr: 0.000450732
TORCHFORT::WANDB: model: alpha, step: 2147, train_loss: -2.81996
TORCHFORT::WANDB: model: alpha, step: 2147, train_lr: 0.0001
TORCHFORT::WANDB: model: critic_0, step: 2148, train_loss: 0.120252
TORCHFORT::WANDB: model: critic_0, step: 2148, train_lr: 0.000451008
TORCHFORT::WANDB: model: actor, step: 2148, train_loss: -0.201283
TORCHFORT::WANDB: model: actor, step: 2148, train_lr: 0.000451008
TORCHFORT::WANDB: model: alpha, step: 2148, train_loss: -2.79819
TORCHFORT::WANDB: model: alpha, step: 2148, train_lr: 0.0001
TORCHFORT::WANDB: model: critic_0, step: 2149, train_loss: 0.259882
TORCHFORT::WANDB: model: critic_0, step: 2149, train_lr: 0.000451284
TORCHFORT::WANDB: model: actor, step: 2149, train_loss: -0.19516
TORCHFORT::WANDB: model: actor, step: 2149, train_lr: 0.000451284
TORCHFORT::WANDB: model: alpha, step: 2149, train_loss: -3.03719
TORCHFORT::WANDB: model: alpha, step: 2149, train_lr: 0.0001
TORCHFORT::WANDB: model: critic_0, step: 2150, train_loss: 0.115112
TORCHFORT::WANDB: model: critic_0, step: 2150, train_lr: 0.00045156
TORCHFORT::WANDB: model: actor, step: 2150, train_loss: -0.179867
TORCHFORT::WANDB: model: actor, step: 2150, train_lr: 0.00045156
TORCHFORT::WANDB: model: alpha, step: 2150, train_loss: -2.95483
TORCHFORT::WANDB: model: alpha, step: 2150, train_lr: 0.0001
TORCHFORT::WANDB: model: critic_0, step: 2151, train_loss: 0.247254
TORCHFORT::WANDB: model: critic_0, step: 2151, train_lr: 0.000451836
TORCHFORT::WANDB: model: actor, step: 2151, train_loss: -0.183985
TORCHFORT::WANDB: model: actor, step: 2151, train_lr: 0.000451836
TORCHFORT::WANDB: model: alpha, step: 2151, train_loss: -2.77291
TORCHFORT::WANDB: model: alpha, step: 2151, train_lr: 0.0001
TORCHFORT::WANDB: model: critic_0, step: 2152, train_loss: 0.113549
TORCHFORT::WANDB: model: critic_0, step: 2152, train_lr: 0.000452111
TORCHFORT::WANDB: model: actor, step: 2152, train_loss: -0.180699
TORCHFORT::WANDB: model: actor, step: 2152, train_lr: 0.000452111
TORCHFORT::WANDB: model: alpha, step: 2152, train_loss: -2.79537
TORCHFORT::WANDB: model: alpha, step: 2152, train_lr: 0.0001
TORCHFORT::WANDB: model: critic_0, step: 2153, train_loss: 0.208042
TORCHFORT::WANDB: model: critic_0, step: 2153, train_lr: 0.000452387
TORCHFORT::WANDB: model: actor, step: 2153, train_loss: -0.174207
TORCHFORT::WANDB: model: actor, step: 2153, train_lr: 0.000452387
TORCHFORT::WANDB: model: alpha, step: 2153, train_loss: -2.78966
TORCHFORT::WANDB: model: alpha, step: 2153, train_lr: 0.0001
TORCHFORT::WANDB: model: critic_0, step: 2154, train_loss: 0.139033
TORCHFORT::WANDB: model: critic_0, step: 2154, train_lr: 0.000452664
TORCHFORT::WANDB: model: actor, step: 2154, train_loss: -0.169176
TORCHFORT::WANDB: model: actor, step: 2154, train_lr: 0.000452664
TORCHFORT::WANDB: model: alpha, step: 2154, train_loss: -2.89201
TORCHFORT::WANDB: model: alpha, step: 2154, train_lr: 0.0001
TORCHFORT::WANDB: model: critic_0, step: 2155, train_loss: 0.131407
TORCHFORT::WANDB: model: critic_0, step: 2155, train_lr: 0.00045294
TORCHFORT::WANDB: model: actor, step: 2155, train_loss: -0.155178
TORCHFORT::WANDB: model: actor, step: 2155, train_lr: 0.00045294
TORCHFORT::WANDB: model: alpha, step: 2155, train_loss: -2.93836
TORCHFORT::WANDB: model: alpha, step: 2155, train_lr: 0.0001
TORCHFORT::WANDB: model: critic_0, step: 2156, train_loss: 0.156487
TORCHFORT::WANDB: model: critic_0, step: 2156, train_lr: 0.000453216
TORCHFORT::WANDB: model: actor, step: 2156, train_loss: -0.146766
TORCHFORT::WANDB: model: actor, step: 2156, train_lr: 0.000453216
TORCHFORT::WANDB: model: alpha, step: 2156, train_loss: -2.69357
TORCHFORT::WANDB: model: alpha, step: 2156, train_lr: 0.0001
TORCHFORT::WANDB: model: critic_0, step: 2157, train_loss: 0.168173
TORCHFORT::WANDB: model: critic_0, step: 2157, train_lr: 0.000453492
TORCHFORT::WANDB: model: actor, step: 2157, train_loss: -0.161122
TORCHFORT::WANDB: model: actor, step: 2157, train_lr: 0.000453492
TORCHFORT::WANDB: model: alpha, step: 2157, train_loss: -2.79415
TORCHFORT::WANDB: model: alpha, step: 2157, train_lr: 0.0001
TORCHFORT::WANDB: model: critic_0, step: 2158, train_loss: 0.183316
TORCHFORT::WANDB: model: critic_0, step: 2158, train_lr: 0.000453768
TORCHFORT::WANDB: model: actor, step: 2158, train_loss: -0.169027
TORCHFORT::WANDB: model: actor, step: 2158, train_lr: 0.000453768
TORCHFORT::WANDB: model: alpha, step: 2158, train_loss: -2.93772
TORCHFORT::WANDB: model: alpha, step: 2158, train_lr: 0.0001
TORCHFORT::WANDB: model: critic_0, step: 2159, train_loss: 0.0959297
TORCHFORT::WANDB: model: critic_0, step: 2159, train_lr: 0.000454044
TORCHFORT::WANDB: model: actor, step: 2159, train_loss: -0.167846
TORCHFORT::WANDB: model: actor, step: 2159, train_lr: 0.000454044
TORCHFORT::WANDB: model: alpha, step: 2159, train_loss: -2.79516
TORCHFORT::WANDB: model: alpha, step: 2159, train_lr: 0.0001
TORCHFORT::WANDB: model: critic_0, step: 2160, train_loss: 0.150293
TORCHFORT::WANDB: model: critic_0, step: 2160, train_lr: 0.000454321
TORCHFORT::WANDB: model: actor, step: 2160, train_loss: -0.188401
TORCHFORT::WANDB: model: actor, step: 2160, train_lr: 0.000454321
TORCHFORT::WANDB: model: alpha, step: 2160, train_loss: -3.06778
TORCHFORT::WANDB: model: alpha, step: 2160, train_lr: 0.0001
TORCHFORT::WANDB: model: critic_0, step: 2161, train_loss: 0.220415
TORCHFORT::WANDB: model: critic_0, step: 2161, train_lr: 0.000454597
TORCHFORT::WANDB: model: actor, step: 2161, train_loss: -0.203134
TORCHFORT::WANDB: model: actor, step: 2161, train_lr: 0.000454597
TORCHFORT::WANDB: model: alpha, step: 2161, train_loss: -2.87938
TORCHFORT::WANDB: model: alpha, step: 2161, train_lr: 0.0001
TORCHFORT::WANDB: model: critic_0, step: 2162, train_loss: 0.0865198
TORCHFORT::WANDB: model: critic_0, step: 2162, train_lr: 0.000454873
TORCHFORT::WANDB: model: actor, step: 2162, train_loss: -0.196171
TORCHFORT::WANDB: model: actor, step: 2162, train_lr: 0.000454873
TORCHFORT::WANDB: model: alpha, step: 2162, train_loss: -2.94232
TORCHFORT::WANDB: model: alpha, step: 2162, train_lr: 0.0001
TORCHFORT::WANDB: model: critic_0, step: 2163, train_loss: 0.166989
TORCHFORT::WANDB: model: critic_0, step: 2163, train_lr: 0.00045515
TORCHFORT::WANDB: model: actor, step: 2163, train_loss: -0.205824
TORCHFORT::WANDB: model: actor, step: 2163, train_lr: 0.00045515
TORCHFORT::WANDB: model: alpha, step: 2163, train_loss: -3.00847
TORCHFORT::WANDB: model: alpha, step: 2163, train_lr: 0.0001
TORCHFORT::WANDB: model: critic_0, step: 2164, train_loss: 0.177637
TORCHFORT::WANDB: model: critic_0, step: 2164, train_lr: 0.000455426
TORCHFORT::WANDB: model: actor, step: 2164, train_loss: -0.217694
TORCHFORT::WANDB: model: actor, step: 2164, train_lr: 0.000455426
TORCHFORT::WANDB: model: alpha, step: 2164, train_loss: -2.84217
TORCHFORT::WANDB: model: alpha, step: 2164, train_lr: 0.0001
TORCHFORT::WANDB: model: critic_0, step: 2165, train_loss: 0.179943
TORCHFORT::WANDB: model: critic_0, step: 2165, train_lr: 0.000455702
TORCHFORT::WANDB: model: actor, step: 2165, train_loss: -0.221701
TORCHFORT::WANDB: model: actor, step: 2165, train_lr: 0.000455702
TORCHFORT::WANDB: model: alpha, step: 2165, train_loss: -2.93077
TORCHFORT::WANDB: model: alpha, step: 2165, train_lr: 0.0001
TORCHFORT::WANDB: model: critic_0, step: 2166, train_loss: 0.29158
TORCHFORT::WANDB: model: critic_0, step: 2166, train_lr: 0.000455979
TORCHFORT::WANDB: model: actor, step: 2166, train_loss: -0.223315
TORCHFORT::WANDB: model: actor, step: 2166, train_lr: 0.000455979
TORCHFORT::WANDB: model: alpha, step: 2166, train_loss: -2.9378
TORCHFORT::WANDB: model: alpha, step: 2166, train_lr: 0.0001
TORCHFORT::WANDB: model: critic_0, step: 2167, train_loss: 0.123023
TORCHFORT::WANDB: model: critic_0, step: 2167, train_lr: 0.000456255
TORCHFORT::WANDB: model: actor, step: 2167, train_loss: -0.219439
TORCHFORT::WANDB: model: actor, step: 2167, train_lr: 0.000456255
TORCHFORT::WANDB: model: alpha, step: 2167, train_loss: -3.04123
TORCHFORT::WANDB: model: alpha, step: 2167, train_lr: 0.0001
TORCHFORT::WANDB: model: critic_0, step: 2168, train_loss: 0.293789
TORCHFORT::WANDB: model: critic_0, step: 2168, train_lr: 0.000456532
TORCHFORT::WANDB: model: actor, step: 2168, train_loss: -0.218098
TORCHFORT::WANDB: model: actor, step: 2168, train_lr: 0.000456532
TORCHFORT::WANDB: model: alpha, step: 2168, train_loss: -2.93344
TORCHFORT::WANDB: model: alpha, step: 2168, train_lr: 0.0001
TORCHFORT::WANDB: model: critic_0, step: 2169, train_loss: 0.144719
TORCHFORT::WANDB: model: critic_0, step: 2169, train_lr: 0.000456809
TORCHFORT::WANDB: model: actor, step: 2169, train_loss: -0.199952
TORCHFORT::WANDB: model: actor, step: 2169, train_lr: 0.000456809
TORCHFORT::WANDB: model: alpha, step: 2169, train_loss: -2.94079
TORCHFORT::WANDB: model: alpha, step: 2169, train_lr: 0.0001
TORCHFORT::WANDB: model: critic_0, step: 2170, train_loss: 0.16662
TORCHFORT::WANDB: model: critic_0, step: 2170, train_lr: 0.000457085
TORCHFORT::WANDB: model: actor, step: 2170, train_loss: -0.156612
TORCHFORT::WANDB: model: actor, step: 2170, train_lr: 0.000457085
TORCHFORT::WANDB: model: alpha, step: 2170, train_loss: -2.98222
TORCHFORT::WANDB: model: alpha, step: 2170, train_lr: 0.0001
TORCHFORT::WANDB: model: critic_0, step: 2171, train_loss: 0.105365
TORCHFORT::WANDB: model: critic_0, step: 2171, train_lr: 0.000457362
TORCHFORT::WANDB: model: actor, step: 2171, train_loss: -0.147746
TORCHFORT::WANDB: model: actor, step: 2171, train_lr: 0.000457362
TORCHFORT::WANDB: model: alpha, step: 2171, train_loss: -2.87866
TORCHFORT::WANDB: model: alpha, step: 2171, train_lr: 0.0001
TORCHFORT::WANDB: model: critic_0, step: 2172, train_loss: 0.239519
TORCHFORT::WANDB: model: critic_0, step: 2172, train_lr: 0.000457639
TORCHFORT::WANDB: model: actor, step: 2172, train_loss: -0.127265
TORCHFORT::WANDB: model: actor, step: 2172, train_lr: 0.000457639
TORCHFORT::WANDB: model: alpha, step: 2172, train_loss: -2.99315
TORCHFORT::WANDB: model: alpha, step: 2172, train_lr: 0.0001
TORCHFORT::WANDB: model: critic_0, step: 2173, train_loss: 0.188127
TORCHFORT::WANDB: model: critic_0, step: 2173, train_lr: 0.000457915
TORCHFORT::WANDB: model: actor, step: 2173, train_loss: -0.120231
TORCHFORT::WANDB: model: actor, step: 2173, train_lr: 0.000457915
TORCHFORT::WANDB: model: alpha, step: 2173, train_loss: -2.88118
TORCHFORT::WANDB: model: alpha, step: 2173, train_lr: 0.0001
TORCHFORT::WANDB: model: critic_0, step: 2174, train_loss: 0.139864
TORCHFORT::WANDB: model: critic_0, step: 2174, train_lr: 0.000458192
TORCHFORT::WANDB: model: actor, step: 2174, train_loss: -0.114112
TORCHFORT::WANDB: model: actor, step: 2174, train_lr: 0.000458192
TORCHFORT::WANDB: model: alpha, step: 2174, train_loss: -2.91193
TORCHFORT::WANDB: model: alpha, step: 2174, train_lr: 0.0001
TORCHFORT::WANDB: model: critic_0, step: 2175, train_loss: 0.185389
TORCHFORT::WANDB: model: critic_0, step: 2175, train_lr: 0.000458469
TORCHFORT::WANDB: model: actor, step: 2175, train_loss: -0.111407
TORCHFORT::WANDB: model: actor, step: 2175, train_lr: 0.000458469
TORCHFORT::WANDB: model: alpha, step: 2175, train_loss: -2.92957
TORCHFORT::WANDB: model: alpha, step: 2175, train_lr: 0.0001
TORCHFORT::WANDB: model: critic_0, step: 2176, train_loss: 0.3129
TORCHFORT::WANDB: model: critic_0, step: 2176, train_lr: 0.000458746
TORCHFORT::WANDB: model: actor, step: 2176, train_loss: -0.143674
TORCHFORT::WANDB: model: actor, step: 2176, train_lr: 0.000458746
TORCHFORT::WANDB: model: alpha, step: 2176, train_loss: -2.7595
TORCHFORT::WANDB: model: alpha, step: 2176, train_lr: 0.0001
TORCHFORT::WANDB: model: critic_0, step: 2177, train_loss: 0.132705
TORCHFORT::WANDB: model: critic_0, step: 2177, train_lr: 0.000459023
TORCHFORT::WANDB: model: actor, step: 2177, train_loss: -0.164039
TORCHFORT::WANDB: model: actor, step: 2177, train_lr: 0.000459023
TORCHFORT::WANDB: model: alpha, step: 2177, train_loss: -2.90139
TORCHFORT::WANDB: model: alpha, step: 2177, train_lr: 0.0001
TORCHFORT::WANDB: model: critic_0, step: 2178, train_loss: 0.171143
TORCHFORT::WANDB: model: critic_0, step: 2178, train_lr: 0.0004593
TORCHFORT::WANDB: model: actor, step: 2178, train_loss: -0.183694
TORCHFORT::WANDB: model: actor, step: 2178, train_lr: 0.0004593
TORCHFORT::WANDB: model: alpha, step: 2178, train_loss: -2.88989
TORCHFORT::WANDB: model: alpha, step: 2178, train_lr: 0.0001
TORCHFORT::WANDB: model: critic_0, step: 2179, train_loss: 0.133426
TORCHFORT::WANDB: model: critic_0, step: 2179, train_lr: 0.000459576
TORCHFORT::WANDB: model: actor, step: 2179, train_loss: -0.210801
TORCHFORT::WANDB: model: actor, step: 2179, train_lr: 0.000459576
TORCHFORT::WANDB: model: alpha, step: 2179, train_loss: -2.77274
TORCHFORT::WANDB: model: alpha, step: 2179, train_lr: 0.0001
TORCHFORT::WANDB: model: critic_0, step: 2180, train_loss: 0.151909
TORCHFORT::WANDB: model: critic_0, step: 2180, train_lr: 0.000459853
TORCHFORT::WANDB: model: actor, step: 2180, train_loss: -0.239904
TORCHFORT::WANDB: model: actor, step: 2180, train_lr: 0.000459853
TORCHFORT::WANDB: model: alpha, step: 2180, train_loss: -2.89806
TORCHFORT::WANDB: model: alpha, step: 2180, train_lr: 0.0001
TORCHFORT::WANDB: model: critic_0, step: 2181, train_loss: 0.151123
TORCHFORT::WANDB: model: critic_0, step: 2181, train_lr: 0.000460131
TORCHFORT::WANDB: model: actor, step: 2181, train_loss: -0.245229
TORCHFORT::WANDB: model: actor, step: 2181, train_lr: 0.000460131
TORCHFORT::WANDB: model: alpha, step: 2181, train_loss: -2.95311
TORCHFORT::WANDB: model: alpha, step: 2181, train_lr: 0.0001
TORCHFORT::WANDB: model: critic_0, step: 2182, train_loss: 0.161132
TORCHFORT::WANDB: model: critic_0, step: 2182, train_lr: 0.000460408
TORCHFORT::WANDB: model: actor, step: 2182, train_loss: -0.254406
TORCHFORT::WANDB: model: actor, step: 2182, train_lr: 0.000460408
TORCHFORT::WANDB: model: alpha, step: 2182, train_loss: -2.86049
TORCHFORT::WANDB: model: alpha, step: 2182, train_lr: 0.0001
TORCHFORT::WANDB: model: critic_0, step: 2183, train_loss: 0.259904
TORCHFORT::WANDB: model: critic_0, step: 2183, train_lr: 0.000460685
TORCHFORT::WANDB: model: actor, step: 2183, train_loss: -0.242544
TORCHFORT::WANDB: model: actor, step: 2183, train_lr: 0.000460685
TORCHFORT::WANDB: model: alpha, step: 2183, train_loss: -2.83151
TORCHFORT::WANDB: model: alpha, step: 2183, train_lr: 0.0001
TORCHFORT::WANDB: model: critic_0, step: 2184, train_loss: 0.150433
TORCHFORT::WANDB: model: critic_0, step: 2184, train_lr: 0.000460962
TORCHFORT::WANDB: model: actor, step: 2184, train_loss: -0.190352
TORCHFORT::WANDB: model: actor, step: 2184, train_lr: 0.000460962
TORCHFORT::WANDB: model: alpha, step: 2184, train_loss: -2.88449
TORCHFORT::WANDB: model: alpha, step: 2184, train_lr: 0.0001
TORCHFORT::WANDB: model: critic_0, step: 2185, train_loss: 0.162622
TORCHFORT::WANDB: model: critic_0, step: 2185, train_lr: 0.000461239
TORCHFORT::WANDB: model: actor, step: 2185, train_loss: -0.20906
TORCHFORT::WANDB: model: actor, step: 2185, train_lr: 0.000461239
TORCHFORT::WANDB: model: alpha, step: 2185, train_loss: -2.99849
TORCHFORT::WANDB: model: alpha, step: 2185, train_lr: 0.0001
TORCHFORT::WANDB: model: critic_0, step: 2186, train_loss: 0.184954
TORCHFORT::WANDB: model: critic_0, step: 2186, train_lr: 0.000461516
TORCHFORT::WANDB: model: actor, step: 2186, train_loss: -0.190852
TORCHFORT::WANDB: model: actor, step: 2186, train_lr: 0.000461516
TORCHFORT::WANDB: model: alpha, step: 2186, train_loss: -2.86084
TORCHFORT::WANDB: model: alpha, step: 2186, train_lr: 0.0001
TORCHFORT::WANDB: model: critic_0, step: 2187, train_loss: 0.173028
TORCHFORT::WANDB: model: critic_0, step: 2187, train_lr: 0.000461793
TORCHFORT::WANDB: model: actor, step: 2187, train_loss: -0.166604
TORCHFORT::WANDB: model: actor, step: 2187, train_lr: 0.000461793
TORCHFORT::WANDB: model: alpha, step: 2187, train_loss: -2.69362
TORCHFORT::WANDB: model: alpha, step: 2187, train_lr: 0.0001
TORCHFORT::WANDB: model: critic_0, step: 2188, train_loss: 0.205441
TORCHFORT::WANDB: model: critic_0, step: 2188, train_lr: 0.000462071
TORCHFORT::WANDB: model: actor, step: 2188, train_loss: -0.166207
TORCHFORT::WANDB: model: actor, step: 2188, train_lr: 0.000462071
TORCHFORT::WANDB: model: alpha, step: 2188, train_loss: -2.89716
TORCHFORT::WANDB: model: alpha, step: 2188, train_lr: 0.0001
TORCHFORT::WANDB: model: critic_0, step: 2189, train_loss: 0.170728
TORCHFORT::WANDB: model: critic_0, step: 2189, train_lr: 0.000462348
TORCHFORT::WANDB: model: actor, step: 2189, train_loss: -0.153524
TORCHFORT::WANDB: model: actor, step: 2189, train_lr: 0.000462348
TORCHFORT::WANDB: model: alpha, step: 2189, train_loss: -2.85708
TORCHFORT::WANDB: model: alpha, step: 2189, train_lr: 0.0001
TORCHFORT::WANDB: model: critic_0, step: 2190, train_loss: 0.153505
TORCHFORT::WANDB: model: critic_0, step: 2190, train_lr: 0.000462625
TORCHFORT::WANDB: model: actor, step: 2190, train_loss: -0.145688
TORCHFORT::WANDB: model: actor, step: 2190, train_lr: 0.000462625
TORCHFORT::WANDB: model: alpha, step: 2190, train_loss: -2.79937
TORCHFORT::WANDB: model: alpha, step: 2190, train_lr: 0.0001
TORCHFORT::WANDB: model: critic_0, step: 2191, train_loss: 0.124118
TORCHFORT::WANDB: model: critic_0, step: 2191, train_lr: 0.000462903
TORCHFORT::WANDB: model: actor, step: 2191, train_loss: -0.134226
TORCHFORT::WANDB: model: actor, step: 2191, train_lr: 0.000462903
TORCHFORT::WANDB: model: alpha, step: 2191, train_loss: -2.84986
TORCHFORT::WANDB: model: alpha, step: 2191, train_lr: 0.0001
TORCHFORT::WANDB: model: critic_0, step: 2192, train_loss: 0.142432
TORCHFORT::WANDB: model: critic_0, step: 2192, train_lr: 0.00046318
TORCHFORT::WANDB: model: actor, step: 2192, train_loss: -0.159448
TORCHFORT::WANDB: model: actor, step: 2192, train_lr: 0.00046318
TORCHFORT::WANDB: model: alpha, step: 2192, train_loss: -2.90011
TORCHFORT::WANDB: model: alpha, step: 2192, train_lr: 0.0001
TORCHFORT::WANDB: model: critic_0, step: 2193, train_loss: 0.142448
TORCHFORT::WANDB: model: critic_0, step: 2193, train_lr: 0.000463458
TORCHFORT::WANDB: model: actor, step: 2193, train_loss: -0.155948
TORCHFORT::WANDB: model: actor, step: 2193, train_lr: 0.000463458
TORCHFORT::WANDB: model: alpha, step: 2193, train_loss: -3.02896
TORCHFORT::WANDB: model: alpha, step: 2193, train_lr: 0.0001
TORCHFORT::WANDB: model: critic_0, step: 2194, train_loss: 0.239602
TORCHFORT::WANDB: model: critic_0, step: 2194, train_lr: 0.000463735
TORCHFORT::WANDB: model: actor, step: 2194, train_loss: -0.196032
TORCHFORT::WANDB: model: actor, step: 2194, train_lr: 0.000463735
TORCHFORT::WANDB: model: alpha, step: 2194, train_loss: -2.79279
TORCHFORT::WANDB: model: alpha, step: 2194, train_lr: 0.0001
TORCHFORT::WANDB: model: critic_0, step: 2195, train_loss: 0.197976
TORCHFORT::WANDB: model: critic_0, step: 2195, train_lr: 0.000464013
TORCHFORT::WANDB: model: actor, step: 2195, train_loss: -0.246037
TORCHFORT::WANDB: model: actor, step: 2195, train_lr: 0.000464013
TORCHFORT::WANDB: model: alpha, step: 2195, train_loss: -2.95022
TORCHFORT::WANDB: model: alpha, step: 2195, train_lr: 0.0001
TORCHFORT::WANDB: model: critic_0, step: 2196, train_loss: 0.369786
TORCHFORT::WANDB: model: critic_0, step: 2196, train_lr: 0.00046429
TORCHFORT::WANDB: model: actor, step: 2196, train_loss: -0.269927
TORCHFORT::WANDB: model: actor, step: 2196, train_lr: 0.00046429
TORCHFORT::WANDB: model: alpha, step: 2196, train_loss: -2.88616
TORCHFORT::WANDB: model: alpha, step: 2196, train_lr: 0.0001
TORCHFORT::WANDB: model: critic_0, step: 2197, train_loss: 0.267669
TORCHFORT::WANDB: model: critic_0, step: 2197, train_lr: 0.000464568
TORCHFORT::WANDB: model: actor, step: 2197, train_loss: -0.267918
TORCHFORT::WANDB: model: actor, step: 2197, train_lr: 0.000464568
TORCHFORT::WANDB: model: alpha, step: 2197, train_loss: -3.00279
TORCHFORT::WANDB: model: alpha, step: 2197, train_lr: 0.0001
TORCHFORT::WANDB: model: critic_0, step: 2198, train_loss: 0.14492
TORCHFORT::WANDB: model: critic_0, step: 2198, train_lr: 0.000464845
TORCHFORT::WANDB: model: actor, step: 2198, train_loss: -0.27195
TORCHFORT::WANDB: model: actor, step: 2198, train_lr: 0.000464845
TORCHFORT::WANDB: model: alpha, step: 2198, train_loss: -2.87063
TORCHFORT::WANDB: model: alpha, step: 2198, train_lr: 0.0001
TORCHFORT::WANDB: model: critic_0, step: 2199, train_loss: 0.232007
TORCHFORT::WANDB: model: critic_0, step: 2199, train_lr: 0.000465123
TORCHFORT::WANDB: model: actor, step: 2199, train_loss: -0.264193
TORCHFORT::WANDB: model: actor, step: 2199, train_lr: 0.000465123
TORCHFORT::WANDB: model: alpha, step: 2199, train_loss: -2.94678
TORCHFORT::WANDB: model: alpha, step: 2199, train_lr: 0.0001
TORCHFORT::WANDB: model: critic_0, step: 2200, train_loss: 0.220199
TORCHFORT::WANDB: model: critic_0, step: 2200, train_lr: 0.000465401
TORCHFORT::WANDB: model: actor, step: 2200, train_loss: -0.278297
TORCHFORT::WANDB: model: actor, step: 2200, train_lr: 0.000465401
TORCHFORT::WANDB: model: alpha, step: 2200, train_loss: -2.9083
TORCHFORT::WANDB: model: alpha, step: 2200, train_lr: 0.0001
TORCHFORT::WANDB: model: rlwm, step: 22, reward_sum: 3661.3
TORCHFORT::WANDB: model: rlwm, step: 22, policy_loss: -0.278297
TORCHFORT::WANDB: model: rlwm, step: 22, critic_loss: 0.220199
TORCHFORT::WANDB: model: critic_0, step: 2201, train_loss: 0.264198
TORCHFORT::WANDB: model: critic_0, step: 2201, train_lr: 0.000465678
TORCHFORT::WANDB: model: actor, step: 2201, train_loss: -0.238189
TORCHFORT::WANDB: model: actor, step: 2201, train_lr: 0.000465678
TORCHFORT::WANDB: model: alpha, step: 2201, train_loss: -2.93506
TORCHFORT::WANDB: model: alpha, step: 2201, train_lr: 0.0001
TORCHFORT::WANDB: model: critic_0, step: 2202, train_loss: 0.22883
TORCHFORT::WANDB: model: critic_0, step: 2202, train_lr: 0.000465956
TORCHFORT::WANDB: model: actor, step: 2202, train_loss: -0.219203
TORCHFORT::WANDB: model: actor, step: 2202, train_lr: 0.000465956
TORCHFORT::WANDB: model: alpha, step: 2202, train_loss: -2.84983
TORCHFORT::WANDB: model: alpha, step: 2202, train_lr: 0.0001
TORCHFORT::WANDB: model: critic_0, step: 2203, train_loss: 0.210321
TORCHFORT::WANDB: model: critic_0, step: 2203, train_lr: 0.000466234
TORCHFORT::WANDB: model: actor, step: 2203, train_loss: -0.215162
TORCHFORT::WANDB: model: actor, step: 2203, train_lr: 0.000466234
TORCHFORT::WANDB: model: alpha, step: 2203, train_loss: -2.94944
TORCHFORT::WANDB: model: alpha, step: 2203, train_lr: 0.0001
TORCHFORT::WANDB: model: critic_0, step: 2204, train_loss: 0.144593
TORCHFORT::WANDB: model: critic_0, step: 2204, train_lr: 0.000466512
TORCHFORT::WANDB: model: actor, step: 2204, train_loss: -0.187628
TORCHFORT::WANDB: model: actor, step: 2204, train_lr: 0.000466512
TORCHFORT::WANDB: model: alpha, step: 2204, train_loss: -2.88413
TORCHFORT::WANDB: model: alpha, step: 2204, train_lr: 0.0001
TORCHFORT::WANDB: model: critic_0, step: 2205, train_loss: 0.222984
TORCHFORT::WANDB: model: critic_0, step: 2205, train_lr: 0.00046679
TORCHFORT::WANDB: model: actor, step: 2205, train_loss: -0.188334
TORCHFORT::WANDB: model: actor, step: 2205, train_lr: 0.00046679
TORCHFORT::WANDB: model: alpha, step: 2205, train_loss: -2.8432
TORCHFORT::WANDB: model: alpha, step: 2205, train_lr: 0.0001
TORCHFORT::WANDB: model: critic_0, step: 2206, train_loss: 0.149328
TORCHFORT::WANDB: model: critic_0, step: 2206, train_lr: 0.000467067
TORCHFORT::WANDB: model: actor, step: 2206, train_loss: -0.169498
TORCHFORT::WANDB: model: actor, step: 2206, train_lr: 0.000467067
TORCHFORT::WANDB: model: alpha, step: 2206, train_loss: -2.78754
TORCHFORT::WANDB: model: alpha, step: 2206, train_lr: 0.0001
TORCHFORT::WANDB: model: critic_0, step: 2207, train_loss: 0.23359
TORCHFORT::WANDB: model: critic_0, step: 2207, train_lr: 0.000467345
TORCHFORT::WANDB: model: actor, step: 2207, train_loss: -0.147285
TORCHFORT::WANDB: model: actor, step: 2207, train_lr: 0.000467345
TORCHFORT::WANDB: model: alpha, step: 2207, train_loss: -2.71735
TORCHFORT::WANDB: model: alpha, step: 2207, train_lr: 0.0001
TORCHFORT::WANDB: model: critic_0, step: 2208, train_loss: 0.15602
TORCHFORT::WANDB: model: critic_0, step: 2208, train_lr: 0.000467623
TORCHFORT::WANDB: model: actor, step: 2208, train_loss: -0.143181
TORCHFORT::WANDB: model: actor, step: 2208, train_lr: 0.000467623
TORCHFORT::WANDB: model: alpha, step: 2208, train_loss: -2.87843
TORCHFORT::WANDB: model: alpha, step: 2208, train_lr: 0.0001
TORCHFORT::WANDB: model: critic_0, step: 2209, train_loss: 0.24359
TORCHFORT::WANDB: model: critic_0, step: 2209, train_lr: 0.000467901
TORCHFORT::WANDB: model: actor, step: 2209, train_loss: -0.161382
TORCHFORT::WANDB: model: actor, step: 2209, train_lr: 0.000467901
TORCHFORT::WANDB: model: alpha, step: 2209, train_loss: -2.79269
TORCHFORT::WANDB: model: alpha, step: 2209, train_lr: 0.0001
TORCHFORT::WANDB: model: critic_0, step: 2210, train_loss: 0.129203
TORCHFORT::WANDB: model: critic_0, step: 2210, train_lr: 0.000468179
TORCHFORT::WANDB: model: actor, step: 2210, train_loss: -0.159783
TORCHFORT::WANDB: model: actor, step: 2210, train_lr: 0.000468179
TORCHFORT::WANDB: model: alpha, step: 2210, train_loss: -2.88314
TORCHFORT::WANDB: model: alpha, step: 2210, train_lr: 0.0001
TORCHFORT::WANDB: model: critic_0, step: 2211, train_loss: 0.195603
TORCHFORT::WANDB: model: critic_0, step: 2211, train_lr: 0.000468457
TORCHFORT::WANDB: model: actor, step: 2211, train_loss: -0.160854
TORCHFORT::WANDB: model: actor, step: 2211, train_lr: 0.000468457
TORCHFORT::WANDB: model: alpha, step: 2211, train_loss: -2.97895
TORCHFORT::WANDB: model: alpha, step: 2211, train_lr: 0.0001
TORCHFORT::WANDB: model: critic_0, step: 2212, train_loss: 0.181104
TORCHFORT::WANDB: model: critic_0, step: 2212, train_lr: 0.000468735
TORCHFORT::WANDB: model: actor, step: 2212, train_loss: -0.130077
TORCHFORT::WANDB: model: actor, step: 2212, train_lr: 0.000468735
TORCHFORT::WANDB: model: alpha, step: 2212, train_loss: -2.87458
TORCHFORT::WANDB: model: alpha, step: 2212, train_lr: 0.0001
TORCHFORT::WANDB: model: critic_0, step: 2213, train_loss: 0.243478
TORCHFORT::WANDB: model: critic_0, step: 2213, train_lr: 0.000469014
TORCHFORT::WANDB: model: actor, step: 2213, train_loss: -0.14094
TORCHFORT::WANDB: model: actor, step: 2213, train_lr: 0.000469014
TORCHFORT::WANDB: model: alpha, step: 2213, train_loss: -2.87673
TORCHFORT::WANDB: model: alpha, step: 2213, train_lr: 0.0001
TORCHFORT::WANDB: model: critic_0, step: 2214, train_loss: 0.177431
TORCHFORT::WANDB: model: critic_0, step: 2214, train_lr: 0.000469292
TORCHFORT::WANDB: model: actor, step: 2214, train_loss: -0.158151
TORCHFORT::WANDB: model: actor, step: 2214, train_lr: 0.000469292
TORCHFORT::WANDB: model: alpha, step: 2214, train_loss: -2.92235
TORCHFORT::WANDB: model: alpha, step: 2214, train_lr: 0.0001
TORCHFORT::WANDB: model: critic_0, step: 2215, train_loss: 0.172203
TORCHFORT::WANDB: model: critic_0, step: 2215, train_lr: 0.00046957
TORCHFORT::WANDB: model: actor, step: 2215, train_loss: -0.171701
TORCHFORT::WANDB: model: actor, step: 2215, train_lr: 0.00046957
TORCHFORT::WANDB: model: alpha, step: 2215, train_loss: -2.77077
TORCHFORT::WANDB: model: alpha, step: 2215, train_lr: 0.0001
TORCHFORT::WANDB: model: critic_0, step: 2216, train_loss: 0.249287
TORCHFORT::WANDB: model: critic_0, step: 2216, train_lr: 0.000469848
TORCHFORT::WANDB: model: actor, step: 2216, train_loss: -0.202701
TORCHFORT::WANDB: model: actor, step: 2216, train_lr: 0.000469848
TORCHFORT::WANDB: model: alpha, step: 2216, train_loss: -3.02659
TORCHFORT::WANDB: model: alpha, step: 2216, train_lr: 0.0001
TORCHFORT::WANDB: model: critic_0, step: 2217, train_loss: 0.132367
TORCHFORT::WANDB: model: critic_0, step: 2217, train_lr: 0.000470126
TORCHFORT::WANDB: model: actor, step: 2217, train_loss: -0.221164
TORCHFORT::WANDB: model: actor, step: 2217, train_lr: 0.000470126
TORCHFORT::WANDB: model: alpha, step: 2217, train_loss: -3.04601
TORCHFORT::WANDB: model: alpha, step: 2217, train_lr: 0.0001
TORCHFORT::WANDB: model: critic_0, step: 2218, train_loss: 0.249847
TORCHFORT::WANDB: model: critic_0, step: 2218, train_lr: 0.000470405
TORCHFORT::WANDB: model: actor, step: 2218, train_loss: -0.231393
TORCHFORT::WANDB: model: actor, step: 2218, train_lr: 0.000470405
TORCHFORT::WANDB: model: alpha, step: 2218, train_loss: -3.02298
TORCHFORT::WANDB: model: alpha, step: 2218, train_lr: 0.0001
TORCHFORT::WANDB: model: critic_0, step: 2219, train_loss: 0.214294
TORCHFORT::WANDB: model: critic_0, step: 2219, train_lr: 0.000470683
TORCHFORT::WANDB: model: actor, step: 2219, train_loss: -0.234724
TORCHFORT::WANDB: model: actor, step: 2219, train_lr: 0.000470683
TORCHFORT::WANDB: model: alpha, step: 2219, train_loss: -2.94009
TORCHFORT::WANDB: model: alpha, step: 2219, train_lr: 0.0001
TORCHFORT::WANDB: model: critic_0, step: 2220, train_loss: 0.167535
TORCHFORT::WANDB: model: critic_0, step: 2220, train_lr: 0.000470961
TORCHFORT::WANDB: model: actor, step: 2220, train_loss: -0.227726
TORCHFORT::WANDB: model: actor, step: 2220, train_lr: 0.000470961
TORCHFORT::WANDB: model: alpha, step: 2220, train_loss: -2.91382
TORCHFORT::WANDB: model: alpha, step: 2220, train_lr: 0.0001
TORCHFORT::WANDB: model: critic_0, step: 2221, train_loss: 0.282986
TORCHFORT::WANDB: model: critic_0, step: 2221, train_lr: 0.00047124
TORCHFORT::WANDB: model: actor, step: 2221, train_loss: -0.245979
TORCHFORT::WANDB: model: actor, step: 2221, train_lr: 0.00047124
TORCHFORT::WANDB: model: alpha, step: 2221, train_loss: -3.04949
TORCHFORT::WANDB: model: alpha, step: 2221, train_lr: 0.0001
TORCHFORT::WANDB: model: critic_0, step: 2222, train_loss: 0.155469
TORCHFORT::WANDB: model: critic_0, step: 2222, train_lr: 0.000471518
TORCHFORT::WANDB: model: actor, step: 2222, train_loss: -0.244806
TORCHFORT::WANDB: model: actor, step: 2222, train_lr: 0.000471518
TORCHFORT::WANDB: model: alpha, step: 2222, train_loss: -2.97298
TORCHFORT::WANDB: model: alpha, step: 2222, train_lr: 0.0001
TORCHFORT::WANDB: model: critic_0, step: 2223, train_loss: 0.115232
TORCHFORT::WANDB: model: critic_0, step: 2223, train_lr: 0.000471796
TORCHFORT::WANDB: model: actor, step: 2223, train_loss: -0.247716
TORCHFORT::WANDB: model: actor, step: 2223, train_lr: 0.000471796
TORCHFORT::WANDB: model: alpha, step: 2223, train_loss: -2.8918
TORCHFORT::WANDB: model: alpha, step: 2223, train_lr: 0.0001
TORCHFORT::WANDB: model: critic_0, step: 2224, train_loss: 0.137009
TORCHFORT::WANDB: model: critic_0, step: 2224, train_lr: 0.000472075
TORCHFORT::WANDB: model: actor, step: 2224, train_loss: -0.257208
TORCHFORT::WANDB: model: actor, step: 2224, train_lr: 0.000472075
TORCHFORT::WANDB: model: alpha, step: 2224, train_loss: -3.01621
TORCHFORT::WANDB: model: alpha, step: 2224, train_lr: 0.0001
TORCHFORT::WANDB: model: critic_0, step: 2225, train_loss: 0.165253
TORCHFORT::WANDB: model: critic_0, step: 2225, train_lr: 0.000472353
TORCHFORT::WANDB: model: actor, step: 2225, train_loss: -0.21492
TORCHFORT::WANDB: model: actor, step: 2225, train_lr: 0.000472353
TORCHFORT::WANDB: model: alpha, step: 2225, train_loss: -2.92799
TORCHFORT::WANDB: model: alpha, step: 2225, train_lr: 0.0001
TORCHFORT::WANDB: model: critic_0, step: 2226, train_loss: 0.18473
TORCHFORT::WANDB: model: critic_0, step: 2226, train_lr: 0.000472632
TORCHFORT::WANDB: model: actor, step: 2226, train_loss: -0.19387
TORCHFORT::WANDB: model: actor, step: 2226, train_lr: 0.000472632
TORCHFORT::WANDB: model: alpha, step: 2226, train_loss: -2.88249
TORCHFORT::WANDB: model: alpha, step: 2226, train_lr: 0.0001
TORCHFORT::WANDB: model: critic_0, step: 2227, train_loss: 0.176178
TORCHFORT::WANDB: model: critic_0, step: 2227, train_lr: 0.00047291
TORCHFORT::WANDB: model: actor, step: 2227, train_loss: -0.163934
TORCHFORT::WANDB: model: actor, step: 2227, train_lr: 0.00047291
TORCHFORT::WANDB: model: alpha, step: 2227, train_loss: -2.86234
TORCHFORT::WANDB: model: alpha, step: 2227, train_lr: 0.0001
TORCHFORT::WANDB: model: critic_0, step: 2228, train_loss: 0.197261
TORCHFORT::WANDB: model: critic_0, step: 2228, train_lr: 0.000473189
TORCHFORT::WANDB: model: actor, step: 2228, train_loss: -0.173745
TORCHFORT::WANDB: model: actor, step: 2228, train_lr: 0.000473189
TORCHFORT::WANDB: model: alpha, step: 2228, train_loss: -2.90692
TORCHFORT::WANDB: model: alpha, step: 2228, train_lr: 0.0001
TORCHFORT::WANDB: model: critic_0, step: 2229, train_loss: 0.192659
TORCHFORT::WANDB: model: critic_0, step: 2229, train_lr: 0.000473468
TORCHFORT::WANDB: model: actor, step: 2229, train_loss: -0.147493
TORCHFORT::WANDB: model: actor, step: 2229, train_lr: 0.000473468
TORCHFORT::WANDB: model: alpha, step: 2229, train_loss: -2.86668
TORCHFORT::WANDB: model: alpha, step: 2229, train_lr: 0.0001
TORCHFORT::WANDB: model: critic_0, step: 2230, train_loss: 0.25255
TORCHFORT::WANDB: model: critic_0, step: 2230, train_lr: 0.000473746
TORCHFORT::WANDB: model: actor, step: 2230, train_loss: -0.149144
TORCHFORT::WANDB: model: actor, step: 2230, train_lr: 0.000473746
TORCHFORT::WANDB: model: alpha, step: 2230, train_loss: -2.83636
TORCHFORT::WANDB: model: alpha, step: 2230, train_lr: 0.0001
TORCHFORT::WANDB: model: critic_0, step: 2231, train_loss: 0.142034
TORCHFORT::WANDB: model: critic_0, step: 2231, train_lr: 0.000474025
TORCHFORT::WANDB: model: actor, step: 2231, train_loss: -0.174505
TORCHFORT::WANDB: model: actor, step: 2231, train_lr: 0.000474025
TORCHFORT::WANDB: model: alpha, step: 2231, train_loss: -2.91261
TORCHFORT::WANDB: model: alpha, step: 2231, train_lr: 0.0001
TORCHFORT::WANDB: model: critic_0, step: 2232, train_loss: 0.139396
TORCHFORT::WANDB: model: critic_0, step: 2232, train_lr: 0.000474304
TORCHFORT::WANDB: model: actor, step: 2232, train_loss: -0.175575
TORCHFORT::WANDB: model: actor, step: 2232, train_lr: 0.000474304
TORCHFORT::WANDB: model: alpha, step: 2232, train_loss: -2.89789
TORCHFORT::WANDB: model: alpha, step: 2232, train_lr: 0.0001
TORCHFORT::WANDB: model: critic_0, step: 2233, train_loss: 0.129658
TORCHFORT::WANDB: model: critic_0, step: 2233, train_lr: 0.000474582
TORCHFORT::WANDB: model: actor, step: 2233, train_loss: -0.162366
TORCHFORT::WANDB: model: actor, step: 2233, train_lr: 0.000474582
TORCHFORT::WANDB: model: alpha, step: 2233, train_loss: -2.80726
TORCHFORT::WANDB: model: alpha, step: 2233, train_lr: 0.0001
TORCHFORT::WANDB: model: critic_0, step: 2234, train_loss: 0.131742
TORCHFORT::WANDB: model: critic_0, step: 2234, train_lr: 0.000474861
TORCHFORT::WANDB: model: actor, step: 2234, train_loss: -0.163109
TORCHFORT::WANDB: model: actor, step: 2234, train_lr: 0.000474861
TORCHFORT::WANDB: model: alpha, step: 2234, train_loss: -2.84204
TORCHFORT::WANDB: model: alpha, step: 2234, train_lr: 0.0001
TORCHFORT::WANDB: model: critic_0, step: 2235, train_loss: 0.20321
TORCHFORT::WANDB: model: critic_0, step: 2235, train_lr: 0.00047514
TORCHFORT::WANDB: model: actor, step: 2235, train_loss: -0.162071
TORCHFORT::WANDB: model: actor, step: 2235, train_lr: 0.00047514
TORCHFORT::WANDB: model: alpha, step: 2235, train_loss: -2.89827
TORCHFORT::WANDB: model: alpha, step: 2235, train_lr: 0.0001
TORCHFORT::WANDB: model: critic_0, step: 2236, train_loss: 0.274369
TORCHFORT::WANDB: model: critic_0, step: 2236, train_lr: 0.000475419
TORCHFORT::WANDB: model: actor, step: 2236, train_loss: -0.168059
TORCHFORT::WANDB: model: actor, step: 2236, train_lr: 0.000475419
TORCHFORT::WANDB: model: alpha, step: 2236, train_loss: -2.98882
TORCHFORT::WANDB: model: alpha, step: 2236, train_lr: 0.0001
TORCHFORT::WANDB: model: critic_0, step: 2237, train_loss: 0.132027
TORCHFORT::WANDB: model: critic_0, step: 2237, train_lr: 0.000475698
TORCHFORT::WANDB: model: actor, step: 2237, train_loss: -0.152117
TORCHFORT::WANDB: model: actor, step: 2237, train_lr: 0.000475698
TORCHFORT::WANDB: model: alpha, step: 2237, train_loss: -2.88086
TORCHFORT::WANDB: model: alpha, step: 2237, train_lr: 0.0001
TORCHFORT::WANDB: model: critic_0, step: 2238, train_loss: 0.220122
TORCHFORT::WANDB: model: critic_0, step: 2238, train_lr: 0.000475976
TORCHFORT::WANDB: model: actor, step: 2238, train_loss: -0.198846
TORCHFORT::WANDB: model: actor, step: 2238, train_lr: 0.000475976
TORCHFORT::WANDB: model: alpha, step: 2238, train_loss: -2.85725
TORCHFORT::WANDB: model: alpha, step: 2238, train_lr: 0.0001
TORCHFORT::WANDB: model: critic_0, step: 2239, train_loss: 0.311313
TORCHFORT::WANDB: model: critic_0, step: 2239, train_lr: 0.000476255
TORCHFORT::WANDB: model: actor, step: 2239, train_loss: -0.210849
TORCHFORT::WANDB: model: actor, step: 2239, train_lr: 0.000476255
TORCHFORT::WANDB: model: alpha, step: 2239, train_loss: -2.88314
TORCHFORT::WANDB: model: alpha, step: 2239, train_lr: 0.0001
TORCHFORT::WANDB: model: critic_0, step: 2240, train_loss: 0.277604
TORCHFORT::WANDB: model: critic_0, step: 2240, train_lr: 0.000476534
TORCHFORT::WANDB: model: actor, step: 2240, train_loss: -0.213733
TORCHFORT::WANDB: model: actor, step: 2240, train_lr: 0.000476534
TORCHFORT::WANDB: model: alpha, step: 2240, train_loss: -3.00903
TORCHFORT::WANDB: model: alpha, step: 2240, train_lr: 0.0001
TORCHFORT::WANDB: model: critic_0, step: 2241, train_loss: 0.205509
TORCHFORT::WANDB: model: critic_0, step: 2241, train_lr: 0.000476813
TORCHFORT::WANDB: model: actor, step: 2241, train_loss: -0.216152
TORCHFORT::WANDB: model: actor, step: 2241, train_lr: 0.000476813
TORCHFORT::WANDB: model: alpha, step: 2241, train_loss: -2.79173
TORCHFORT::WANDB: model: alpha, step: 2241, train_lr: 0.0001
TORCHFORT::WANDB: model: critic_0, step: 2242, train_loss: 0.163626
TORCHFORT::WANDB: model: critic_0, step: 2242, train_lr: 0.000477092
TORCHFORT::WANDB: model: actor, step: 2242, train_loss: -0.201833
TORCHFORT::WANDB: model: actor, step: 2242, train_lr: 0.000477092
TORCHFORT::WANDB: model: alpha, step: 2242, train_loss: -2.82136
TORCHFORT::WANDB: model: alpha, step: 2242, train_lr: 0.0001
TORCHFORT::WANDB: model: critic_0, step: 2243, train_loss: 0.28805
TORCHFORT::WANDB: model: critic_0, step: 2243, train_lr: 0.000477371
TORCHFORT::WANDB: model: actor, step: 2243, train_loss: -0.225702
TORCHFORT::WANDB: model: actor, step: 2243, train_lr: 0.000477371
TORCHFORT::WANDB: model: alpha, step: 2243, train_loss: -3.00914
TORCHFORT::WANDB: model: alpha, step: 2243, train_lr: 0.0001
TORCHFORT::WANDB: model: critic_0, step: 2244, train_loss: 0.257271
TORCHFORT::WANDB: model: critic_0, step: 2244, train_lr: 0.00047765
TORCHFORT::WANDB: model: actor, step: 2244, train_loss: -0.22207
TORCHFORT::WANDB: model: actor, step: 2244, train_lr: 0.00047765
TORCHFORT::WANDB: model: alpha, step: 2244, train_loss: -2.88959
TORCHFORT::WANDB: model: alpha, step: 2244, train_lr: 0.0001
TORCHFORT::WANDB: model: critic_0, step: 2245, train_loss: 0.151479
TORCHFORT::WANDB: model: critic_0, step: 2245, train_lr: 0.000477929
TORCHFORT::WANDB: model: actor, step: 2245, train_loss: -0.229529
TORCHFORT::WANDB: model: actor, step: 2245, train_lr: 0.000477929
TORCHFORT::WANDB: model: alpha, step: 2245, train_loss: -2.91772
TORCHFORT::WANDB: model: alpha, step: 2245, train_lr: 0.0001
TORCHFORT::WANDB: model: critic_0, step: 2246, train_loss: 0.37118
TORCHFORT::WANDB: model: critic_0, step: 2246, train_lr: 0.000478209
TORCHFORT::WANDB: model: actor, step: 2246, train_loss: -0.216025
TORCHFORT::WANDB: model: actor, step: 2246, train_lr: 0.000478209
TORCHFORT::WANDB: model: alpha, step: 2246, train_loss: -2.88566
TORCHFORT::WANDB: model: alpha, step: 2246, train_lr: 0.0001
TORCHFORT::WANDB: model: critic_0, step: 2247, train_loss: 0.152084
TORCHFORT::WANDB: model: critic_0, step: 2247, train_lr: 0.000478488
TORCHFORT::WANDB: model: actor, step: 2247, train_loss: -0.212467
TORCHFORT::WANDB: model: actor, step: 2247, train_lr: 0.000478488
TORCHFORT::WANDB: model: alpha, step: 2247, train_loss: -2.83468
TORCHFORT::WANDB: model: alpha, step: 2247, train_lr: 0.0001
TORCHFORT::WANDB: model: critic_0, step: 2248, train_loss: 0.103038
TORCHFORT::WANDB: model: critic_0, step: 2248, train_lr: 0.000478767
TORCHFORT::WANDB: model: actor, step: 2248, train_loss: -0.207377
TORCHFORT::WANDB: model: actor, step: 2248, train_lr: 0.000478767
TORCHFORT::WANDB: model: alpha, step: 2248, train_loss: -2.95256
TORCHFORT::WANDB: model: alpha, step: 2248, train_lr: 0.0001
TORCHFORT::WANDB: model: critic_0, step: 2249, train_loss: 0.240725
TORCHFORT::WANDB: model: critic_0, step: 2249, train_lr: 0.000479046
TORCHFORT::WANDB: model: actor, step: 2249, train_loss: -0.206094
TORCHFORT::WANDB: model: actor, step: 2249, train_lr: 0.000479046
TORCHFORT::WANDB: model: alpha, step: 2249, train_loss: -2.78763
TORCHFORT::WANDB: model: alpha, step: 2249, train_lr: 0.0001
TORCHFORT::WANDB: model: critic_0, step: 2250, train_loss: 0.321466
TORCHFORT::WANDB: model: critic_0, step: 2250, train_lr: 0.000479325
TORCHFORT::WANDB: model: actor, step: 2250, train_loss: -0.197623
TORCHFORT::WANDB: model: actor, step: 2250, train_lr: 0.000479325
TORCHFORT::WANDB: model: alpha, step: 2250, train_loss: -3.02371
TORCHFORT::WANDB: model: alpha, step: 2250, train_lr: 0.0001
TORCHFORT::WANDB: model: critic_0, step: 2251, train_loss: 0.167866
TORCHFORT::WANDB: model: critic_0, step: 2251, train_lr: 0.000479604
TORCHFORT::WANDB: model: actor, step: 2251, train_loss: -0.197162
TORCHFORT::WANDB: model: actor, step: 2251, train_lr: 0.000479604
TORCHFORT::WANDB: model: alpha, step: 2251, train_loss: -3.01109
TORCHFORT::WANDB: model: alpha, step: 2251, train_lr: 0.0001
TORCHFORT::WANDB: model: critic_0, step: 2252, train_loss: 0.177031
TORCHFORT::WANDB: model: critic_0, step: 2252, train_lr: 0.000479884
TORCHFORT::WANDB: model: actor, step: 2252, train_loss: -0.190516
TORCHFORT::WANDB: model: actor, step: 2252, train_lr: 0.000479884
TORCHFORT::WANDB: model: alpha, step: 2252, train_loss: -2.97943
TORCHFORT::WANDB: model: alpha, step: 2252, train_lr: 0.0001
TORCHFORT::WANDB: model: critic_0, step: 2253, train_loss: 0.414039
TORCHFORT::WANDB: model: critic_0, step: 2253, train_lr: 0.000480163
TORCHFORT::WANDB: model: actor, step: 2253, train_loss: -0.19418
TORCHFORT::WANDB: model: actor, step: 2253, train_lr: 0.000480163
TORCHFORT::WANDB: model: alpha, step: 2253, train_loss: -2.96085
TORCHFORT::WANDB: model: alpha, step: 2253, train_lr: 0.0001
TORCHFORT::WANDB: model: critic_0, step: 2254, train_loss: 0.163781
TORCHFORT::WANDB: model: critic_0, step: 2254, train_lr: 0.000480442
TORCHFORT::WANDB: model: actor, step: 2254, train_loss: -0.18451
TORCHFORT::WANDB: model: actor, step: 2254, train_lr: 0.000480442
TORCHFORT::WANDB: model: alpha, step: 2254, train_loss: -2.82969
TORCHFORT::WANDB: model: alpha, step: 2254, train_lr: 0.0001
TORCHFORT::WANDB: model: critic_0, step: 2255, train_loss: 0.121387
TORCHFORT::WANDB: model: critic_0, step: 2255, train_lr: 0.000480722
TORCHFORT::WANDB: model: actor, step: 2255, train_loss: -0.174433
TORCHFORT::WANDB: model: actor, step: 2255, train_lr: 0.000480722
TORCHFORT::WANDB: model: alpha, step: 2255, train_loss: -2.9008
TORCHFORT::WANDB: model: alpha, step: 2255, train_lr: 0.0001
TORCHFORT::WANDB: model: critic_0, step: 2256, train_loss: 0.172799
TORCHFORT::WANDB: model: critic_0, step: 2256, train_lr: 0.000481001
TORCHFORT::WANDB: model: actor, step: 2256, train_loss: -0.169066
TORCHFORT::WANDB: model: actor, step: 2256, train_lr: 0.000481001
TORCHFORT::WANDB: model: alpha, step: 2256, train_loss: -2.99664
TORCHFORT::WANDB: model: alpha, step: 2256, train_lr: 0.0001
TORCHFORT::WANDB: model: critic_0, step: 2257, train_loss: 0.16061
TORCHFORT::WANDB: model: critic_0, step: 2257, train_lr: 0.000481281
TORCHFORT::WANDB: model: actor, step: 2257, train_loss: -0.187352
TORCHFORT::WANDB: model: actor, step: 2257, train_lr: 0.000481281
TORCHFORT::WANDB: model: alpha, step: 2257, train_loss: -2.91204
TORCHFORT::WANDB: model: alpha, step: 2257, train_lr: 0.0001
TORCHFORT::WANDB: model: critic_0, step: 2258, train_loss: 0.228583
TORCHFORT::WANDB: model: critic_0, step: 2258, train_lr: 0.00048156
TORCHFORT::WANDB: model: actor, step: 2258, train_loss: -0.20409
TORCHFORT::WANDB: model: actor, step: 2258, train_lr: 0.00048156
TORCHFORT::WANDB: model: alpha, step: 2258, train_loss: -2.87501
TORCHFORT::WANDB: model: alpha, step: 2258, train_lr: 0.0001
TORCHFORT::WANDB: model: critic_0, step: 2259, train_loss: 0.152237
TORCHFORT::WANDB: model: critic_0, step: 2259, train_lr: 0.000481839
TORCHFORT::WANDB: model: actor, step: 2259, train_loss: -0.206318
TORCHFORT::WANDB: model: actor, step: 2259, train_lr: 0.000481839
TORCHFORT::WANDB: model: alpha, step: 2259, train_loss: -2.89892
TORCHFORT::WANDB: model: alpha, step: 2259, train_lr: 0.0001
TORCHFORT::WANDB: model: critic_0, step: 2260, train_loss: 0.207769
TORCHFORT::WANDB: model: critic_0, step: 2260, train_lr: 0.000482119
TORCHFORT::WANDB: model: actor, step: 2260, train_loss: -0.215373
TORCHFORT::WANDB: model: actor, step: 2260, train_lr: 0.000482119
TORCHFORT::WANDB: model: alpha, step: 2260, train_loss: -3.04372
TORCHFORT::WANDB: model: alpha, step: 2260, train_lr: 0.0001
TORCHFORT::WANDB: model: critic_0, step: 2261, train_loss: 0.185103
TORCHFORT::WANDB: model: critic_0, step: 2261, train_lr: 0.000482398
TORCHFORT::WANDB: model: actor, step: 2261, train_loss: -0.231703
TORCHFORT::WANDB: model: actor, step: 2261, train_lr: 0.000482398
TORCHFORT::WANDB: model: alpha, step: 2261, train_loss: -2.95319
TORCHFORT::WANDB: model: alpha, step: 2261, train_lr: 0.0001
TORCHFORT::WANDB: model: critic_0, step: 2262, train_loss: 0.20098
TORCHFORT::WANDB: model: critic_0, step: 2262, train_lr: 0.000482678
TORCHFORT::WANDB: model: actor, step: 2262, train_loss: -0.226166
TORCHFORT::WANDB: model: actor, step: 2262, train_lr: 0.000482678
TORCHFORT::WANDB: model: alpha, step: 2262, train_loss: -2.97582
TORCHFORT::WANDB: model: alpha, step: 2262, train_lr: 0.0001
TORCHFORT::WANDB: model: critic_0, step: 2263, train_loss: 0.186124
TORCHFORT::WANDB: model: critic_0, step: 2263, train_lr: 0.000482958
TORCHFORT::WANDB: model: actor, step: 2263, train_loss: -0.209443
TORCHFORT::WANDB: model: actor, step: 2263, train_lr: 0.000482958
TORCHFORT::WANDB: model: alpha, step: 2263, train_loss: -2.88624
TORCHFORT::WANDB: model: alpha, step: 2263, train_lr: 0.0001
TORCHFORT::WANDB: model: critic_0, step: 2264, train_loss: 0.145463
TORCHFORT::WANDB: model: critic_0, step: 2264, train_lr: 0.000483237
TORCHFORT::WANDB: model: actor, step: 2264, train_loss: -0.207613
TORCHFORT::WANDB: model: actor, step: 2264, train_lr: 0.000483237
TORCHFORT::WANDB: model: alpha, step: 2264, train_loss: -2.79617
TORCHFORT::WANDB: model: alpha, step: 2264, train_lr: 0.0001
TORCHFORT::WANDB: model: critic_0, step: 2265, train_loss: 0.154422
TORCHFORT::WANDB: model: critic_0, step: 2265, train_lr: 0.000483517
TORCHFORT::WANDB: model: actor, step: 2265, train_loss: -0.18269
TORCHFORT::WANDB: model: actor, step: 2265, train_lr: 0.000483517
TORCHFORT::WANDB: model: alpha, step: 2265, train_loss: -3.01009
TORCHFORT::WANDB: model: alpha, step: 2265, train_lr: 0.0001
TORCHFORT::WANDB: model: critic_0, step: 2266, train_loss: 0.216751
TORCHFORT::WANDB: model: critic_0, step: 2266, train_lr: 0.000483796
TORCHFORT::WANDB: model: actor, step: 2266, train_loss: -0.185539
TORCHFORT::WANDB: model: actor, step: 2266, train_lr: 0.000483796
TORCHFORT::WANDB: model: alpha, step: 2266, train_loss: -2.98171
TORCHFORT::WANDB: model: alpha, step: 2266, train_lr: 0.0001
TORCHFORT::WANDB: model: critic_0, step: 2267, train_loss: 0.126202
TORCHFORT::WANDB: model: critic_0, step: 2267, train_lr: 0.000484076
TORCHFORT::WANDB: model: actor, step: 2267, train_loss: -0.163786
TORCHFORT::WANDB: model: actor, step: 2267, train_lr: 0.000484076
TORCHFORT::WANDB: model: alpha, step: 2267, train_loss: -2.93641
TORCHFORT::WANDB: model: alpha, step: 2267, train_lr: 0.0001
TORCHFORT::WANDB: model: critic_0, step: 2268, train_loss: 0.178074
TORCHFORT::WANDB: model: critic_0, step: 2268, train_lr: 0.000484356
TORCHFORT::WANDB: model: actor, step: 2268, train_loss: -0.16722
TORCHFORT::WANDB: model: actor, step: 2268, train_lr: 0.000484356
TORCHFORT::WANDB: model: alpha, step: 2268, train_loss: -2.93395
TORCHFORT::WANDB: model: alpha, step: 2268, train_lr: 0.0001
TORCHFORT::WANDB: model: critic_0, step: 2269, train_loss: 0.162792
TORCHFORT::WANDB: model: critic_0, step: 2269, train_lr: 0.000484636
TORCHFORT::WANDB: model: actor, step: 2269, train_loss: -0.153317
TORCHFORT::WANDB: model: actor, step: 2269, train_lr: 0.000484636
TORCHFORT::WANDB: model: alpha, step: 2269, train_loss: -3.00309
TORCHFORT::WANDB: model: alpha, step: 2269, train_lr: 0.0001
TORCHFORT::WANDB: model: critic_0, step: 2270, train_loss: 0.146441
TORCHFORT::WANDB: model: critic_0, step: 2270, train_lr: 0.000484915
TORCHFORT::WANDB: model: actor, step: 2270, train_loss: -0.168931
TORCHFORT::WANDB: model: actor, step: 2270, train_lr: 0.000484915
TORCHFORT::WANDB: model: alpha, step: 2270, train_loss: -2.83853
TORCHFORT::WANDB: model: alpha, step: 2270, train_lr: 0.0001
TORCHFORT::WANDB: model: critic_0, step: 2271, train_loss: 0.263894
TORCHFORT::WANDB: model: critic_0, step: 2271, train_lr: 0.000485195
TORCHFORT::WANDB: model: actor, step: 2271, train_loss: -0.162672
TORCHFORT::WANDB: model: actor, step: 2271, train_lr: 0.000485195
TORCHFORT::WANDB: model: alpha, step: 2271, train_loss: -2.96687
TORCHFORT::WANDB: model: alpha, step: 2271, train_lr: 0.0001
TORCHFORT::WANDB: model: critic_0, step: 2272, train_loss: 0.123832
TORCHFORT::WANDB: model: critic_0, step: 2272, train_lr: 0.000485475
TORCHFORT::WANDB: model: actor, step: 2272, train_loss: -0.168421
TORCHFORT::WANDB: model: actor, step: 2272, train_lr: 0.000485475
TORCHFORT::WANDB: model: alpha, step: 2272, train_loss: -2.97331
TORCHFORT::WANDB: model: alpha, step: 2272, train_lr: 0.0001
TORCHFORT::WANDB: model: critic_0, step: 2273, train_loss: 0.144505
TORCHFORT::WANDB: model: critic_0, step: 2273, train_lr: 0.000485755
TORCHFORT::WANDB: model: actor, step: 2273, train_loss: -0.201975
TORCHFORT::WANDB: model: actor, step: 2273, train_lr: 0.000485755
TORCHFORT::WANDB: model: alpha, step: 2273, train_loss: -2.70152
TORCHFORT::WANDB: model: alpha, step: 2273, train_lr: 0.0001
TORCHFORT::WANDB: model: critic_0, step: 2274, train_loss: 0.194385
TORCHFORT::WANDB: model: critic_0, step: 2274, train_lr: 0.000486035
TORCHFORT::WANDB: model: actor, step: 2274, train_loss: -0.219541
TORCHFORT::WANDB: model: actor, step: 2274, train_lr: 0.000486035
TORCHFORT::WANDB: model: alpha, step: 2274, train_loss: -2.93325
TORCHFORT::WANDB: model: alpha, step: 2274, train_lr: 0.0001
TORCHFORT::WANDB: model: critic_0, step: 2275, train_loss: 0.33715
TORCHFORT::WANDB: model: critic_0, step: 2275, train_lr: 0.000486315
TORCHFORT::WANDB: model: actor, step: 2275, train_loss: -0.245729
TORCHFORT::WANDB: model: actor, step: 2275, train_lr: 0.000486315
TORCHFORT::WANDB: model: alpha, step: 2275, train_loss: -2.98794
TORCHFORT::WANDB: model: alpha, step: 2275, train_lr: 0.0001
TORCHFORT::WANDB: model: critic_0, step: 2276, train_loss: 0.436955
TORCHFORT::WANDB: model: critic_0, step: 2276, train_lr: 0.000486594
TORCHFORT::WANDB: model: actor, step: 2276, train_loss: -0.194082
TORCHFORT::WANDB: model: actor, step: 2276, train_lr: 0.000486594
TORCHFORT::WANDB: model: alpha, step: 2276, train_loss: -2.72969
TORCHFORT::WANDB: model: alpha, step: 2276, train_lr: 0.0001
TORCHFORT::WANDB: model: critic_0, step: 2277, train_loss: 0.191515
TORCHFORT::WANDB: model: critic_0, step: 2277, train_lr: 0.000486874
TORCHFORT::WANDB: model: actor, step: 2277, train_loss: -0.175832
TORCHFORT::WANDB: model: actor, step: 2277, train_lr: 0.000486874
TORCHFORT::WANDB: model: alpha, step: 2277, train_loss: -2.9562
TORCHFORT::WANDB: model: alpha, step: 2277, train_lr: 0.0001
TORCHFORT::WANDB: model: critic_0, step: 2278, train_loss: 0.154254
TORCHFORT::WANDB: model: critic_0, step: 2278, train_lr: 0.000487154
TORCHFORT::WANDB: model: actor, step: 2278, train_loss: -0.160069
TORCHFORT::WANDB: model: actor, step: 2278, train_lr: 0.000487154
TORCHFORT::WANDB: model: alpha, step: 2278, train_loss: -2.64264
TORCHFORT::WANDB: model: alpha, step: 2278, train_lr: 0.0001
TORCHFORT::WANDB: model: critic_0, step: 2279, train_loss: 0.18397
TORCHFORT::WANDB: model: critic_0, step: 2279, train_lr: 0.000487434
TORCHFORT::WANDB: model: actor, step: 2279, train_loss: -0.122487
TORCHFORT::WANDB: model: actor, step: 2279, train_lr: 0.000487434
TORCHFORT::WANDB: model: alpha, step: 2279, train_loss: -2.96815
TORCHFORT::WANDB: model: alpha, step: 2279, train_lr: 0.0001
TORCHFORT::WANDB: model: critic_0, step: 2280, train_loss: 0.167009
TORCHFORT::WANDB: model: critic_0, step: 2280, train_lr: 0.000487714
TORCHFORT::WANDB: model: actor, step: 2280, train_loss: -0.10512
TORCHFORT::WANDB: model: actor, step: 2280, train_lr: 0.000487714
TORCHFORT::WANDB: model: alpha, step: 2280, train_loss: -2.96086
TORCHFORT::WANDB: model: alpha, step: 2280, train_lr: 0.0001
TORCHFORT::WANDB: model: critic_0, step: 2281, train_loss: 0.229867
TORCHFORT::WANDB: model: critic_0, step: 2281, train_lr: 0.000487994
TORCHFORT::WANDB: model: actor, step: 2281, train_loss: -0.0951459
TORCHFORT::WANDB: model: actor, step: 2281, train_lr: 0.000487994
TORCHFORT::WANDB: model: alpha, step: 2281, train_loss: -2.72136
TORCHFORT::WANDB: model: alpha, step: 2281, train_lr: 0.0001
TORCHFORT::WANDB: model: critic_0, step: 2282, train_loss: 0.135022
TORCHFORT::WANDB: model: critic_0, step: 2282, train_lr: 0.000488274
TORCHFORT::WANDB: model: actor, step: 2282, train_loss: -0.140031
TORCHFORT::WANDB: model: actor, step: 2282, train_lr: 0.000488274
TORCHFORT::WANDB: model: alpha, step: 2282, train_loss: -2.7476
TORCHFORT::WANDB: model: alpha, step: 2282, train_lr: 0.0001
TORCHFORT::WANDB: model: critic_0, step: 2283, train_loss: 0.175337
TORCHFORT::WANDB: model: critic_0, step: 2283, train_lr: 0.000488555
TORCHFORT::WANDB: model: actor, step: 2283, train_loss: -0.160388
TORCHFORT::WANDB: model: actor, step: 2283, train_lr: 0.000488555
TORCHFORT::WANDB: model: alpha, step: 2283, train_loss: -2.76488
TORCHFORT::WANDB: model: alpha, step: 2283, train_lr: 0.0001
TORCHFORT::WANDB: model: critic_0, step: 2284, train_loss: 0.210551
TORCHFORT::WANDB: model: critic_0, step: 2284, train_lr: 0.000488835
TORCHFORT::WANDB: model: actor, step: 2284, train_loss: -0.160607
TORCHFORT::WANDB: model: actor, step: 2284, train_lr: 0.000488835
TORCHFORT::WANDB: model: alpha, step: 2284, train_loss: -2.69149
TORCHFORT::WANDB: model: alpha, step: 2284, train_lr: 0.0001
TORCHFORT::WANDB: model: critic_0, step: 2285, train_loss: 0.179365
TORCHFORT::WANDB: model: critic_0, step: 2285, train_lr: 0.000489115
TORCHFORT::WANDB: model: actor, step: 2285, train_loss: -0.182097
TORCHFORT::WANDB: model: actor, step: 2285, train_lr: 0.000489115
TORCHFORT::WANDB: model: alpha, step: 2285, train_loss: -2.95021
TORCHFORT::WANDB: model: alpha, step: 2285, train_lr: 0.0001
TORCHFORT::WANDB: model: critic_0, step: 2286, train_loss: 0.278276
TORCHFORT::WANDB: model: critic_0, step: 2286, train_lr: 0.000489395
TORCHFORT::WANDB: model: actor, step: 2286, train_loss: -0.199918
TORCHFORT::WANDB: model: actor, step: 2286, train_lr: 0.000489395
TORCHFORT::WANDB: model: alpha, step: 2286, train_loss: -2.84383
TORCHFORT::WANDB: model: alpha, step: 2286, train_lr: 0.0001
TORCHFORT::WANDB: model: critic_0, step: 2287, train_loss: 0.28194
TORCHFORT::WANDB: model: critic_0, step: 2287, train_lr: 0.000489675
TORCHFORT::WANDB: model: actor, step: 2287, train_loss: -0.237985
TORCHFORT::WANDB: model: actor, step: 2287, train_lr: 0.000489675
TORCHFORT::WANDB: model: alpha, step: 2287, train_loss: -2.84715
TORCHFORT::WANDB: model: alpha, step: 2287, train_lr: 0.0001
TORCHFORT::WANDB: model: critic_0, step: 2288, train_loss: 0.157553
TORCHFORT::WANDB: model: critic_0, step: 2288, train_lr: 0.000489955
TORCHFORT::WANDB: model: actor, step: 2288, train_loss: -0.21852
TORCHFORT::WANDB: model: actor, step: 2288, train_lr: 0.000489955
TORCHFORT::WANDB: model: alpha, step: 2288, train_loss: -2.91136
TORCHFORT::WANDB: model: alpha, step: 2288, train_lr: 0.0001
TORCHFORT::WANDB: model: critic_0, step: 2289, train_loss: 0.240018
TORCHFORT::WANDB: model: critic_0, step: 2289, train_lr: 0.000490236
TORCHFORT::WANDB: model: actor, step: 2289, train_loss: -0.258763
TORCHFORT::WANDB: model: actor, step: 2289, train_lr: 0.000490236
TORCHFORT::WANDB: model: alpha, step: 2289, train_loss: -2.93285
TORCHFORT::WANDB: model: alpha, step: 2289, train_lr: 0.0001
TORCHFORT::WANDB: model: critic_0, step: 2290, train_loss: 0.250341
TORCHFORT::WANDB: model: critic_0, step: 2290, train_lr: 0.000490516
TORCHFORT::WANDB: model: actor, step: 2290, train_loss: -0.217447
TORCHFORT::WANDB: model: actor, step: 2290, train_lr: 0.000490516
TORCHFORT::WANDB: model: alpha, step: 2290, train_loss: -2.92671
TORCHFORT::WANDB: model: alpha, step: 2290, train_lr: 0.0001
TORCHFORT::WANDB: model: critic_0, step: 2291, train_loss: 0.141724
TORCHFORT::WANDB: model: critic_0, step: 2291, train_lr: 0.000490796
TORCHFORT::WANDB: model: actor, step: 2291, train_loss: -0.212481
TORCHFORT::WANDB: model: actor, step: 2291, train_lr: 0.000490796
TORCHFORT::WANDB: model: alpha, step: 2291, train_loss: -2.85221
TORCHFORT::WANDB: model: alpha, step: 2291, train_lr: 0.0001
TORCHFORT::WANDB: model: critic_0, step: 2292, train_loss: 0.238328
TORCHFORT::WANDB: model: critic_0, step: 2292, train_lr: 0.000491076
TORCHFORT::WANDB: model: actor, step: 2292, train_loss: -0.259441
TORCHFORT::WANDB: model: actor, step: 2292, train_lr: 0.000491076
TORCHFORT::WANDB: model: alpha, step: 2292, train_loss: -2.96205
TORCHFORT::WANDB: model: alpha, step: 2292, train_lr: 0.0001
TORCHFORT::WANDB: model: critic_0, step: 2293, train_loss: 0.234742
TORCHFORT::WANDB: model: critic_0, step: 2293, train_lr: 0.000491357
TORCHFORT::WANDB: model: actor, step: 2293, train_loss: -0.23663
TORCHFORT::WANDB: model: actor, step: 2293, train_lr: 0.000491357
TORCHFORT::WANDB: model: alpha, step: 2293, train_loss: -2.89226
TORCHFORT::WANDB: model: alpha, step: 2293, train_lr: 0.0001
TORCHFORT::WANDB: model: critic_0, step: 2294, train_loss: 0.191535
TORCHFORT::WANDB: model: critic_0, step: 2294, train_lr: 0.000491637
TORCHFORT::WANDB: model: actor, step: 2294, train_loss: -0.250246
TORCHFORT::WANDB: model: actor, step: 2294, train_lr: 0.000491637
TORCHFORT::WANDB: model: alpha, step: 2294, train_loss: -2.95557
TORCHFORT::WANDB: model: alpha, step: 2294, train_lr: 0.0001
TORCHFORT::WANDB: model: critic_0, step: 2295, train_loss: 0.260175
TORCHFORT::WANDB: model: critic_0, step: 2295, train_lr: 0.000491917
TORCHFORT::WANDB: model: actor, step: 2295, train_loss: -0.249144
TORCHFORT::WANDB: model: actor, step: 2295, train_lr: 0.000491917
TORCHFORT::WANDB: model: alpha, step: 2295, train_loss: -2.96898
TORCHFORT::WANDB: model: alpha, step: 2295, train_lr: 0.0001
TORCHFORT::WANDB: model: critic_0, step: 2296, train_loss: 0.187209
TORCHFORT::WANDB: model: critic_0, step: 2296, train_lr: 0.000492198
TORCHFORT::WANDB: model: actor, step: 2296, train_loss: -0.238164
TORCHFORT::WANDB: model: actor, step: 2296, train_lr: 0.000492198
TORCHFORT::WANDB: model: alpha, step: 2296, train_loss: -2.97498
TORCHFORT::WANDB: model: alpha, step: 2296, train_lr: 0.0001
TORCHFORT::WANDB: model: critic_0, step: 2297, train_loss: 0.157259
TORCHFORT::WANDB: model: critic_0, step: 2297, train_lr: 0.000492478
TORCHFORT::WANDB: model: actor, step: 2297, train_loss: -0.242645
TORCHFORT::WANDB: model: actor, step: 2297, train_lr: 0.000492478
TORCHFORT::WANDB: model: alpha, step: 2297, train_loss: -3.0157
TORCHFORT::WANDB: model: alpha, step: 2297, train_lr: 0.0001
TORCHFORT::WANDB: model: critic_0, step: 2298, train_loss: 0.267637
TORCHFORT::WANDB: model: critic_0, step: 2298, train_lr: 0.000492759
TORCHFORT::WANDB: model: actor, step: 2298, train_loss: -0.216649
TORCHFORT::WANDB: model: actor, step: 2298, train_lr: 0.000492759
TORCHFORT::WANDB: model: alpha, step: 2298, train_loss: -2.88836
TORCHFORT::WANDB: model: alpha, step: 2298, train_lr: 0.0001
TORCHFORT::WANDB: model: critic_0, step: 2299, train_loss: 0.17896
TORCHFORT::WANDB: model: critic_0, step: 2299, train_lr: 0.000493039
TORCHFORT::WANDB: model: actor, step: 2299, train_loss: -0.224867
TORCHFORT::WANDB: model: actor, step: 2299, train_lr: 0.000493039
TORCHFORT::WANDB: model: alpha, step: 2299, train_loss: -2.88899
TORCHFORT::WANDB: model: alpha, step: 2299, train_lr: 0.0001
TORCHFORT::WANDB: model: critic_0, step: 2300, train_loss: 0.259963
TORCHFORT::WANDB: model: critic_0, step: 2300, train_lr: 0.00049332
TORCHFORT::WANDB: model: actor, step: 2300, train_loss: -0.205598
TORCHFORT::WANDB: model: actor, step: 2300, train_lr: 0.00049332
TORCHFORT::WANDB: model: alpha, step: 2300, train_loss: -2.9578
TORCHFORT::WANDB: model: alpha, step: 2300, train_lr: 0.0001
TORCHFORT::WANDB: model: rlwm, step: 23, reward_sum: 4199.13
TORCHFORT::WANDB: model: rlwm, step: 23, policy_loss: -0.205598
TORCHFORT::WANDB: model: rlwm, step: 23, critic_loss: 0.259963
TORCHFORT::WANDB: model: critic_0, step: 2301, train_loss: 0.176861
TORCHFORT::WANDB: model: critic_0, step: 2301, train_lr: 0.0004936
TORCHFORT::WANDB: model: actor, step: 2301, train_loss: -0.195871
TORCHFORT::WANDB: model: actor, step: 2301, train_lr: 0.0004936
TORCHFORT::WANDB: model: alpha, step: 2301, train_loss: -2.9357
TORCHFORT::WANDB: model: alpha, step: 2301, train_lr: 0.0001
TORCHFORT::WANDB: model: critic_0, step: 2302, train_loss: 0.265606
TORCHFORT::WANDB: model: critic_0, step: 2302, train_lr: 0.000493881
TORCHFORT::WANDB: model: actor, step: 2302, train_loss: -0.193021
TORCHFORT::WANDB: model: actor, step: 2302, train_lr: 0.000493881
TORCHFORT::WANDB: model: alpha, step: 2302, train_loss: -2.98004
TORCHFORT::WANDB: model: alpha, step: 2302, train_lr: 0.0001
TORCHFORT::WANDB: model: critic_0, step: 2303, train_loss: 0.212068
TORCHFORT::WANDB: model: critic_0, step: 2303, train_lr: 0.000494161
TORCHFORT::WANDB: model: actor, step: 2303, train_loss: -0.187371
TORCHFORT::WANDB: model: actor, step: 2303, train_lr: 0.000494161
TORCHFORT::WANDB: model: alpha, step: 2303, train_loss: -2.97077
TORCHFORT::WANDB: model: alpha, step: 2303, train_lr: 0.0001
TORCHFORT::WANDB: model: critic_0, step: 2304, train_loss: 0.183165
TORCHFORT::WANDB: model: critic_0, step: 2304, train_lr: 0.000494442
TORCHFORT::WANDB: model: actor, step: 2304, train_loss: -0.197025
TORCHFORT::WANDB: model: actor, step: 2304, train_lr: 0.000494442
TORCHFORT::WANDB: model: alpha, step: 2304, train_loss: -2.85601
TORCHFORT::WANDB: model: alpha, step: 2304, train_lr: 0.0001
TORCHFORT::WANDB: model: critic_0, step: 2305, train_loss: 0.240368
TORCHFORT::WANDB: model: critic_0, step: 2305, train_lr: 0.000494722
TORCHFORT::WANDB: model: actor, step: 2305, train_loss: -0.210047
TORCHFORT::WANDB: model: actor, step: 2305, train_lr: 0.000494722
TORCHFORT::WANDB: model: alpha, step: 2305, train_loss: -2.82036
TORCHFORT::WANDB: model: alpha, step: 2305, train_lr: 0.0001
TORCHFORT::WANDB: model: critic_0, step: 2306, train_loss: 0.291966
TORCHFORT::WANDB: model: critic_0, step: 2306, train_lr: 0.000495003
TORCHFORT::WANDB: model: actor, step: 2306, train_loss: -0.203954
TORCHFORT::WANDB: model: actor, step: 2306, train_lr: 0.000495003
TORCHFORT::WANDB: model: alpha, step: 2306, train_loss: -2.87749
TORCHFORT::WANDB: model: alpha, step: 2306, train_lr: 0.0001
TORCHFORT::WANDB: model: critic_0, step: 2307, train_loss: 0.198556
TORCHFORT::WANDB: model: critic_0, step: 2307, train_lr: 0.000495284
TORCHFORT::WANDB: model: actor, step: 2307, train_loss: -0.205578
TORCHFORT::WANDB: model: actor, step: 2307, train_lr: 0.000495284
TORCHFORT::WANDB: model: alpha, step: 2307, train_loss: -2.66028
TORCHFORT::WANDB: model: alpha, step: 2307, train_lr: 0.0001
TORCHFORT::WANDB: model: critic_0, step: 2308, train_loss: 0.10675
TORCHFORT::WANDB: model: critic_0, step: 2308, train_lr: 0.000495564
TORCHFORT::WANDB: model: actor, step: 2308, train_loss: -0.201476
TORCHFORT::WANDB: model: actor, step: 2308, train_lr: 0.000495564
TORCHFORT::WANDB: model: alpha, step: 2308, train_loss: -2.93616
TORCHFORT::WANDB: model: alpha, step: 2308, train_lr: 0.0001
TORCHFORT::WANDB: model: critic_0, step: 2309, train_loss: 0.333283
TORCHFORT::WANDB: model: critic_0, step: 2309, train_lr: 0.000495845
TORCHFORT::WANDB: model: actor, step: 2309, train_loss: -0.22831
TORCHFORT::WANDB: model: actor, step: 2309, train_lr: 0.000495845
TORCHFORT::WANDB: model: alpha, step: 2309, train_loss: -2.79209
TORCHFORT::WANDB: model: alpha, step: 2309, train_lr: 0.0001
TORCHFORT::WANDB: model: critic_0, step: 2310, train_loss: 0.229431
TORCHFORT::WANDB: model: critic_0, step: 2310, train_lr: 0.000496126
TORCHFORT::WANDB: model: actor, step: 2310, train_loss: -0.220988
TORCHFORT::WANDB: model: actor, step: 2310, train_lr: 0.000496126
TORCHFORT::WANDB: model: alpha, step: 2310, train_loss: -2.72134
TORCHFORT::WANDB: model: alpha, step: 2310, train_lr: 0.0001
TORCHFORT::WANDB: model: critic_0, step: 2311, train_loss: 0.298263
TORCHFORT::WANDB: model: critic_0, step: 2311, train_lr: 0.000496406
TORCHFORT::WANDB: model: actor, step: 2311, train_loss: -0.236004
TORCHFORT::WANDB: model: actor, step: 2311, train_lr: 0.000496406
TORCHFORT::WANDB: model: alpha, step: 2311, train_loss: -2.80816
TORCHFORT::WANDB: model: alpha, step: 2311, train_lr: 0.0001
TORCHFORT::WANDB: model: critic_0, step: 2312, train_loss: 0.200734
TORCHFORT::WANDB: model: critic_0, step: 2312, train_lr: 0.000496687
TORCHFORT::WANDB: model: actor, step: 2312, train_loss: -0.21299
TORCHFORT::WANDB: model: actor, step: 2312, train_lr: 0.000496687
TORCHFORT::WANDB: model: alpha, step: 2312, train_loss: -2.86304
TORCHFORT::WANDB: model: alpha, step: 2312, train_lr: 0.0001
TORCHFORT::WANDB: model: critic_0, step: 2313, train_loss: 0.33522
TORCHFORT::WANDB: model: critic_0, step: 2313, train_lr: 0.000496968
TORCHFORT::WANDB: model: actor, step: 2313, train_loss: -0.216257
TORCHFORT::WANDB: model: actor, step: 2313, train_lr: 0.000496968
TORCHFORT::WANDB: model: alpha, step: 2313, train_loss: -2.76646
TORCHFORT::WANDB: model: alpha, step: 2313, train_lr: 0.0001
TORCHFORT::WANDB: model: critic_0, step: 2314, train_loss: 0.179397
TORCHFORT::WANDB: model: critic_0, step: 2314, train_lr: 0.000497249
TORCHFORT::WANDB: model: actor, step: 2314, train_loss: -0.222878
TORCHFORT::WANDB: model: actor, step: 2314, train_lr: 0.000497249
TORCHFORT::WANDB: model: alpha, step: 2314, train_loss: -2.87993
TORCHFORT::WANDB: model: alpha, step: 2314, train_lr: 0.0001
TORCHFORT::WANDB: model: critic_0, step: 2315, train_loss: 0.241726
TORCHFORT::WANDB: model: critic_0, step: 2315, train_lr: 0.000497529
TORCHFORT::WANDB: model: actor, step: 2315, train_loss: -0.267874
TORCHFORT::WANDB: model: actor, step: 2315, train_lr: 0.000497529
TORCHFORT::WANDB: model: alpha, step: 2315, train_loss: -2.92246
TORCHFORT::WANDB: model: alpha, step: 2315, train_lr: 0.0001
TORCHFORT::WANDB: model: critic_0, step: 2316, train_loss: 0.149131
TORCHFORT::WANDB: model: critic_0, step: 2316, train_lr: 0.00049781
TORCHFORT::WANDB: model: actor, step: 2316, train_loss: -0.206803
TORCHFORT::WANDB: model: actor, step: 2316, train_lr: 0.00049781
TORCHFORT::WANDB: model: alpha, step: 2316, train_loss: -2.93027
TORCHFORT::WANDB: model: alpha, step: 2316, train_lr: 0.0001
TORCHFORT::WANDB: model: critic_0, step: 2317, train_loss: 0.203428
TORCHFORT::WANDB: model: critic_0, step: 2317, train_lr: 0.000498091
TORCHFORT::WANDB: model: actor, step: 2317, train_loss: -0.204337
TORCHFORT::WANDB: model: actor, step: 2317, train_lr: 0.000498091
TORCHFORT::WANDB: model: alpha, step: 2317, train_loss: -2.80917
TORCHFORT::WANDB: model: alpha, step: 2317, train_lr: 0.0001
TORCHFORT::WANDB: model: critic_0, step: 2318, train_loss: 0.121364
TORCHFORT::WANDB: model: critic_0, step: 2318, train_lr: 0.000498372
TORCHFORT::WANDB: model: actor, step: 2318, train_loss: -0.231701
TORCHFORT::WANDB: model: actor, step: 2318, train_lr: 0.000498372
TORCHFORT::WANDB: model: alpha, step: 2318, train_loss: -3.01736
TORCHFORT::WANDB: model: alpha, step: 2318, train_lr: 0.0001
TORCHFORT::WANDB: model: critic_0, step: 2319, train_loss: 0.31801
TORCHFORT::WANDB: model: critic_0, step: 2319, train_lr: 0.000498653
TORCHFORT::WANDB: model: actor, step: 2319, train_loss: -0.193762
TORCHFORT::WANDB: model: actor, step: 2319, train_lr: 0.000498653
TORCHFORT::WANDB: model: alpha, step: 2319, train_loss: -2.94289
TORCHFORT::WANDB: model: alpha, step: 2319, train_lr: 0.0001
TORCHFORT::WANDB: model: critic_0, step: 2320, train_loss: 0.53518
TORCHFORT::WANDB: model: critic_0, step: 2320, train_lr: 0.000498934
TORCHFORT::WANDB: model: actor, step: 2320, train_loss: -0.227545
TORCHFORT::WANDB: model: actor, step: 2320, train_lr: 0.000498934
TORCHFORT::WANDB: model: alpha, step: 2320, train_loss: -2.97529
TORCHFORT::WANDB: model: alpha, step: 2320, train_lr: 0.0001
TORCHFORT::WANDB: model: critic_0, step: 2321, train_loss: 0.385179
TORCHFORT::WANDB: model: critic_0, step: 2321, train_lr: 0.000499215
TORCHFORT::WANDB: model: actor, step: 2321, train_loss: -0.233708
TORCHFORT::WANDB: model: actor, step: 2321, train_lr: 0.000499215
TORCHFORT::WANDB: model: alpha, step: 2321, train_loss: -2.9856
TORCHFORT::WANDB: model: alpha, step: 2321, train_lr: 0.0001
TORCHFORT::WANDB: model: critic_0, step: 2322, train_loss: 0.354254
TORCHFORT::WANDB: model: critic_0, step: 2322, train_lr: 0.000499496
TORCHFORT::WANDB: model: actor, step: 2322, train_loss: -0.206527
TORCHFORT::WANDB: model: actor, step: 2322, train_lr: 0.000499496
TORCHFORT::WANDB: model: alpha, step: 2322, train_loss: -3.02425
TORCHFORT::WANDB: model: alpha, step: 2322, train_lr: 0.0001
TORCHFORT::WANDB: model: critic_0, step: 2323, train_loss: 0.213387
TORCHFORT::WANDB: model: critic_0, step: 2323, train_lr: 0.000499777
TORCHFORT::WANDB: model: actor, step: 2323, train_loss: -0.215931
TORCHFORT::WANDB: model: actor, step: 2323, train_lr: 0.000499777
TORCHFORT::WANDB: model: alpha, step: 2323, train_loss: -2.95445
TORCHFORT::WANDB: model: alpha, step: 2323, train_lr: 0.0001
TORCHFORT::WANDB: model: critic_0, step: 2324, train_loss: 0.241782
TORCHFORT::WANDB: model: critic_0, step: 2324, train_lr: 0.000500058
TORCHFORT::WANDB: model: actor, step: 2324, train_loss: -0.239211
TORCHFORT::WANDB: model: actor, step: 2324, train_lr: 0.000500058
TORCHFORT::WANDB: model: alpha, step: 2324, train_loss: -3.0186
TORCHFORT::WANDB: model: alpha, step: 2324, train_lr: 0.0001
TORCHFORT::WANDB: model: critic_0, step: 2325, train_loss: 0.165953
TORCHFORT::WANDB: model: critic_0, step: 2325, train_lr: 0.000500339
TORCHFORT::WANDB: model: actor, step: 2325, train_loss: -0.20147
TORCHFORT::WANDB: model: actor, step: 2325, train_lr: 0.000500339
TORCHFORT::WANDB: model: alpha, step: 2325, train_loss: -2.7878
TORCHFORT::WANDB: model: alpha, step: 2325, train_lr: 0.0001
TORCHFORT::WANDB: model: critic_0, step: 2326, train_loss: 0.325405
TORCHFORT::WANDB: model: critic_0, step: 2326, train_lr: 0.00050062
TORCHFORT::WANDB: model: actor, step: 2326, train_loss: -0.212946
TORCHFORT::WANDB: model: actor, step: 2326, train_lr: 0.00050062
TORCHFORT::WANDB: model: alpha, step: 2326, train_loss: -2.96276
TORCHFORT::WANDB: model: alpha, step: 2326, train_lr: 0.0001
TORCHFORT::WANDB: model: critic_0, step: 2327, train_loss: 0.235137
TORCHFORT::WANDB: model: critic_0, step: 2327, train_lr: 0.000500901
TORCHFORT::WANDB: model: actor, step: 2327, train_loss: -0.195342
TORCHFORT::WANDB: model: actor, step: 2327, train_lr: 0.000500901
TORCHFORT::WANDB: model: alpha, step: 2327, train_loss: -2.85536
TORCHFORT::WANDB: model: alpha, step: 2327, train_lr: 0.0001
TORCHFORT::WANDB: model: critic_0, step: 2328, train_loss: 0.15705
TORCHFORT::WANDB: model: critic_0, step: 2328, train_lr: 0.000501182
TORCHFORT::WANDB: model: actor, step: 2328, train_loss: -0.18406
TORCHFORT::WANDB: model: actor, step: 2328, train_lr: 0.000501182
TORCHFORT::WANDB: model: alpha, step: 2328, train_loss: -2.9432
TORCHFORT::WANDB: model: alpha, step: 2328, train_lr: 0.0001
TORCHFORT::WANDB: model: critic_0, step: 2329, train_loss: 0.222891
TORCHFORT::WANDB: model: critic_0, step: 2329, train_lr: 0.000501463
TORCHFORT::WANDB: model: actor, step: 2329, train_loss: -0.18324
TORCHFORT::WANDB: model: actor, step: 2329, train_lr: 0.000501463
TORCHFORT::WANDB: model: alpha, step: 2329, train_loss: -2.90858
TORCHFORT::WANDB: model: alpha, step: 2329, train_lr: 0.0001
TORCHFORT::WANDB: model: critic_0, step: 2330, train_loss: 0.269767
TORCHFORT::WANDB: model: critic_0, step: 2330, train_lr: 0.000501744
TORCHFORT::WANDB: model: actor, step: 2330, train_loss: -0.174569
TORCHFORT::WANDB: model: actor, step: 2330, train_lr: 0.000501744
TORCHFORT::WANDB: model: alpha, step: 2330, train_loss: -2.9344
TORCHFORT::WANDB: model: alpha, step: 2330, train_lr: 0.0001
TORCHFORT::WANDB: model: critic_0, step: 2331, train_loss: 0.323294
TORCHFORT::WANDB: model: critic_0, step: 2331, train_lr: 0.000502025
TORCHFORT::WANDB: model: actor, step: 2331, train_loss: -0.175711
TORCHFORT::WANDB: model: actor, step: 2331, train_lr: 0.000502025
TORCHFORT::WANDB: model: alpha, step: 2331, train_loss: -3.02463
TORCHFORT::WANDB: model: alpha, step: 2331, train_lr: 0.0001
TORCHFORT::WANDB: model: critic_0, step: 2332, train_loss: 0.115872
TORCHFORT::WANDB: model: critic_0, step: 2332, train_lr: 0.000502306
TORCHFORT::WANDB: model: actor, step: 2332, train_loss: -0.178211
TORCHFORT::WANDB: model: actor, step: 2332, train_lr: 0.000502306
TORCHFORT::WANDB: model: alpha, step: 2332, train_loss: -2.89666
TORCHFORT::WANDB: model: alpha, step: 2332, train_lr: 0.0001
TORCHFORT::WANDB: model: critic_0, step: 2333, train_loss: 0.250787
TORCHFORT::WANDB: model: critic_0, step: 2333, train_lr: 0.000502587
TORCHFORT::WANDB: model: actor, step: 2333, train_loss: -0.197536
TORCHFORT::WANDB: model: actor, step: 2333, train_lr: 0.000502587
TORCHFORT::WANDB: model: alpha, step: 2333, train_loss: -2.86429
TORCHFORT::WANDB: model: alpha, step: 2333, train_lr: 0.0001
TORCHFORT::WANDB: model: critic_0, step: 2334, train_loss: 0.182066
TORCHFORT::WANDB: model: critic_0, step: 2334, train_lr: 0.000502868
TORCHFORT::WANDB: model: actor, step: 2334, train_loss: -0.204517
TORCHFORT::WANDB: model: actor, step: 2334, train_lr: 0.000502868
TORCHFORT::WANDB: model: alpha, step: 2334, train_loss: -3.01596
TORCHFORT::WANDB: model: alpha, step: 2334, train_lr: 0.0001
TORCHFORT::WANDB: model: critic_0, step: 2335, train_loss: 0.268157
TORCHFORT::WANDB: model: critic_0, step: 2335, train_lr: 0.00050315
TORCHFORT::WANDB: model: actor, step: 2335, train_loss: -0.202138
TORCHFORT::WANDB: model: actor, step: 2335, train_lr: 0.00050315
TORCHFORT::WANDB: model: alpha, step: 2335, train_loss: -3.13007
TORCHFORT::WANDB: model: alpha, step: 2335, train_lr: 0.0001
TORCHFORT::WANDB: model: critic_0, step: 2336, train_loss: 0.240591
TORCHFORT::WANDB: model: critic_0, step: 2336, train_lr: 0.000503431
TORCHFORT::WANDB: model: actor, step: 2336, train_loss: -0.216889
TORCHFORT::WANDB: model: actor, step: 2336, train_lr: 0.000503431
TORCHFORT::WANDB: model: alpha, step: 2336, train_loss: -2.97759
TORCHFORT::WANDB: model: alpha, step: 2336, train_lr: 0.0001
TORCHFORT::WANDB: model: critic_0, step: 2337, train_loss: 0.134404
TORCHFORT::WANDB: model: critic_0, step: 2337, train_lr: 0.000503712
TORCHFORT::WANDB: model: actor, step: 2337, train_loss: -0.240852
TORCHFORT::WANDB: model: actor, step: 2337, train_lr: 0.000503712
TORCHFORT::WANDB: model: alpha, step: 2337, train_loss: -2.84793
TORCHFORT::WANDB: model: alpha, step: 2337, train_lr: 0.0001
TORCHFORT::WANDB: model: critic_0, step: 2338, train_loss: 0.166924
TORCHFORT::WANDB: model: critic_0, step: 2338, train_lr: 0.000503993
TORCHFORT::WANDB: model: actor, step: 2338, train_loss: -0.218326
TORCHFORT::WANDB: model: actor, step: 2338, train_lr: 0.000503993
TORCHFORT::WANDB: model: alpha, step: 2338, train_loss: -2.93541
TORCHFORT::WANDB: model: alpha, step: 2338, train_lr: 0.0001
TORCHFORT::WANDB: model: critic_0, step: 2339, train_loss: 0.226932
TORCHFORT::WANDB: model: critic_0, step: 2339, train_lr: 0.000504275
TORCHFORT::WANDB: model: actor, step: 2339, train_loss: -0.228534
TORCHFORT::WANDB: model: actor, step: 2339, train_lr: 0.000504275
TORCHFORT::WANDB: model: alpha, step: 2339, train_loss: -2.90357
TORCHFORT::WANDB: model: alpha, step: 2339, train_lr: 0.0001
TORCHFORT::WANDB: model: critic_0, step: 2340, train_loss: 0.189923
TORCHFORT::WANDB: model: critic_0, step: 2340, train_lr: 0.000504556
TORCHFORT::WANDB: model: actor, step: 2340, train_loss: -0.189555
TORCHFORT::WANDB: model: actor, step: 2340, train_lr: 0.000504556
TORCHFORT::WANDB: model: alpha, step: 2340, train_loss: -2.87868
TORCHFORT::WANDB: model: alpha, step: 2340, train_lr: 0.0001
TORCHFORT::WANDB: model: critic_0, step: 2341, train_loss: 0.239322
TORCHFORT::WANDB: model: critic_0, step: 2341, train_lr: 0.000504837
TORCHFORT::WANDB: model: actor, step: 2341, train_loss: -0.198917
TORCHFORT::WANDB: model: actor, step: 2341, train_lr: 0.000504837
TORCHFORT::WANDB: model: alpha, step: 2341, train_loss: -2.87931
TORCHFORT::WANDB: model: alpha, step: 2341, train_lr: 0.0001
TORCHFORT::WANDB: model: critic_0, step: 2342, train_loss: 0.144326
TORCHFORT::WANDB: model: critic_0, step: 2342, train_lr: 0.000505119
TORCHFORT::WANDB: model: actor, step: 2342, train_loss: -0.197068
TORCHFORT::WANDB: model: actor, step: 2342, train_lr: 0.000505119
TORCHFORT::WANDB: model: alpha, step: 2342, train_loss: -3.00124
TORCHFORT::WANDB: model: alpha, step: 2342, train_lr: 0.0001
TORCHFORT::WANDB: model: critic_0, step: 2343, train_loss: 0.216026
TORCHFORT::WANDB: model: critic_0, step: 2343, train_lr: 0.0005054
TORCHFORT::WANDB: model: actor, step: 2343, train_loss: -0.18234
TORCHFORT::WANDB: model: actor, step: 2343, train_lr: 0.0005054
TORCHFORT::WANDB: model: alpha, step: 2343, train_loss: -2.82008
TORCHFORT::WANDB: model: alpha, step: 2343, train_lr: 0.0001
TORCHFORT::WANDB: model: critic_0, step: 2344, train_loss: 0.173179
TORCHFORT::WANDB: model: critic_0, step: 2344, train_lr: 0.000505681
TORCHFORT::WANDB: model: actor, step: 2344, train_loss: -0.188217
TORCHFORT::WANDB: model: actor, step: 2344, train_lr: 0.000505681
TORCHFORT::WANDB: model: alpha, step: 2344, train_loss: -2.85008
TORCHFORT::WANDB: model: alpha, step: 2344, train_lr: 0.0001
TORCHFORT::WANDB: model: critic_0, step: 2345, train_loss: 0.148037
TORCHFORT::WANDB: model: critic_0, step: 2345, train_lr: 0.000505963
TORCHFORT::WANDB: model: actor, step: 2345, train_loss: -0.189876
TORCHFORT::WANDB: model: actor, step: 2345, train_lr: 0.000505963
TORCHFORT::WANDB: model: alpha, step: 2345, train_loss: -2.7362
TORCHFORT::WANDB: model: alpha, step: 2345, train_lr: 0.0001
TORCHFORT::WANDB: model: critic_0, step: 2346, train_loss: 0.229796
TORCHFORT::WANDB: model: critic_0, step: 2346, train_lr: 0.000506244
TORCHFORT::WANDB: model: actor, step: 2346, train_loss: -0.189125
TORCHFORT::WANDB: model: actor, step: 2346, train_lr: 0.000506244
TORCHFORT::WANDB: model: alpha, step: 2346, train_loss: -2.91646
TORCHFORT::WANDB: model: alpha, step: 2346, train_lr: 0.0001
TORCHFORT::WANDB: model: critic_0, step: 2347, train_loss: 0.163297
TORCHFORT::WANDB: model: critic_0, step: 2347, train_lr: 0.000506525
TORCHFORT::WANDB: model: actor, step: 2347, train_loss: -0.201736
TORCHFORT::WANDB: model: actor, step: 2347, train_lr: 0.000506525
TORCHFORT::WANDB: model: alpha, step: 2347, train_loss: -2.85425
TORCHFORT::WANDB: model: alpha, step: 2347, train_lr: 0.0001
TORCHFORT::WANDB: model: critic_0, step: 2348, train_loss: 0.214063
TORCHFORT::WANDB: model: critic_0, step: 2348, train_lr: 0.000506807
TORCHFORT::WANDB: model: actor, step: 2348, train_loss: -0.204222
TORCHFORT::WANDB: model: actor, step: 2348, train_lr: 0.000506807
TORCHFORT::WANDB: model: alpha, step: 2348, train_loss: -2.90942
TORCHFORT::WANDB: model: alpha, step: 2348, train_lr: 0.0001
TORCHFORT::WANDB: model: critic_0, step: 2349, train_loss: 0.156176
TORCHFORT::WANDB: model: critic_0, step: 2349, train_lr: 0.000507088
TORCHFORT::WANDB: model: actor, step: 2349, train_loss: -0.202335
TORCHFORT::WANDB: model: actor, step: 2349, train_lr: 0.000507088
TORCHFORT::WANDB: model: alpha, step: 2349, train_loss: -2.94378
TORCHFORT::WANDB: model: alpha, step: 2349, train_lr: 0.0001
TORCHFORT::WANDB: model: critic_0, step: 2350, train_loss: 0.161371
TORCHFORT::WANDB: model: critic_0, step: 2350, train_lr: 0.00050737
TORCHFORT::WANDB: model: actor, step: 2350, train_loss: -0.192374
TORCHFORT::WANDB: model: actor, step: 2350, train_lr: 0.00050737
TORCHFORT::WANDB: model: alpha, step: 2350, train_loss: -2.89362
TORCHFORT::WANDB: model: alpha, step: 2350, train_lr: 0.0001
TORCHFORT::WANDB: model: critic_0, step: 2351, train_loss: 0.250427
TORCHFORT::WANDB: model: critic_0, step: 2351, train_lr: 0.000507651
TORCHFORT::WANDB: model: actor, step: 2351, train_loss: -0.165606
TORCHFORT::WANDB: model: actor, step: 2351, train_lr: 0.000507651
TORCHFORT::WANDB: model: alpha, step: 2351, train_loss: -2.73158
TORCHFORT::WANDB: model: alpha, step: 2351, train_lr: 0.0001
TORCHFORT::WANDB: model: critic_0, step: 2352, train_loss: 0.130985
TORCHFORT::WANDB: model: critic_0, step: 2352, train_lr: 0.000507933
TORCHFORT::WANDB: model: actor, step: 2352, train_loss: -0.182349
TORCHFORT::WANDB: model: actor, step: 2352, train_lr: 0.000507933
TORCHFORT::WANDB: model: alpha, step: 2352, train_loss: -2.84146
TORCHFORT::WANDB: model: alpha, step: 2352, train_lr: 0.0001
TORCHFORT::WANDB: model: critic_0, step: 2353, train_loss: 0.313434
TORCHFORT::WANDB: model: critic_0, step: 2353, train_lr: 0.000508214
TORCHFORT::WANDB: model: actor, step: 2353, train_loss: -0.184855
TORCHFORT::WANDB: model: actor, step: 2353, train_lr: 0.000508214
TORCHFORT::WANDB: model: alpha, step: 2353, train_loss: -2.97099
TORCHFORT::WANDB: model: alpha, step: 2353, train_lr: 0.0001
TORCHFORT::WANDB: model: critic_0, step: 2354, train_loss: 0.200269
TORCHFORT::WANDB: model: critic_0, step: 2354, train_lr: 0.000508496
TORCHFORT::WANDB: model: actor, step: 2354, train_loss: -0.180966
TORCHFORT::WANDB: model: actor, step: 2354, train_lr: 0.000508496
TORCHFORT::WANDB: model: alpha, step: 2354, train_loss: -2.85505
TORCHFORT::WANDB: model: alpha, step: 2354, train_lr: 0.0001
TORCHFORT::WANDB: model: critic_0, step: 2355, train_loss: 0.269858
TORCHFORT::WANDB: model: critic_0, step: 2355, train_lr: 0.000508777
TORCHFORT::WANDB: model: actor, step: 2355, train_loss: -0.211056
TORCHFORT::WANDB: model: actor, step: 2355, train_lr: 0.000508777
TORCHFORT::WANDB: model: alpha, step: 2355, train_loss: -2.92885
TORCHFORT::WANDB: model: alpha, step: 2355, train_lr: 0.0001
TORCHFORT::WANDB: model: critic_0, step: 2356, train_loss: 0.148183
TORCHFORT::WANDB: model: critic_0, step: 2356, train_lr: 0.000509059
TORCHFORT::WANDB: model: actor, step: 2356, train_loss: -0.194536
TORCHFORT::WANDB: model: actor, step: 2356, train_lr: 0.000509059
TORCHFORT::WANDB: model: alpha, step: 2356, train_loss: -2.88389
TORCHFORT::WANDB: model: alpha, step: 2356, train_lr: 0.0001
TORCHFORT::WANDB: model: critic_0, step: 2357, train_loss: 0.138041
TORCHFORT::WANDB: model: critic_0, step: 2357, train_lr: 0.00050934
TORCHFORT::WANDB: model: actor, step: 2357, train_loss: -0.217649
TORCHFORT::WANDB: model: actor, step: 2357, train_lr: 0.00050934
TORCHFORT::WANDB: model: alpha, step: 2357, train_loss: -2.88829
TORCHFORT::WANDB: model: alpha, step: 2357, train_lr: 0.0001
TORCHFORT::WANDB: model: critic_0, step: 2358, train_loss: 0.183742
TORCHFORT::WANDB: model: critic_0, step: 2358, train_lr: 0.000509622
TORCHFORT::WANDB: model: actor, step: 2358, train_loss: -0.208556
TORCHFORT::WANDB: model: actor, step: 2358, train_lr: 0.000509622
TORCHFORT::WANDB: model: alpha, step: 2358, train_loss: -2.81418
TORCHFORT::WANDB: model: alpha, step: 2358, train_lr: 0.0001
TORCHFORT::WANDB: model: critic_0, step: 2359, train_loss: 0.167527
TORCHFORT::WANDB: model: critic_0, step: 2359, train_lr: 0.000509904
TORCHFORT::WANDB: model: actor, step: 2359, train_loss: -0.208757
TORCHFORT::WANDB: model: actor, step: 2359, train_lr: 0.000509904
TORCHFORT::WANDB: model: alpha, step: 2359, train_loss: -3.01298
TORCHFORT::WANDB: model: alpha, step: 2359, train_lr: 0.0001
TORCHFORT::WANDB: model: critic_0, step: 2360, train_loss: 0.219047
TORCHFORT::WANDB: model: critic_0, step: 2360, train_lr: 0.000510185
TORCHFORT::WANDB: model: actor, step: 2360, train_loss: -0.192753
TORCHFORT::WANDB: model: actor, step: 2360, train_lr: 0.000510185
TORCHFORT::WANDB: model: alpha, step: 2360, train_loss: -2.92608
TORCHFORT::WANDB: model: alpha, step: 2360, train_lr: 0.0001
TORCHFORT::WANDB: model: critic_0, step: 2361, train_loss: 0.185918
TORCHFORT::WANDB: model: critic_0, step: 2361, train_lr: 0.000510467
TORCHFORT::WANDB: model: actor, step: 2361, train_loss: -0.195793
TORCHFORT::WANDB: model: actor, step: 2361, train_lr: 0.000510467
TORCHFORT::WANDB: model: alpha, step: 2361, train_loss: -2.99917
TORCHFORT::WANDB: model: alpha, step: 2361, train_lr: 0.0001
TORCHFORT::WANDB: model: critic_0, step: 2362, train_loss: 0.304561
TORCHFORT::WANDB: model: critic_0, step: 2362, train_lr: 0.000510749
TORCHFORT::WANDB: model: actor, step: 2362, train_loss: -0.217108
TORCHFORT::WANDB: model: actor, step: 2362, train_lr: 0.000510749
TORCHFORT::WANDB: model: alpha, step: 2362, train_loss: -2.90376
TORCHFORT::WANDB: model: alpha, step: 2362, train_lr: 0.0001
TORCHFORT::WANDB: model: critic_0, step: 2363, train_loss: 0.208194
TORCHFORT::WANDB: model: critic_0, step: 2363, train_lr: 0.00051103
TORCHFORT::WANDB: model: actor, step: 2363, train_loss: -0.213344
TORCHFORT::WANDB: model: actor, step: 2363, train_lr: 0.00051103
TORCHFORT::WANDB: model: alpha, step: 2363, train_loss: -2.89965
TORCHFORT::WANDB: model: alpha, step: 2363, train_lr: 0.0001
TORCHFORT::WANDB: model: critic_0, step: 2364, train_loss: 0.178504
TORCHFORT::WANDB: model: critic_0, step: 2364, train_lr: 0.000511312
TORCHFORT::WANDB: model: actor, step: 2364, train_loss: -0.221015
TORCHFORT::WANDB: model: actor, step: 2364, train_lr: 0.000511312
TORCHFORT::WANDB: model: alpha, step: 2364, train_loss: -3.12325
TORCHFORT::WANDB: model: alpha, step: 2364, train_lr: 0.0001
TORCHFORT::WANDB: model: critic_0, step: 2365, train_loss: 0.221998
TORCHFORT::WANDB: model: critic_0, step: 2365, train_lr: 0.000511594
TORCHFORT::WANDB: model: actor, step: 2365, train_loss: -0.211732
TORCHFORT::WANDB: model: actor, step: 2365, train_lr: 0.000511594
TORCHFORT::WANDB: model: alpha, step: 2365, train_loss: -2.79909
TORCHFORT::WANDB: model: alpha, step: 2365, train_lr: 0.0001
TORCHFORT::WANDB: model: critic_0, step: 2366, train_loss: 0.301763
TORCHFORT::WANDB: model: critic_0, step: 2366, train_lr: 0.000511875
TORCHFORT::WANDB: model: actor, step: 2366, train_loss: -0.227209
TORCHFORT::WANDB: model: actor, step: 2366, train_lr: 0.000511875
TORCHFORT::WANDB: model: alpha, step: 2366, train_loss: -2.86521
TORCHFORT::WANDB: model: alpha, step: 2366, train_lr: 0.0001
TORCHFORT::WANDB: model: critic_0, step: 2367, train_loss: 0.230131
TORCHFORT::WANDB: model: critic_0, step: 2367, train_lr: 0.000512157
TORCHFORT::WANDB: model: actor, step: 2367, train_loss: -0.226317
TORCHFORT::WANDB: model: actor, step: 2367, train_lr: 0.000512157
TORCHFORT::WANDB: model: alpha, step: 2367, train_loss: -2.76848
TORCHFORT::WANDB: model: alpha, step: 2367, train_lr: 0.0001
TORCHFORT::WANDB: model: critic_0, step: 2368, train_loss: 0.102893
TORCHFORT::WANDB: model: critic_0, step: 2368, train_lr: 0.000512439
TORCHFORT::WANDB: model: actor, step: 2368, train_loss: -0.197079
TORCHFORT::WANDB: model: actor, step: 2368, train_lr: 0.000512439
TORCHFORT::WANDB: model: alpha, step: 2368, train_loss: -2.83937
TORCHFORT::WANDB: model: alpha, step: 2368, train_lr: 0.0001
TORCHFORT::WANDB: model: critic_0, step: 2369, train_loss: 0.189447
TORCHFORT::WANDB: model: critic_0, step: 2369, train_lr: 0.000512721
TORCHFORT::WANDB: model: actor, step: 2369, train_loss: -0.196609
TORCHFORT::WANDB: model: actor, step: 2369, train_lr: 0.000512721
TORCHFORT::WANDB: model: alpha, step: 2369, train_loss: -2.97031
TORCHFORT::WANDB: model: alpha, step: 2369, train_lr: 0.0001
TORCHFORT::WANDB: model: critic_0, step: 2370, train_loss: 0.276977
TORCHFORT::WANDB: model: critic_0, step: 2370, train_lr: 0.000513002
TORCHFORT::WANDB: model: actor, step: 2370, train_loss: -0.207676
TORCHFORT::WANDB: model: actor, step: 2370, train_lr: 0.000513002
TORCHFORT::WANDB: model: alpha, step: 2370, train_loss: -2.73905
TORCHFORT::WANDB: model: alpha, step: 2370, train_lr: 0.0001
TORCHFORT::WANDB: model: critic_0, step: 2371, train_loss: 0.186075
TORCHFORT::WANDB: model: critic_0, step: 2371, train_lr: 0.000513284
TORCHFORT::WANDB: model: actor, step: 2371, train_loss: -0.211378
TORCHFORT::WANDB: model: actor, step: 2371, train_lr: 0.000513284
TORCHFORT::WANDB: model: alpha, step: 2371, train_loss: -2.82661
TORCHFORT::WANDB: model: alpha, step: 2371, train_lr: 0.0001
TORCHFORT::WANDB: model: critic_0, step: 2372, train_loss: 0.191401
TORCHFORT::WANDB: model: critic_0, step: 2372, train_lr: 0.000513566
TORCHFORT::WANDB: model: actor, step: 2372, train_loss: -0.200935
TORCHFORT::WANDB: model: actor, step: 2372, train_lr: 0.000513566
TORCHFORT::WANDB: model: alpha, step: 2372, train_loss: -2.77022
TORCHFORT::WANDB: model: alpha, step: 2372, train_lr: 0.0001
TORCHFORT::WANDB: model: critic_0, step: 2373, train_loss: 0.121301
TORCHFORT::WANDB: model: critic_0, step: 2373, train_lr: 0.000513848
TORCHFORT::WANDB: model: actor, step: 2373, train_loss: -0.227005
TORCHFORT::WANDB: model: actor, step: 2373, train_lr: 0.000513848
TORCHFORT::WANDB: model: alpha, step: 2373, train_loss: -2.99037
TORCHFORT::WANDB: model: alpha, step: 2373, train_lr: 0.0001
TORCHFORT::WANDB: model: critic_0, step: 2374, train_loss: 0.213056
TORCHFORT::WANDB: model: critic_0, step: 2374, train_lr: 0.00051413
TORCHFORT::WANDB: model: actor, step: 2374, train_loss: -0.23113
TORCHFORT::WANDB: model: actor, step: 2374, train_lr: 0.00051413
TORCHFORT::WANDB: model: alpha, step: 2374, train_loss: -2.9716
TORCHFORT::WANDB: model: alpha, step: 2374, train_lr: 0.0001
TORCHFORT::WANDB: model: critic_0, step: 2375, train_loss: 0.221173
TORCHFORT::WANDB: model: critic_0, step: 2375, train_lr: 0.000514412
TORCHFORT::WANDB: model: actor, step: 2375, train_loss: -0.241374
TORCHFORT::WANDB: model: actor, step: 2375, train_lr: 0.000514412
TORCHFORT::WANDB: model: alpha, step: 2375, train_loss: -2.96073
TORCHFORT::WANDB: model: alpha, step: 2375, train_lr: 0.0001
TORCHFORT::WANDB: model: critic_0, step: 2376, train_loss: 0.147258
TORCHFORT::WANDB: model: critic_0, step: 2376, train_lr: 0.000514693
TORCHFORT::WANDB: model: actor, step: 2376, train_loss: -0.229362
TORCHFORT::WANDB: model: actor, step: 2376, train_lr: 0.000514693
TORCHFORT::WANDB: model: alpha, step: 2376, train_loss: -2.96269
TORCHFORT::WANDB: model: alpha, step: 2376, train_lr: 0.0001
TORCHFORT::WANDB: model: critic_0, step: 2377, train_loss: 0.259555
TORCHFORT::WANDB: model: critic_0, step: 2377, train_lr: 0.000514975
TORCHFORT::WANDB: model: actor, step: 2377, train_loss: -0.219738
TORCHFORT::WANDB: model: actor, step: 2377, train_lr: 0.000514975
TORCHFORT::WANDB: model: alpha, step: 2377, train_loss: -2.84398
TORCHFORT::WANDB: model: alpha, step: 2377, train_lr: 0.0001
TORCHFORT::WANDB: model: critic_0, step: 2378, train_loss: 0.176149
TORCHFORT::WANDB: model: critic_0, step: 2378, train_lr: 0.000515257
TORCHFORT::WANDB: model: actor, step: 2378, train_loss: -0.213879
TORCHFORT::WANDB: model: actor, step: 2378, train_lr: 0.000515257
TORCHFORT::WANDB: model: alpha, step: 2378, train_loss: -2.87857
TORCHFORT::WANDB: model: alpha, step: 2378, train_lr: 0.0001
TORCHFORT::WANDB: model: critic_0, step: 2379, train_loss: 0.149366
TORCHFORT::WANDB: model: critic_0, step: 2379, train_lr: 0.000515539
TORCHFORT::WANDB: model: actor, step: 2379, train_loss: -0.241198
TORCHFORT::WANDB: model: actor, step: 2379, train_lr: 0.000515539
TORCHFORT::WANDB: model: alpha, step: 2379, train_loss: -3.07537
TORCHFORT::WANDB: model: alpha, step: 2379, train_lr: 0.0001
TORCHFORT::WANDB: model: critic_0, step: 2380, train_loss: 0.244038
TORCHFORT::WANDB: model: critic_0, step: 2380, train_lr: 0.000515821
TORCHFORT::WANDB: model: actor, step: 2380, train_loss: -0.214777
TORCHFORT::WANDB: model: actor, step: 2380, train_lr: 0.000515821
TORCHFORT::WANDB: model: alpha, step: 2380, train_loss: -2.88663
TORCHFORT::WANDB: model: alpha, step: 2380, train_lr: 0.0001
TORCHFORT::WANDB: model: critic_0, step: 2381, train_loss: 0.159098
TORCHFORT::WANDB: model: critic_0, step: 2381, train_lr: 0.000516103
TORCHFORT::WANDB: model: actor, step: 2381, train_loss: -0.187835
TORCHFORT::WANDB: model: actor, step: 2381, train_lr: 0.000516103
TORCHFORT::WANDB: model: alpha, step: 2381, train_loss: -2.97334
TORCHFORT::WANDB: model: alpha, step: 2381, train_lr: 0.0001
TORCHFORT::WANDB: model: critic_0, step: 2382, train_loss: 0.132338
TORCHFORT::WANDB: model: critic_0, step: 2382, train_lr: 0.000516385
TORCHFORT::WANDB: model: actor, step: 2382, train_loss: -0.177034
TORCHFORT::WANDB: model: actor, step: 2382, train_lr: 0.000516385
TORCHFORT::WANDB: model: alpha, step: 2382, train_loss: -2.90771
TORCHFORT::WANDB: model: alpha, step: 2382, train_lr: 0.0001
TORCHFORT::WANDB: model: critic_0, step: 2383, train_loss: 0.151003
TORCHFORT::WANDB: model: critic_0, step: 2383, train_lr: 0.000516667
TORCHFORT::WANDB: model: actor, step: 2383, train_loss: -0.175711
TORCHFORT::WANDB: model: actor, step: 2383, train_lr: 0.000516667
TORCHFORT::WANDB: model: alpha, step: 2383, train_loss: -2.93237
TORCHFORT::WANDB: model: alpha, step: 2383, train_lr: 0.0001
TORCHFORT::WANDB: model: critic_0, step: 2384, train_loss: 0.135729
TORCHFORT::WANDB: model: critic_0, step: 2384, train_lr: 0.000516949
TORCHFORT::WANDB: model: actor, step: 2384, train_loss: -0.181162
TORCHFORT::WANDB: model: actor, step: 2384, train_lr: 0.000516949
TORCHFORT::WANDB: model: alpha, step: 2384, train_loss: -2.89566
TORCHFORT::WANDB: model: alpha, step: 2384, train_lr: 0.0001
TORCHFORT::WANDB: model: critic_0, step: 2385, train_loss: 0.225817
TORCHFORT::WANDB: model: critic_0, step: 2385, train_lr: 0.000517231
TORCHFORT::WANDB: model: actor, step: 2385, train_loss: -0.167873
TORCHFORT::WANDB: model: actor, step: 2385, train_lr: 0.000517231
TORCHFORT::WANDB: model: alpha, step: 2385, train_loss: -3.00661
TORCHFORT::WANDB: model: alpha, step: 2385, train_lr: 0.0001
TORCHFORT::WANDB: model: critic_0, step: 2386, train_loss: 0.121236
TORCHFORT::WANDB: model: critic_0, step: 2386, train_lr: 0.000517513
TORCHFORT::WANDB: model: actor, step: 2386, train_loss: -0.16618
TORCHFORT::WANDB: model: actor, step: 2386, train_lr: 0.000517513
TORCHFORT::WANDB: model: alpha, step: 2386, train_loss: -2.98377
TORCHFORT::WANDB: model: alpha, step: 2386, train_lr: 0.0001
TORCHFORT::WANDB: model: critic_0, step: 2387, train_loss: 0.160971
TORCHFORT::WANDB: model: critic_0, step: 2387, train_lr: 0.000517795
TORCHFORT::WANDB: model: actor, step: 2387, train_loss: -0.159321
TORCHFORT::WANDB: model: actor, step: 2387, train_lr: 0.000517795
TORCHFORT::WANDB: model: alpha, step: 2387, train_loss: -2.95029
TORCHFORT::WANDB: model: alpha, step: 2387, train_lr: 0.0001
TORCHFORT::WANDB: model: critic_0, step: 2388, train_loss: 0.55488
TORCHFORT::WANDB: model: critic_0, step: 2388, train_lr: 0.000518077
TORCHFORT::WANDB: model: actor, step: 2388, train_loss: -0.224987
TORCHFORT::WANDB: model: actor, step: 2388, train_lr: 0.000518077
TORCHFORT::WANDB: model: alpha, step: 2388, train_loss: -2.52481
TORCHFORT::WANDB: model: alpha, step: 2388, train_lr: 0.0001
TORCHFORT::WANDB: model: critic_0, step: 2389, train_loss: 0.197032
TORCHFORT::WANDB: model: critic_0, step: 2389, train_lr: 0.000518359
TORCHFORT::WANDB: model: actor, step: 2389, train_loss: -0.26071
TORCHFORT::WANDB: model: actor, step: 2389, train_lr: 0.000518359
TORCHFORT::WANDB: model: alpha, step: 2389, train_loss: -2.86303
TORCHFORT::WANDB: model: alpha, step: 2389, train_lr: 0.0001
TORCHFORT::WANDB: model: critic_0, step: 2390, train_loss: 0.130622
TORCHFORT::WANDB: model: critic_0, step: 2390, train_lr: 0.000518641
TORCHFORT::WANDB: model: actor, step: 2390, train_loss: -0.31149
TORCHFORT::WANDB: model: actor, step: 2390, train_lr: 0.000518641
TORCHFORT::WANDB: model: alpha, step: 2390, train_loss: -2.98168
TORCHFORT::WANDB: model: alpha, step: 2390, train_lr: 0.0001
TORCHFORT::WANDB: model: critic_0, step: 2391, train_loss: 0.222464
TORCHFORT::WANDB: model: critic_0, step: 2391, train_lr: 0.000518923
TORCHFORT::WANDB: model: actor, step: 2391, train_loss: -0.306584
TORCHFORT::WANDB: model: actor, step: 2391, train_lr: 0.000518923
TORCHFORT::WANDB: model: alpha, step: 2391, train_loss: -3.04669
TORCHFORT::WANDB: model: alpha, step: 2391, train_lr: 0.0001
TORCHFORT::WANDB: model: critic_0, step: 2392, train_loss: 0.294267
TORCHFORT::WANDB: model: critic_0, step: 2392, train_lr: 0.000519205
TORCHFORT::WANDB: model: actor, step: 2392, train_loss: -0.35054
TORCHFORT::WANDB: model: actor, step: 2392, train_lr: 0.000519205
TORCHFORT::WANDB: model: alpha, step: 2392, train_loss: -2.92907
TORCHFORT::WANDB: model: alpha, step: 2392, train_lr: 0.0001
TORCHFORT::WANDB: model: critic_0, step: 2393, train_loss: 0.232102
TORCHFORT::WANDB: model: critic_0, step: 2393, train_lr: 0.000519487
TORCHFORT::WANDB: model: actor, step: 2393, train_loss: -0.287053
TORCHFORT::WANDB: model: actor, step: 2393, train_lr: 0.000519487
TORCHFORT::WANDB: model: alpha, step: 2393, train_loss: -2.88605
TORCHFORT::WANDB: model: alpha, step: 2393, train_lr: 0.0001
TORCHFORT::WANDB: model: critic_0, step: 2394, train_loss: 0.24813
TORCHFORT::WANDB: model: critic_0, step: 2394, train_lr: 0.000519769
TORCHFORT::WANDB: model: actor, step: 2394, train_loss: -0.272124
TORCHFORT::WANDB: model: actor, step: 2394, train_lr: 0.000519769
TORCHFORT::WANDB: model: alpha, step: 2394, train_loss: -2.92027
TORCHFORT::WANDB: model: alpha, step: 2394, train_lr: 0.0001
TORCHFORT::WANDB: model: critic_0, step: 2395, train_loss: 0.387249
TORCHFORT::WANDB: model: critic_0, step: 2395, train_lr: 0.000520051
TORCHFORT::WANDB: model: actor, step: 2395, train_loss: -0.265767
TORCHFORT::WANDB: model: actor, step: 2395, train_lr: 0.000520051
TORCHFORT::WANDB: model: alpha, step: 2395, train_loss: -2.97426
TORCHFORT::WANDB: model: alpha, step: 2395, train_lr: 0.0001
TORCHFORT::WANDB: model: critic_0, step: 2396, train_loss: 0.190414
TORCHFORT::WANDB: model: critic_0, step: 2396, train_lr: 0.000520333
TORCHFORT::WANDB: model: actor, step: 2396, train_loss: -0.189865
TORCHFORT::WANDB: model: actor, step: 2396, train_lr: 0.000520333
TORCHFORT::WANDB: model: alpha, step: 2396, train_loss: -3.01076
TORCHFORT::WANDB: model: alpha, step: 2396, train_lr: 0.0001
TORCHFORT::WANDB: model: critic_0, step: 2397, train_loss: 0.266672
TORCHFORT::WANDB: model: critic_0, step: 2397, train_lr: 0.000520616
TORCHFORT::WANDB: model: actor, step: 2397, train_loss: -0.170119
TORCHFORT::WANDB: model: actor, step: 2397, train_lr: 0.000520616
TORCHFORT::WANDB: model: alpha, step: 2397, train_loss: -2.93337
TORCHFORT::WANDB: model: alpha, step: 2397, train_lr: 0.0001
TORCHFORT::WANDB: model: critic_0, step: 2398, train_loss: 0.241924
TORCHFORT::WANDB: model: critic_0, step: 2398, train_lr: 0.000520898
TORCHFORT::WANDB: model: actor, step: 2398, train_loss: -0.124394
TORCHFORT::WANDB: model: actor, step: 2398, train_lr: 0.000520898
TORCHFORT::WANDB: model: alpha, step: 2398, train_loss: -3.05714
TORCHFORT::WANDB: model: alpha, step: 2398, train_lr: 0.0001
TORCHFORT::WANDB: model: critic_0, step: 2399, train_loss: 0.199452
TORCHFORT::WANDB: model: critic_0, step: 2399, train_lr: 0.00052118
TORCHFORT::WANDB: model: actor, step: 2399, train_loss: -0.136837
TORCHFORT::WANDB: model: actor, step: 2399, train_lr: 0.00052118
TORCHFORT::WANDB: model: alpha, step: 2399, train_loss: -3.02528
TORCHFORT::WANDB: model: alpha, step: 2399, train_lr: 0.0001
TORCHFORT::WANDB: model: critic_0, step: 2400, train_loss: 0.159477
TORCHFORT::WANDB: model: critic_0, step: 2400, train_lr: 0.000521462
TORCHFORT::WANDB: model: actor, step: 2400, train_loss: -0.102143
TORCHFORT::WANDB: model: actor, step: 2400, train_lr: 0.000521462
TORCHFORT::WANDB: model: alpha, step: 2400, train_loss: -2.95402
TORCHFORT::WANDB: model: alpha, step: 2400, train_lr: 0.0001
TORCHFORT::WANDB: model: rlwm, step: 24, reward_sum: 4056.31
TORCHFORT::WANDB: model: rlwm, step: 24, policy_loss: -0.102143
TORCHFORT::WANDB: model: rlwm, step: 24, critic_loss: 0.159477
